ISO-10303-21;
HEADER;
/* Generated by software containing ST-Developer
 * from STEP Tools, Inc. (www.steptools.com) 
 */

FILE_DESCRIPTION(
/* description */ (''),
/* implementation_level */ '2;1');

FILE_NAME(
/* name */ 'JeNo 5_SplitDeck-BottomPlate.step',
/* time_stamp */ '2026-10-08T00:04:23-04:00',
/* author */ (''),
/* organization */ (''),
/* preprocessor_version */ 'ST-DEVELOPER v20.2',
/* originating_system */ 'Autodesk Translation Framework v15.15.0.0',
/* authorisation */ '');

FILE_SCHEMA (('AUTOMOTIVE_DESIGN { 1 0 10303 214 3 1 1 }'));
ENDSEC;

DATA;
#10=MECHANICAL_DESIGN_GEOMETRIC_PRESENTATION_REPRESENTATION('',(#13),#7758);
#11=SHAPE_REPRESENTATION_RELATIONSHIP('SRR','None',#7764,#12);
#12=ADVANCED_BREP_SHAPE_REPRESENTATION('',(#14),#7757);
#13=STYLED_ITEM('',(#7777),#14);
#14=MANIFOLD_SOLID_BREP('Body51',#4514);
#15=FACE_BOUND('',#1601,.T.);
#16=FACE_BOUND('',#1602,.T.);
#17=FACE_BOUND('',#1603,.T.);
#18=FACE_BOUND('',#1604,.T.);
#19=FACE_BOUND('',#1605,.T.);
#20=FACE_BOUND('',#1606,.T.);
#21=FACE_BOUND('',#1607,.T.);
#22=FACE_BOUND('',#1608,.T.);
#23=FACE_BOUND('',#1609,.T.);
#24=FACE_BOUND('',#1610,.T.);
#25=FACE_BOUND('',#1611,.T.);
#26=FACE_BOUND('',#1612,.T.);
#27=FACE_BOUND('',#1613,.T.);
#28=FACE_BOUND('',#1614,.T.);
#29=FACE_BOUND('',#1615,.T.);
#30=FACE_BOUND('',#1616,.T.);
#31=FACE_BOUND('',#1617,.T.);
#32=FACE_BOUND('',#1618,.T.);
#33=FACE_BOUND('',#1619,.T.);
#34=FACE_BOUND('',#1620,.T.);
#35=FACE_BOUND('',#1635,.T.);
#36=FACE_BOUND('',#1636,.T.);
#37=FACE_BOUND('',#1637,.T.);
#38=FACE_BOUND('',#1638,.T.);
#39=FACE_BOUND('',#1639,.T.);
#40=FACE_BOUND('',#1640,.T.);
#41=FACE_BOUND('',#1641,.T.);
#42=FACE_BOUND('',#1642,.T.);
#43=FACE_BOUND('',#1643,.T.);
#44=FACE_BOUND('',#1644,.T.);
#45=FACE_BOUND('',#1645,.T.);
#46=FACE_BOUND('',#1646,.T.);
#47=FACE_BOUND('',#1647,.T.);
#48=FACE_BOUND('',#1648,.T.);
#49=FACE_BOUND('',#1649,.T.);
#50=FACE_BOUND('',#1650,.T.);
#51=FACE_BOUND('',#1651,.T.);
#52=FACE_BOUND('',#1652,.T.);
#53=FACE_BOUND('',#1653,.T.);
#54=FACE_BOUND('',#1654,.T.);
#55=CONICAL_SURFACE('',#4520,5.49999999999976,0.785398163397449);
#56=CONICAL_SURFACE('',#4621,5.49999999999977,0.785398163397447);
#57=CONICAL_SURFACE('',#4623,55.4419639866634,0.78339415806414);
#58=CONICAL_SURFACE('',#4627,10.4999999999999,0.785398163397448);
#59=CONICAL_SURFACE('',#4630,10.5,0.78539816339745);
#60=CONICAL_SURFACE('',#4721,1.49999999999411,0.785398163397451);
#61=CONICAL_SURFACE('',#4724,1.49999999999411,0.785398163397452);
#62=CONICAL_SURFACE('',#4738,2.49999999999985,0.785398163397449);
#63=CONICAL_SURFACE('',#4741,1.49999999999986,0.785398163397448);
#64=CONICAL_SURFACE('',#4744,1.4999999999998,0.785398163397448);
#65=CONICAL_SURFACE('',#4747,2.49999999999999,0.785398163397449);
#66=CONICAL_SURFACE('',#4750,2.50000000000001,0.785398163397449);
#67=CONICAL_SURFACE('',#4753,5.50000000000218,0.785398163397447);
#68=CONICAL_SURFACE('',#4756,4.50000000000086,0.785398163397448);
#69=CONICAL_SURFACE('',#4759,4.49999999999961,0.785398163397448);
#70=CONICAL_SURFACE('',#4762,5.50000000000121,0.785398163397449);
#71=CONICAL_SURFACE('',#4765,5.49999999999947,0.785398163397448);
#72=CONICAL_SURFACE('',#4768,4.49999999999982,0.785398163397449);
#73=CONICAL_SURFACE('',#4771,4.4999999999973,0.785398163397449);
#74=CONICAL_SURFACE('',#4775,4.4999999999973,0.785398163397449);
#75=CONICAL_SURFACE('',#4778,4.49999999999983,0.785398163397444);
#76=CONICAL_SURFACE('',#4781,5.49999999999948,0.78539816339745);
#77=CONICAL_SURFACE('',#4784,5.50000000000121,0.785398163397445);
#78=CONICAL_SURFACE('',#4787,4.49999999999961,0.78539816339745);
#79=CONICAL_SURFACE('',#4790,4.50000000000086,0.785398163397448);
#80=CONICAL_SURFACE('',#4793,5.50000000000219,0.785398163397451);
#81=CONICAL_SURFACE('',#4796,2.49999999999999,0.785398163397449);
#82=CONICAL_SURFACE('',#4799,2.49999999999998,0.785398163397445);
#83=CONICAL_SURFACE('',#4802,1.4999999999998,0.785398163397448);
#84=CONICAL_SURFACE('',#4805,1.49999999999986,0.785398163397447);
#85=CONICAL_SURFACE('',#4808,2.49999999999985,0.785398163397448);
#86=CONICAL_SURFACE('',#4811,0.999999999999996,0.785398163397447);
#87=CONICAL_SURFACE('',#4815,0.999999999999996,0.785398163397447);
#88=CIRCLE('',#4519,3.05);
#89=CIRCLE('',#4521,4.99999999999975);
#90=CIRCLE('',#4522,5.99999999999976);
#91=CIRCLE('',#4525,3.05);
#92=CIRCLE('',#4527,9.99999999999986);
#93=CIRCLE('',#4528,54.9439639866634);
#94=CIRCLE('',#4529,9.99999999999999);
#95=CIRCLE('',#4530,4.99999999999977);
#96=CIRCLE('',#4531,4.9999999999973);
#97=CIRCLE('',#4532,4.99999999999982);
#98=CIRCLE('',#4533,4.99999999999947);
#99=CIRCLE('',#4534,5.00000000000121);
#100=CIRCLE('',#4535,4.99999999999961);
#101=CIRCLE('',#4536,5.00000000000086);
#102=CIRCLE('',#4537,5.00000000000218);
#103=CIRCLE('',#4538,2.00000000000001);
#104=CIRCLE('',#4539,1.99999999999999);
#105=CIRCLE('',#4540,1.9999999999998);
#106=CIRCLE('',#4541,1.99999999999986);
#107=CIRCLE('',#4542,1.99999999999985);
#108=CIRCLE('',#4543,0.999999999999999);
#109=CIRCLE('',#4544,0.799999995530987);
#110=CIRCLE('',#4545,0.800000000001422);
#111=CIRCLE('',#4546,1.99999999999411);
#112=CIRCLE('',#4547,1.99999999999411);
#113=CIRCLE('',#4548,0.800000000001422);
#114=CIRCLE('',#4549,0.799999995530987);
#115=CIRCLE('',#4550,0.999999999999999);
#116=CIRCLE('',#4551,1.99999999999985);
#117=CIRCLE('',#4552,1.99999999999986);
#118=CIRCLE('',#4553,1.9999999999998);
#119=CIRCLE('',#4554,1.99999999999999);
#120=CIRCLE('',#4555,1.99999999999999);
#121=CIRCLE('',#4556,5.00000000000218);
#122=CIRCLE('',#4557,5.00000000000086);
#123=CIRCLE('',#4558,4.99999999999961);
#124=CIRCLE('',#4559,5.00000000000121);
#125=CIRCLE('',#4560,4.99999999999948);
#126=CIRCLE('',#4561,4.99999999999982);
#127=CIRCLE('',#4562,4.9999999999973);
#128=CIRCLE('',#4563,4.99999999999976);
#129=CIRCLE('',#4564,0.799999999999272);
#130=CIRCLE('',#4565,0.799999999999274);
#131=CIRCLE('',#4566,0.999999999999578);
#132=CIRCLE('',#4567,1.);
#133=CIRCLE('',#4568,0.800000000002124);
#134=CIRCLE('',#4569,0.800000000000993);
#135=CIRCLE('',#4570,0.799999999999275);
#136=CIRCLE('',#4571,0.800000000001766);
#137=CIRCLE('',#4572,0.799999999999275);
#138=CIRCLE('',#4573,0.800000000000002);
#139=CIRCLE('',#4574,0.999999999999997);
#140=CIRCLE('',#4575,1.);
#141=CIRCLE('',#4576,0.800000000001244);
#142=CIRCLE('',#4577,0.799999999999998);
#143=CIRCLE('',#4578,0.999999999999283);
#144=CIRCLE('',#4579,1.00000000000017);
#145=CIRCLE('',#4580,0.999999999999998);
#146=CIRCLE('',#4581,0.999999999999619);
#147=CIRCLE('',#4582,1.00000000000001);
#148=CIRCLE('',#4583,0.999999999999611);
#149=CIRCLE('',#4584,1.);
#150=CIRCLE('',#4585,1.);
#151=CIRCLE('',#4586,0.999999999999484);
#152=CIRCLE('',#4587,0.999999999999631);
#153=CIRCLE('',#4588,0.99999999999919);
#154=CIRCLE('',#4589,0.799999999999628);
#155=CIRCLE('',#4590,0.799999999999628);
#156=CIRCLE('',#4591,0.799999999999619);
#157=CIRCLE('',#4592,0.799999999999611);
#158=CIRCLE('',#4593,0.799999999999619);
#159=CIRCLE('',#4594,0.79999999999962);
#160=CIRCLE('',#4595,0.79999999999961);
#161=CIRCLE('',#4596,0.79999999999961);
#162=CIRCLE('',#4597,0.799999999999628);
#163=CIRCLE('',#4598,0.799999999999628);
#164=CIRCLE('',#4599,0.799999999999611);
#165=CIRCLE('',#4600,0.799999999999619);
#166=CIRCLE('',#4601,0.79999999999962);
#167=CIRCLE('',#4602,0.799999999999619);
#168=CIRCLE('',#4603,0.79999999999961);
#169=CIRCLE('',#4604,0.79999999999961);
#170=CIRCLE('',#4605,1.5);
#171=CIRCLE('',#4606,1.5);
#172=CIRCLE('',#4607,1.5);
#173=CIRCLE('',#4608,1.5);
#174=CIRCLE('',#4609,1.5);
#175=CIRCLE('',#4610,1.5);
#176=CIRCLE('',#4611,2.15);
#177=CIRCLE('',#4612,2.15);
#178=CIRCLE('',#4613,1.5);
#179=CIRCLE('',#4614,2.15);
#180=CIRCLE('',#4615,2.15);
#181=CIRCLE('',#4616,1.5);
#182=CIRCLE('',#4620,4.99999999999977);
#183=CIRCLE('',#4622,5.99999999999977);
#184=CIRCLE('',#4624,55.9399639866634);
#185=CIRCLE('',#4625,54.9439639866634);
#186=CIRCLE('',#4628,9.99999999999986);
#187=CIRCLE('',#4629,10.9999999999999);
#188=CIRCLE('',#4631,11.);
#189=CIRCLE('',#4632,9.99999999999999);
#190=CIRCLE('',#4637,3.9999999999973);
#191=CIRCLE('',#4638,3.99999999999983);
#192=CIRCLE('',#4639,5.99999999999948);
#193=CIRCLE('',#4640,6.0000000000012);
#194=CIRCLE('',#4641,3.99999999999961);
#195=CIRCLE('',#4642,4.00000000000086);
#196=CIRCLE('',#4643,6.00000000000219);
#197=CIRCLE('',#4644,2.99999999999999);
#198=CIRCLE('',#4645,2.99999999999998);
#199=CIRCLE('',#4646,0.999999999999805);
#200=CIRCLE('',#4647,0.999999999999859);
#201=CIRCLE('',#4648,2.99999999999985);
#202=CIRCLE('',#4649,0.800000000001422);
#203=CIRCLE('',#4650,0.999999999994107);
#204=CIRCLE('',#4651,0.999999999994107);
#205=CIRCLE('',#4652,0.800000000001422);
#206=CIRCLE('',#4653,2.99999999999985);
#207=CIRCLE('',#4654,0.999999999999859);
#208=CIRCLE('',#4655,0.999999999999804);
#209=CIRCLE('',#4656,2.99999999999999);
#210=CIRCLE('',#4657,3.00000000000001);
#211=CIRCLE('',#4658,6.00000000000218);
#212=CIRCLE('',#4659,4.00000000000086);
#213=CIRCLE('',#4660,3.99999999999961);
#214=CIRCLE('',#4661,6.00000000000121);
#215=CIRCLE('',#4662,5.99999999999947);
#216=CIRCLE('',#4663,3.99999999999982);
#217=CIRCLE('',#4664,3.9999999999973);
#218=CIRCLE('',#4665,1.5);
#219=CIRCLE('',#4666,2.15);
#220=CIRCLE('',#4667,2.15);
#221=CIRCLE('',#4668,1.5);
#222=CIRCLE('',#4669,2.15);
#223=CIRCLE('',#4670,2.15);
#224=CIRCLE('',#4671,1.5);
#225=CIRCLE('',#4672,1.5);
#226=CIRCLE('',#4673,1.5);
#227=CIRCLE('',#4674,1.5);
#228=CIRCLE('',#4675,1.5);
#229=CIRCLE('',#4676,1.5);
#230=CIRCLE('',#4677,0.79999999999962);
#231=CIRCLE('',#4678,0.79999999999961);
#232=CIRCLE('',#4679,0.79999999999961);
#233=CIRCLE('',#4680,0.799999999999619);
#234=CIRCLE('',#4681,0.799999999999619);
#235=CIRCLE('',#4682,0.799999999999611);
#236=CIRCLE('',#4683,0.799999999999628);
#237=CIRCLE('',#4684,0.799999999999628);
#238=CIRCLE('',#4685,0.799999999999619);
#239=CIRCLE('',#4686,0.79999999999961);
#240=CIRCLE('',#4687,0.79999999999961);
#241=CIRCLE('',#4688,0.79999999999962);
#242=CIRCLE('',#4689,0.799999999999628);
#243=CIRCLE('',#4690,0.799999999999611);
#244=CIRCLE('',#4691,0.799999999999619);
#245=CIRCLE('',#4692,0.799999999999628);
#246=CIRCLE('',#4693,0.99999999999919);
#247=CIRCLE('',#4694,0.999999999999631);
#248=CIRCLE('',#4695,0.999999999999484);
#249=CIRCLE('',#4696,1.);
#250=CIRCLE('',#4697,1.);
#251=CIRCLE('',#4698,0.999999999999611);
#252=CIRCLE('',#4699,1.00000000000001);
#253=CIRCLE('',#4700,0.999999999999619);
#254=CIRCLE('',#4701,0.999999999999998);
#255=CIRCLE('',#4702,1.00000000000017);
#256=CIRCLE('',#4703,0.999999999999283);
#257=CIRCLE('',#4704,0.799999999999998);
#258=CIRCLE('',#4705,0.800000000001244);
#259=CIRCLE('',#4706,1.);
#260=CIRCLE('',#4707,0.999999999999997);
#261=CIRCLE('',#4708,0.800000000000002);
#262=CIRCLE('',#4709,0.799999999999275);
#263=CIRCLE('',#4710,0.800000000001766);
#264=CIRCLE('',#4711,0.799999999999272);
#265=CIRCLE('',#4712,0.799999999999275);
#266=CIRCLE('',#4713,0.800000000000993);
#267=CIRCLE('',#4714,0.800000000002124);
#268=CIRCLE('',#4715,1.);
#269=CIRCLE('',#4716,0.999999999999578);
#270=CIRCLE('',#4717,0.799999999999274);
#271=CIRCLE('',#4722,1.99999999999411);
#272=CIRCLE('',#4725,1.99999999999411);
#273=CIRCLE('',#4739,1.99999999999985);
#274=CIRCLE('',#4742,1.99999999999986);
#275=CIRCLE('',#4745,1.9999999999998);
#276=CIRCLE('',#4748,1.99999999999999);
#277=CIRCLE('',#4751,2.00000000000001);
#278=CIRCLE('',#4754,5.00000000000218);
#279=CIRCLE('',#4757,5.00000000000086);
#280=CIRCLE('',#4760,4.99999999999961);
#281=CIRCLE('',#4763,5.00000000000121);
#282=CIRCLE('',#4766,4.99999999999947);
#283=CIRCLE('',#4769,4.99999999999982);
#284=CIRCLE('',#4772,4.9999999999973);
#285=CIRCLE('',#4776,4.9999999999973);
#286=CIRCLE('',#4779,4.99999999999982);
#287=CIRCLE('',#4782,4.99999999999948);
#288=CIRCLE('',#4785,5.00000000000121);
#289=CIRCLE('',#4788,4.99999999999961);
#290=CIRCLE('',#4791,5.00000000000086);
#291=CIRCLE('',#4794,5.00000000000218);
#292=CIRCLE('',#4797,1.99999999999999);
#293=CIRCLE('',#4800,1.99999999999999);
#294=CIRCLE('',#4803,1.9999999999998);
#295=CIRCLE('',#4806,1.99999999999986);
#296=CIRCLE('',#4809,1.99999999999985);
#297=CIRCLE('',#4812,0.999999999999996);
#298=CIRCLE('',#4816,0.999999999999996);
#299=CYLINDRICAL_SURFACE('',#4518,3.05);
#300=CYLINDRICAL_SURFACE('',#4523,3.05);
#301=CYLINDRICAL_SURFACE('',#4619,4.99999999999977);
#302=CYLINDRICAL_SURFACE('',#4626,54.9439639866634);
#303=CYLINDRICAL_SURFACE('',#4633,9.99999999999986);
#304=CYLINDRICAL_SURFACE('',#4634,9.99999999999999);
#305=CYLINDRICAL_SURFACE('',#4718,4.99999999999976);
#306=CYLINDRICAL_SURFACE('',#4728,0.800000000001422);
#307=CYLINDRICAL_SURFACE('',#4731,1.99999999999411);
#308=CYLINDRICAL_SURFACE('',#4733,1.99999999999411);
#309=CYLINDRICAL_SURFACE('',#4817,0.799999995530987);
#310=CYLINDRICAL_SURFACE('',#4821,0.799999999999274);
#311=CYLINDRICAL_SURFACE('',#4823,0.999999999999578);
#312=CYLINDRICAL_SURFACE('',#4825,1.);
#313=CYLINDRICAL_SURFACE('',#4827,0.800000000002124);
#314=CYLINDRICAL_SURFACE('',#4829,0.800000000000993);
#315=CYLINDRICAL_SURFACE('',#4831,0.799999999999275);
#316=CYLINDRICAL_SURFACE('',#4833,0.799999999999272);
#317=CYLINDRICAL_SURFACE('',#4834,0.800000000001766);
#318=CYLINDRICAL_SURFACE('',#4836,0.799999999999275);
#319=CYLINDRICAL_SURFACE('',#4838,0.800000000000002);
#320=CYLINDRICAL_SURFACE('',#4840,0.999999999999997);
#321=CYLINDRICAL_SURFACE('',#4842,1.);
#322=CYLINDRICAL_SURFACE('',#4844,0.800000000001244);
#323=CYLINDRICAL_SURFACE('',#4846,0.799999999999998);
#324=CYLINDRICAL_SURFACE('',#4848,0.999999999999283);
#325=CYLINDRICAL_SURFACE('',#4850,1.00000000000017);
#326=CYLINDRICAL_SURFACE('',#4852,0.999999999999998);
#327=CYLINDRICAL_SURFACE('',#4854,0.999999999999619);
#328=CYLINDRICAL_SURFACE('',#4856,1.00000000000001);
#329=CYLINDRICAL_SURFACE('',#4858,0.999999999999611);
#330=CYLINDRICAL_SURFACE('',#4860,1.);
#331=CYLINDRICAL_SURFACE('',#4862,1.);
#332=CYLINDRICAL_SURFACE('',#4864,0.999999999999484);
#333=CYLINDRICAL_SURFACE('',#4866,0.999999999999631);
#334=CYLINDRICAL_SURFACE('',#4868,0.99999999999919);
#335=CYLINDRICAL_SURFACE('',#4871,0.799999999999628);
#336=CYLINDRICAL_SURFACE('',#4873,0.799999999999619);
#337=CYLINDRICAL_SURFACE('',#4875,0.799999999999611);
#338=CYLINDRICAL_SURFACE('',#4877,0.799999999999628);
#339=CYLINDRICAL_SURFACE('',#4879,0.79999999999962);
#340=CYLINDRICAL_SURFACE('',#4881,0.79999999999961);
#341=CYLINDRICAL_SURFACE('',#4883,0.79999999999961);
#342=CYLINDRICAL_SURFACE('',#4885,0.799999999999619);
#343=CYLINDRICAL_SURFACE('',#4886,0.799999999999628);
#344=CYLINDRICAL_SURFACE('',#4888,0.799999999999628);
#345=CYLINDRICAL_SURFACE('',#4890,0.799999999999611);
#346=CYLINDRICAL_SURFACE('',#4892,0.799999999999619);
#347=CYLINDRICAL_SURFACE('',#4895,0.799999999999619);
#348=CYLINDRICAL_SURFACE('',#4897,0.79999999999961);
#349=CYLINDRICAL_SURFACE('',#4899,0.79999999999961);
#350=CYLINDRICAL_SURFACE('',#4901,0.79999999999962);
#351=CYLINDRICAL_SURFACE('',#4902,1.5);
#352=CYLINDRICAL_SURFACE('',#4903,1.5);
#353=CYLINDRICAL_SURFACE('',#4904,1.5);
#354=CYLINDRICAL_SURFACE('',#4905,1.5);
#355=CYLINDRICAL_SURFACE('',#4906,1.5);
#356=CYLINDRICAL_SURFACE('',#4907,1.5);
#357=CYLINDRICAL_SURFACE('',#4908,2.15);
#358=CYLINDRICAL_SURFACE('',#4909,2.15);
#359=CYLINDRICAL_SURFACE('',#4910,1.5);
#360=CYLINDRICAL_SURFACE('',#4911,2.15);
#361=CYLINDRICAL_SURFACE('',#4912,2.15);
#362=CYLINDRICAL_SURFACE('',#4913,1.5);
#363=CYLINDRICAL_SURFACE('',#4915,4.9999999999973);
#364=CYLINDRICAL_SURFACE('',#4917,4.99999999999982);
#365=CYLINDRICAL_SURFACE('',#4919,4.99999999999947);
#366=CYLINDRICAL_SURFACE('',#4921,5.00000000000121);
#367=CYLINDRICAL_SURFACE('',#4923,4.99999999999961);
#368=CYLINDRICAL_SURFACE('',#4925,5.00000000000086);
#369=CYLINDRICAL_SURFACE('',#4927,5.00000000000218);
#370=CYLINDRICAL_SURFACE('',#4929,2.00000000000001);
#371=CYLINDRICAL_SURFACE('',#4931,1.99999999999999);
#372=CYLINDRICAL_SURFACE('',#4933,1.9999999999998);
#373=CYLINDRICAL_SURFACE('',#4935,1.99999999999986);
#374=CYLINDRICAL_SURFACE('',#4937,1.99999999999985);
#375=CYLINDRICAL_SURFACE('',#4939,0.999999999999999);
#376=CYLINDRICAL_SURFACE('',#4942,0.800000000001422);
#377=CYLINDRICAL_SURFACE('',#4943,0.799999995530987);
#378=CYLINDRICAL_SURFACE('',#4945,0.999999999999999);
#379=CYLINDRICAL_SURFACE('',#4947,1.99999999999985);
#380=CYLINDRICAL_SURFACE('',#4949,1.99999999999986);
#381=CYLINDRICAL_SURFACE('',#4951,1.9999999999998);
#382=CYLINDRICAL_SURFACE('',#4953,1.99999999999999);
#383=CYLINDRICAL_SURFACE('',#4955,1.99999999999999);
#384=CYLINDRICAL_SURFACE('',#4957,5.00000000000218);
#385=CYLINDRICAL_SURFACE('',#4959,5.00000000000086);
#386=CYLINDRICAL_SURFACE('',#4961,4.99999999999961);
#387=CYLINDRICAL_SURFACE('',#4963,5.00000000000121);
#388=CYLINDRICAL_SURFACE('',#4965,4.99999999999948);
#389=CYLINDRICAL_SURFACE('',#4967,4.99999999999982);
#390=CYLINDRICAL_SURFACE('',#4969,4.9999999999973);
#391=LINE('',#6363,#812);
#392=LINE('',#6365,#813);
#393=LINE('',#6366,#814);
#394=LINE('',#6374,#815);
#395=LINE('',#6377,#816);
#396=LINE('',#6441,#817);
#397=LINE('',#6447,#818);
#398=LINE('',#6450,#819);
#399=LINE('',#6453,#820);
#400=LINE('',#6460,#821);
#401=LINE('',#6464,#822);
#402=LINE('',#6468,#823);
#403=LINE('',#6472,#824);
#404=LINE('',#6476,#825);
#405=LINE('',#6480,#826);
#406=LINE('',#6484,#827);
#407=LINE('',#6488,#828);
#408=LINE('',#6492,#829);
#409=LINE('',#6496,#830);
#410=LINE('',#6500,#831);
#411=LINE('',#6504,#832);
#412=LINE('',#6508,#833);
#413=LINE('',#6512,#834);
#414=LINE('',#6516,#835);
#415=LINE('',#6520,#836);
#416=LINE('',#6524,#837);
#417=LINE('',#6526,#838);
#418=LINE('',#6530,#839);
#419=LINE('',#6534,#840);
#420=LINE('',#6536,#841);
#421=LINE('',#6540,#842);
#422=LINE('',#6544,#843);
#423=LINE('',#6548,#844);
#424=LINE('',#6552,#845);
#425=LINE('',#6556,#846);
#426=LINE('',#6560,#847);
#427=LINE('',#6564,#848);
#428=LINE('',#6568,#849);
#429=LINE('',#6572,#850);
#430=LINE('',#6576,#851);
#431=LINE('',#6580,#852);
#432=LINE('',#6584,#853);
#433=LINE('',#6588,#854);
#434=LINE('',#6592,#855);
#435=LINE('',#6596,#856);
#436=LINE('',#6602,#857);
#437=LINE('',#6606,#858);
#438=LINE('',#6610,#859);
#439=LINE('',#6614,#860);
#440=LINE('',#6618,#861);
#441=LINE('',#6622,#862);
#442=LINE('',#6625,#863);
#443=LINE('',#6628,#864);
#444=LINE('',#6632,#865);
#445=LINE('',#6636,#866);
#446=LINE('',#6640,#867);
#447=LINE('',#6644,#868);
#448=LINE('',#6648,#869);
#449=LINE('',#6652,#870);
#450=LINE('',#6656,#871);
#451=LINE('',#6660,#872);
#452=LINE('',#6664,#873);
#453=LINE('',#6668,#874);
#454=LINE('',#6672,#875);
#455=LINE('',#6676,#876);
#456=LINE('',#6680,#877);
#457=LINE('',#6684,#878);
#458=LINE('',#6688,#879);
#459=LINE('',#6692,#880);
#460=LINE('',#6696,#881);
#461=LINE('',#6702,#882);
#462=LINE('',#6706,#883);
#463=LINE('',#6710,#884);
#464=LINE('',#6713,#885);
#465=LINE('',#6718,#886);
#466=LINE('',#6722,#887);
#467=LINE('',#6726,#888);
#468=LINE('',#6729,#889);
#469=LINE('',#6732,#890);
#470=LINE('',#6736,#891);
#471=LINE('',#6740,#892);
#472=LINE('',#6744,#893);
#473=LINE('',#6750,#894);
#474=LINE('',#6754,#895);
#475=LINE('',#6758,#896);
#476=LINE('',#6761,#897);
#477=LINE('',#6788,#898);
#478=LINE('',#6789,#899);
#479=LINE('',#6792,#900);
#480=LINE('',#6793,#901);
#481=LINE('',#6797,#902);
#482=LINE('',#6801,#903);
#483=LINE('',#6830,#904);
#484=LINE('',#6831,#905);
#485=LINE('',#6874,#906);
#486=LINE('',#6878,#907);
#487=LINE('',#6882,#908);
#488=LINE('',#6886,#909);
#489=LINE('',#6890,#910);
#490=LINE('',#6894,#911);
#491=LINE('',#6898,#912);
#492=LINE('',#6902,#913);
#493=LINE('',#6906,#914);
#494=LINE('',#6910,#915);
#495=LINE('',#6914,#916);
#496=LINE('',#6918,#917);
#497=LINE('',#6922,#918);
#498=LINE('',#6926,#919);
#499=LINE('',#6928,#920);
#500=LINE('',#6930,#921);
#501=LINE('',#6934,#922);
#502=LINE('',#6938,#923);
#503=LINE('',#6942,#924);
#504=LINE('',#6946,#925);
#505=LINE('',#6948,#926);
#506=LINE('',#6950,#927);
#507=LINE('',#6954,#928);
#508=LINE('',#6958,#929);
#509=LINE('',#6962,#930);
#510=LINE('',#6966,#931);
#511=LINE('',#6970,#932);
#512=LINE('',#6974,#933);
#513=LINE('',#6978,#934);
#514=LINE('',#6982,#935);
#515=LINE('',#6986,#936);
#516=LINE('',#6990,#937);
#517=LINE('',#6994,#938);
#518=LINE('',#6997,#939);
#519=LINE('',#7026,#940);
#520=LINE('',#7030,#941);
#521=LINE('',#7034,#942);
#522=LINE('',#7037,#943);
#523=LINE('',#7040,#944);
#524=LINE('',#7044,#945);
#525=LINE('',#7048,#946);
#526=LINE('',#7052,#947);
#527=LINE('',#7058,#948);
#528=LINE('',#7062,#949);
#529=LINE('',#7066,#950);
#530=LINE('',#7069,#951);
#531=LINE('',#7074,#952);
#532=LINE('',#7078,#953);
#533=LINE('',#7082,#954);
#534=LINE('',#7085,#955);
#535=LINE('',#7088,#956);
#536=LINE('',#7092,#957);
#537=LINE('',#7096,#958);
#538=LINE('',#7100,#959);
#539=LINE('',#7104,#960);
#540=LINE('',#7108,#961);
#541=LINE('',#7112,#962);
#542=LINE('',#7116,#963);
#543=LINE('',#7120,#964);
#544=LINE('',#7124,#965);
#545=LINE('',#7128,#966);
#546=LINE('',#7132,#967);
#547=LINE('',#7136,#968);
#548=LINE('',#7140,#969);
#549=LINE('',#7144,#970);
#550=LINE('',#7148,#971);
#551=LINE('',#7152,#972);
#552=LINE('',#7156,#973);
#553=LINE('',#7162,#974);
#554=LINE('',#7166,#975);
#555=LINE('',#7170,#976);
#556=LINE('',#7174,#977);
#557=LINE('',#7178,#978);
#558=LINE('',#7182,#979);
#559=LINE('',#7185,#980);
#560=LINE('',#7187,#981);
#561=LINE('',#7191,#982);
#562=LINE('',#7193,#983);
#563=LINE('',#7194,#984);
#564=LINE('',#7198,#985);
#565=LINE('',#7202,#986);
#566=LINE('',#7203,#987);
#567=LINE('',#7206,#988);
#568=LINE('',#7212,#989);
#569=LINE('',#7213,#990);
#570=LINE('',#7215,#991);
#571=LINE('',#7216,#992);
#572=LINE('',#7218,#993);
#573=LINE('',#7220,#994);
#574=LINE('',#7222,#995);
#575=LINE('',#7224,#996);
#576=LINE('',#7226,#997);
#577=LINE('',#7228,#998);
#578=LINE('',#7234,#999);
#579=LINE('',#7235,#1000);
#580=LINE('',#7236,#1001);
#581=LINE('',#7239,#1002);
#582=LINE('',#7241,#1003);
#583=LINE('',#7242,#1004);
#584=LINE('',#7245,#1005);
#585=LINE('',#7249,#1006);
#586=LINE('',#7250,#1007);
#587=LINE('',#7253,#1008);
#588=LINE('',#7257,#1009);
#589=LINE('',#7258,#1010);
#590=LINE('',#7261,#1011);
#591=LINE('',#7265,#1012);
#592=LINE('',#7266,#1013);
#593=LINE('',#7269,#1014);
#594=LINE('',#7273,#1015);
#595=LINE('',#7274,#1016);
#596=LINE('',#7277,#1017);
#597=LINE('',#7281,#1018);
#598=LINE('',#7282,#1019);
#599=LINE('',#7285,#1020);
#600=LINE('',#7289,#1021);
#601=LINE('',#7290,#1022);
#602=LINE('',#7293,#1023);
#603=LINE('',#7297,#1024);
#604=LINE('',#7298,#1025);
#605=LINE('',#7301,#1026);
#606=LINE('',#7305,#1027);
#607=LINE('',#7306,#1028);
#608=LINE('',#7309,#1029);
#609=LINE('',#7313,#1030);
#610=LINE('',#7314,#1031);
#611=LINE('',#7317,#1032);
#612=LINE('',#7321,#1033);
#613=LINE('',#7322,#1034);
#614=LINE('',#7325,#1035);
#615=LINE('',#7329,#1036);
#616=LINE('',#7330,#1037);
#617=LINE('',#7333,#1038);
#618=LINE('',#7336,#1039);
#619=LINE('',#7339,#1040);
#620=LINE('',#7340,#1041);
#621=LINE('',#7343,#1042);
#622=LINE('',#7347,#1043);
#623=LINE('',#7348,#1044);
#624=LINE('',#7351,#1045);
#625=LINE('',#7355,#1046);
#626=LINE('',#7356,#1047);
#627=LINE('',#7359,#1048);
#628=LINE('',#7363,#1049);
#629=LINE('',#7364,#1050);
#630=LINE('',#7367,#1051);
#631=LINE('',#7371,#1052);
#632=LINE('',#7372,#1053);
#633=LINE('',#7375,#1054);
#634=LINE('',#7379,#1055);
#635=LINE('',#7380,#1056);
#636=LINE('',#7383,#1057);
#637=LINE('',#7387,#1058);
#638=LINE('',#7388,#1059);
#639=LINE('',#7391,#1060);
#640=LINE('',#7395,#1061);
#641=LINE('',#7396,#1062);
#642=LINE('',#7399,#1063);
#643=LINE('',#7403,#1064);
#644=LINE('',#7404,#1065);
#645=LINE('',#7407,#1066);
#646=LINE('',#7411,#1067);
#647=LINE('',#7412,#1068);
#648=LINE('',#7415,#1069);
#649=LINE('',#7419,#1070);
#650=LINE('',#7420,#1071);
#651=LINE('',#7423,#1072);
#652=LINE('',#7427,#1073);
#653=LINE('',#7428,#1074);
#654=LINE('',#7431,#1075);
#655=LINE('',#7435,#1076);
#656=LINE('',#7436,#1077);
#657=LINE('',#7441,#1078);
#658=LINE('',#7443,#1079);
#659=LINE('',#7445,#1080);
#660=LINE('',#7450,#1081);
#661=LINE('',#7451,#1082);
#662=LINE('',#7454,#1083);
#663=LINE('',#7455,#1084);
#664=LINE('',#7457,#1085);
#665=LINE('',#7458,#1086);
#666=LINE('',#7460,#1087);
#667=LINE('',#7462,#1088);
#668=LINE('',#7464,#1089);
#669=LINE('',#7466,#1090);
#670=LINE('',#7468,#1091);
#671=LINE('',#7470,#1092);
#672=LINE('',#7472,#1093);
#673=LINE('',#7474,#1094);
#674=LINE('',#7476,#1095);
#675=LINE('',#7478,#1096);
#676=LINE('',#7480,#1097);
#677=LINE('',#7482,#1098);
#678=LINE('',#7485,#1099);
#679=LINE('',#7486,#1100);
#680=LINE('',#7488,#1101);
#681=LINE('',#7490,#1102);
#682=LINE('',#7492,#1103);
#683=LINE('',#7494,#1104);
#684=LINE('',#7496,#1105);
#685=LINE('',#7498,#1106);
#686=LINE('',#7500,#1107);
#687=LINE('',#7502,#1108);
#688=LINE('',#7504,#1109);
#689=LINE('',#7506,#1110);
#690=LINE('',#7508,#1111);
#691=LINE('',#7510,#1112);
#692=LINE('',#7513,#1113);
#693=LINE('',#7514,#1114);
#694=LINE('',#7516,#1115);
#695=LINE('',#7518,#1116);
#696=LINE('',#7520,#1117);
#697=LINE('',#7522,#1118);
#698=LINE('',#7524,#1119);
#699=LINE('',#7526,#1120);
#700=LINE('',#7528,#1121);
#701=LINE('',#7530,#1122);
#702=LINE('',#7532,#1123);
#703=LINE('',#7534,#1124);
#704=LINE('',#7536,#1125);
#705=LINE('',#7538,#1126);
#706=LINE('',#7541,#1127);
#707=LINE('',#7542,#1128);
#708=LINE('',#7544,#1129);
#709=LINE('',#7546,#1130);
#710=LINE('',#7548,#1131);
#711=LINE('',#7550,#1132);
#712=LINE('',#7552,#1133);
#713=LINE('',#7554,#1134);
#714=LINE('',#7557,#1135);
#715=LINE('',#7558,#1136);
#716=LINE('',#7560,#1137);
#717=LINE('',#7562,#1138);
#718=LINE('',#7564,#1139);
#719=LINE('',#7566,#1140);
#720=LINE('',#7568,#1141);
#721=LINE('',#7570,#1142);
#722=LINE('',#7573,#1143);
#723=LINE('',#7574,#1144);
#724=LINE('',#7576,#1145);
#725=LINE('',#7578,#1146);
#726=LINE('',#7580,#1147);
#727=LINE('',#7582,#1148);
#728=LINE('',#7584,#1149);
#729=LINE('',#7586,#1150);
#730=LINE('',#7589,#1151);
#731=LINE('',#7590,#1152);
#732=LINE('',#7592,#1153);
#733=LINE('',#7594,#1154);
#734=LINE('',#7596,#1155);
#735=LINE('',#7598,#1156);
#736=LINE('',#7600,#1157);
#737=LINE('',#7602,#1158);
#738=LINE('',#7605,#1159);
#739=LINE('',#7606,#1160);
#740=LINE('',#7608,#1161);
#741=LINE('',#7610,#1162);
#742=LINE('',#7612,#1163);
#743=LINE('',#7614,#1164);
#744=LINE('',#7616,#1165);
#745=LINE('',#7618,#1166);
#746=LINE('',#7621,#1167);
#747=LINE('',#7623,#1168);
#748=LINE('',#7625,#1169);
#749=LINE('',#7627,#1170);
#750=LINE('',#7629,#1171);
#751=LINE('',#7631,#1172);
#752=LINE('',#7633,#1173);
#753=LINE('',#7635,#1174);
#754=LINE('',#7637,#1175);
#755=LINE('',#7639,#1176);
#756=LINE('',#7641,#1177);
#757=LINE('',#7643,#1178);
#758=LINE('',#7645,#1179);
#759=LINE('',#7647,#1180);
#760=LINE('',#7649,#1181);
#761=LINE('',#7651,#1182);
#762=LINE('',#7653,#1183);
#763=LINE('',#7655,#1184);
#764=LINE('',#7657,#1185);
#765=LINE('',#7659,#1186);
#766=LINE('',#7661,#1187);
#767=LINE('',#7663,#1188);
#768=LINE('',#7665,#1189);
#769=LINE('',#7667,#1190);
#770=LINE('',#7669,#1191);
#771=LINE('',#7671,#1192);
#772=LINE('',#7673,#1193);
#773=LINE('',#7675,#1194);
#774=LINE('',#7677,#1195);
#775=LINE('',#7679,#1196);
#776=LINE('',#7681,#1197);
#777=LINE('',#7683,#1198);
#778=LINE('',#7685,#1199);
#779=LINE('',#7687,#1200);
#780=LINE('',#7689,#1201);
#781=LINE('',#7691,#1202);
#782=LINE('',#7693,#1203);
#783=LINE('',#7695,#1204);
#784=LINE('',#7698,#1205);
#785=LINE('',#7701,#1206);
#786=LINE('',#7703,#1207);
#787=LINE('',#7705,#1208);
#788=LINE('',#7707,#1209);
#789=LINE('',#7709,#1210);
#790=LINE('',#7711,#1211);
#791=LINE('',#7713,#1212);
#792=LINE('',#7715,#1213);
#793=LINE('',#7717,#1214);
#794=LINE('',#7719,#1215);
#795=LINE('',#7721,#1216);
#796=LINE('',#7723,#1217);
#797=LINE('',#7725,#1218);
#798=LINE('',#7727,#1219);
#799=LINE('',#7729,#1220);
#800=LINE('',#7731,#1221);
#801=LINE('',#7733,#1222);
#802=LINE('',#7735,#1223);
#803=LINE('',#7737,#1224);
#804=LINE('',#7739,#1225);
#805=LINE('',#7741,#1226);
#806=LINE('',#7743,#1227);
#807=LINE('',#7745,#1228);
#808=LINE('',#7747,#1229);
#809=LINE('',#7749,#1230);
#810=LINE('',#7751,#1231);
#811=LINE('',#7753,#1232);
#812=VECTOR('',#4977,10.);
#813=VECTOR('',#4978,10.);
#814=VECTOR('',#4979,10.);
#815=VECTOR('',#4982,3.05);
#816=VECTOR('',#4985,3.05);
#817=VECTOR('',#4990,10.);
#818=VECTOR('',#4997,3.05);
#819=VECTOR('',#5000,3.05);
#820=VECTOR('',#5003,10.);
#821=VECTOR('',#5010,10.);
#822=VECTOR('',#5013,10.);
#823=VECTOR('',#5016,10.);
#824=VECTOR('',#5019,10.);
#825=VECTOR('',#5022,10.);
#826=VECTOR('',#5025,10.);
#827=VECTOR('',#5028,10.);
#828=VECTOR('',#5031,10.);
#829=VECTOR('',#5034,10.);
#830=VECTOR('',#5037,10.);
#831=VECTOR('',#5040,10.);
#832=VECTOR('',#5043,10.);
#833=VECTOR('',#5046,10.);
#834=VECTOR('',#5049,10.);
#835=VECTOR('',#5052,10.);
#836=VECTOR('',#5055,10.);
#837=VECTOR('',#5058,10.);
#838=VECTOR('',#5059,10.);
#839=VECTOR('',#5062,10.);
#840=VECTOR('',#5065,10.);
#841=VECTOR('',#5066,10.);
#842=VECTOR('',#5069,10.);
#843=VECTOR('',#5072,10.);
#844=VECTOR('',#5075,10.);
#845=VECTOR('',#5078,10.);
#846=VECTOR('',#5081,10.);
#847=VECTOR('',#5084,10.);
#848=VECTOR('',#5087,10.);
#849=VECTOR('',#5090,10.);
#850=VECTOR('',#5093,10.);
#851=VECTOR('',#5096,10.);
#852=VECTOR('',#5099,10.);
#853=VECTOR('',#5102,10.);
#854=VECTOR('',#5105,10.);
#855=VECTOR('',#5108,10.);
#856=VECTOR('',#5111,10.);
#857=VECTOR('',#5116,10.);
#858=VECTOR('',#5119,10.);
#859=VECTOR('',#5122,10.);
#860=VECTOR('',#5125,10.);
#861=VECTOR('',#5128,10.);
#862=VECTOR('',#5131,10.);
#863=VECTOR('',#5134,10.);
#864=VECTOR('',#5135,10.);
#865=VECTOR('',#5138,10.);
#866=VECTOR('',#5141,10.);
#867=VECTOR('',#5144,10.);
#868=VECTOR('',#5147,10.);
#869=VECTOR('',#5150,10.);
#870=VECTOR('',#5153,10.);
#871=VECTOR('',#5156,10.);
#872=VECTOR('',#5159,10.);
#873=VECTOR('',#5162,10.);
#874=VECTOR('',#5165,10.);
#875=VECTOR('',#5168,10.);
#876=VECTOR('',#5171,10.);
#877=VECTOR('',#5174,10.);
#878=VECTOR('',#5177,10.);
#879=VECTOR('',#5180,10.);
#880=VECTOR('',#5183,10.);
#881=VECTOR('',#5186,10.);
#882=VECTOR('',#5191,10.);
#883=VECTOR('',#5194,10.);
#884=VECTOR('',#5197,10.);
#885=VECTOR('',#5200,10.);
#886=VECTOR('',#5203,10.);
#887=VECTOR('',#5206,10.);
#888=VECTOR('',#5209,10.);
#889=VECTOR('',#5212,10.);
#890=VECTOR('',#5213,10.);
#891=VECTOR('',#5216,10.);
#892=VECTOR('',#5219,10.);
#893=VECTOR('',#5222,10.);
#894=VECTOR('',#5227,10.);
#895=VECTOR('',#5230,10.);
#896=VECTOR('',#5233,10.);
#897=VECTOR('',#5236,10.);
#898=VECTOR('',#5263,10.);
#899=VECTOR('',#5264,10.);
#900=VECTOR('',#5267,10.);
#901=VECTOR('',#5268,10.);
#902=VECTOR('',#5273,10.);
#903=VECTOR('',#5278,10.);
#904=VECTOR('',#5287,10.);
#905=VECTOR('',#5288,10.);
#906=VECTOR('',#5305,10.);
#907=VECTOR('',#5310,10.);
#908=VECTOR('',#5313,10.);
#909=VECTOR('',#5316,10.);
#910=VECTOR('',#5319,10.);
#911=VECTOR('',#5322,10.);
#912=VECTOR('',#5325,10.);
#913=VECTOR('',#5328,10.);
#914=VECTOR('',#5331,10.);
#915=VECTOR('',#5334,10.);
#916=VECTOR('',#5337,10.);
#917=VECTOR('',#5340,10.);
#918=VECTOR('',#5343,10.);
#919=VECTOR('',#5346,10.);
#920=VECTOR('',#5347,10.);
#921=VECTOR('',#5348,10.);
#922=VECTOR('',#5351,10.);
#923=VECTOR('',#5354,10.);
#924=VECTOR('',#5357,10.);
#925=VECTOR('',#5360,10.);
#926=VECTOR('',#5361,10.);
#927=VECTOR('',#5362,10.);
#928=VECTOR('',#5365,10.);
#929=VECTOR('',#5368,10.);
#930=VECTOR('',#5371,10.);
#931=VECTOR('',#5374,10.);
#932=VECTOR('',#5377,10.);
#933=VECTOR('',#5380,10.);
#934=VECTOR('',#5383,10.);
#935=VECTOR('',#5386,10.);
#936=VECTOR('',#5389,10.);
#937=VECTOR('',#5392,10.);
#938=VECTOR('',#5395,10.);
#939=VECTOR('',#5398,10.);
#940=VECTOR('',#5425,10.);
#941=VECTOR('',#5428,10.);
#942=VECTOR('',#5431,10.);
#943=VECTOR('',#5434,10.);
#944=VECTOR('',#5435,10.);
#945=VECTOR('',#5438,10.);
#946=VECTOR('',#5441,10.);
#947=VECTOR('',#5444,10.);
#948=VECTOR('',#5449,10.);
#949=VECTOR('',#5452,10.);
#950=VECTOR('',#5455,10.);
#951=VECTOR('',#5458,10.);
#952=VECTOR('',#5461,10.);
#953=VECTOR('',#5464,10.);
#954=VECTOR('',#5467,10.);
#955=VECTOR('',#5470,10.);
#956=VECTOR('',#5471,10.);
#957=VECTOR('',#5474,10.);
#958=VECTOR('',#5477,10.);
#959=VECTOR('',#5480,10.);
#960=VECTOR('',#5483,10.);
#961=VECTOR('',#5486,10.);
#962=VECTOR('',#5489,10.);
#963=VECTOR('',#5492,10.);
#964=VECTOR('',#5495,10.);
#965=VECTOR('',#5498,10.);
#966=VECTOR('',#5501,10.);
#967=VECTOR('',#5504,10.);
#968=VECTOR('',#5507,10.);
#969=VECTOR('',#5510,10.);
#970=VECTOR('',#5513,10.);
#971=VECTOR('',#5516,10.);
#972=VECTOR('',#5519,10.);
#973=VECTOR('',#5522,10.);
#974=VECTOR('',#5527,10.);
#975=VECTOR('',#5530,10.);
#976=VECTOR('',#5533,10.);
#977=VECTOR('',#5536,10.);
#978=VECTOR('',#5539,10.);
#979=VECTOR('',#5542,10.);
#980=VECTOR('',#5545,10.);
#981=VECTOR('',#5548,10.);
#982=VECTOR('',#5551,10.);
#983=VECTOR('',#5552,10.);
#984=VECTOR('',#5553,10.);
#985=VECTOR('',#5558,10.);
#986=VECTOR('',#5563,10.);
#987=VECTOR('',#5564,10.);
#988=VECTOR('',#5567,10.);
#989=VECTOR('',#5574,10.);
#990=VECTOR('',#5575,10.);
#991=VECTOR('',#5578,10.);
#992=VECTOR('',#5579,10.);
#993=VECTOR('',#5582,10.);
#994=VECTOR('',#5585,10.);
#995=VECTOR('',#5588,10.);
#996=VECTOR('',#5591,10.);
#997=VECTOR('',#5594,10.);
#998=VECTOR('',#5597,10.);
#999=VECTOR('',#5602,10.);
#1000=VECTOR('',#5603,10.);
#1001=VECTOR('',#5604,10.);
#1002=VECTOR('',#5607,10.);
#1003=VECTOR('',#5608,10.);
#1004=VECTOR('',#5609,10.);
#1005=VECTOR('',#5612,10.);
#1006=VECTOR('',#5617,10.);
#1007=VECTOR('',#5618,10.);
#1008=VECTOR('',#5621,10.);
#1009=VECTOR('',#5626,10.);
#1010=VECTOR('',#5627,10.);
#1011=VECTOR('',#5630,10.);
#1012=VECTOR('',#5635,10.);
#1013=VECTOR('',#5636,10.);
#1014=VECTOR('',#5639,10.);
#1015=VECTOR('',#5644,10.);
#1016=VECTOR('',#5645,10.);
#1017=VECTOR('',#5648,10.);
#1018=VECTOR('',#5653,10.);
#1019=VECTOR('',#5654,10.);
#1020=VECTOR('',#5657,10.);
#1021=VECTOR('',#5662,10.);
#1022=VECTOR('',#5663,10.);
#1023=VECTOR('',#5666,10.);
#1024=VECTOR('',#5671,10.);
#1025=VECTOR('',#5672,10.);
#1026=VECTOR('',#5675,10.);
#1027=VECTOR('',#5680,10.);
#1028=VECTOR('',#5681,10.);
#1029=VECTOR('',#5684,10.);
#1030=VECTOR('',#5689,10.);
#1031=VECTOR('',#5690,10.);
#1032=VECTOR('',#5693,10.);
#1033=VECTOR('',#5698,10.);
#1034=VECTOR('',#5699,10.);
#1035=VECTOR('',#5702,10.);
#1036=VECTOR('',#5707,10.);
#1037=VECTOR('',#5708,10.);
#1038=VECTOR('',#5711,10.);
#1039=VECTOR('',#5716,10.);
#1040=VECTOR('',#5719,10.);
#1041=VECTOR('',#5720,10.);
#1042=VECTOR('',#5723,10.);
#1043=VECTOR('',#5728,10.);
#1044=VECTOR('',#5729,10.);
#1045=VECTOR('',#5732,10.);
#1046=VECTOR('',#5737,10.);
#1047=VECTOR('',#5738,10.);
#1048=VECTOR('',#5741,10.);
#1049=VECTOR('',#5746,10.);
#1050=VECTOR('',#5747,10.);
#1051=VECTOR('',#5750,10.);
#1052=VECTOR('',#5755,10.);
#1053=VECTOR('',#5756,10.);
#1054=VECTOR('',#5759,10.);
#1055=VECTOR('',#5764,10.);
#1056=VECTOR('',#5765,10.);
#1057=VECTOR('',#5768,10.);
#1058=VECTOR('',#5773,10.);
#1059=VECTOR('',#5774,10.);
#1060=VECTOR('',#5777,10.);
#1061=VECTOR('',#5782,10.);
#1062=VECTOR('',#5783,10.);
#1063=VECTOR('',#5786,10.);
#1064=VECTOR('',#5791,10.);
#1065=VECTOR('',#5792,10.);
#1066=VECTOR('',#5795,10.);
#1067=VECTOR('',#5800,10.);
#1068=VECTOR('',#5801,10.);
#1069=VECTOR('',#5804,10.);
#1070=VECTOR('',#5809,10.);
#1071=VECTOR('',#5810,10.);
#1072=VECTOR('',#5813,10.);
#1073=VECTOR('',#5818,10.);
#1074=VECTOR('',#5819,10.);
#1075=VECTOR('',#5822,10.);
#1076=VECTOR('',#5827,10.);
#1077=VECTOR('',#5828,10.);
#1078=VECTOR('',#5835,10.);
#1079=VECTOR('',#5836,10.);
#1080=VECTOR('',#5837,10.);
#1081=VECTOR('',#5846,10.);
#1082=VECTOR('',#5847,10.);
#1083=VECTOR('',#5852,10.);
#1084=VECTOR('',#5853,10.);
#1085=VECTOR('',#5856,10.);
#1086=VECTOR('',#5857,10.);
#1087=VECTOR('',#5860,10.);
#1088=VECTOR('',#5863,10.);
#1089=VECTOR('',#5866,10.);
#1090=VECTOR('',#5869,10.);
#1091=VECTOR('',#5872,10.);
#1092=VECTOR('',#5875,10.);
#1093=VECTOR('',#5878,10.);
#1094=VECTOR('',#5881,10.);
#1095=VECTOR('',#5884,10.);
#1096=VECTOR('',#5887,10.);
#1097=VECTOR('',#5890,10.);
#1098=VECTOR('',#5893,10.);
#1099=VECTOR('',#5898,10.);
#1100=VECTOR('',#5899,10.);
#1101=VECTOR('',#5902,10.);
#1102=VECTOR('',#5905,10.);
#1103=VECTOR('',#5908,10.);
#1104=VECTOR('',#5911,10.);
#1105=VECTOR('',#5914,10.);
#1106=VECTOR('',#5917,10.);
#1107=VECTOR('',#5920,10.);
#1108=VECTOR('',#5923,10.);
#1109=VECTOR('',#5926,10.);
#1110=VECTOR('',#5929,10.);
#1111=VECTOR('',#5932,10.);
#1112=VECTOR('',#5935,10.);
#1113=VECTOR('',#5940,10.);
#1114=VECTOR('',#5941,10.);
#1115=VECTOR('',#5944,10.);
#1116=VECTOR('',#5947,10.);
#1117=VECTOR('',#5950,10.);
#1118=VECTOR('',#5953,10.);
#1119=VECTOR('',#5956,10.);
#1120=VECTOR('',#5959,10.);
#1121=VECTOR('',#5962,10.);
#1122=VECTOR('',#5965,10.);
#1123=VECTOR('',#5968,10.);
#1124=VECTOR('',#5971,10.);
#1125=VECTOR('',#5974,10.);
#1126=VECTOR('',#5977,10.);
#1127=VECTOR('',#5982,10.);
#1128=VECTOR('',#5983,10.);
#1129=VECTOR('',#5986,10.);
#1130=VECTOR('',#5989,10.);
#1131=VECTOR('',#5992,10.);
#1132=VECTOR('',#5995,10.);
#1133=VECTOR('',#5998,10.);
#1134=VECTOR('',#6001,10.);
#1135=VECTOR('',#6006,10.);
#1136=VECTOR('',#6007,10.);
#1137=VECTOR('',#6010,10.);
#1138=VECTOR('',#6013,10.);
#1139=VECTOR('',#6016,10.);
#1140=VECTOR('',#6019,10.);
#1141=VECTOR('',#6022,10.);
#1142=VECTOR('',#6025,10.);
#1143=VECTOR('',#6030,10.);
#1144=VECTOR('',#6031,10.);
#1145=VECTOR('',#6034,10.);
#1146=VECTOR('',#6037,10.);
#1147=VECTOR('',#6040,10.);
#1148=VECTOR('',#6043,10.);
#1149=VECTOR('',#6046,10.);
#1150=VECTOR('',#6049,10.);
#1151=VECTOR('',#6054,10.);
#1152=VECTOR('',#6055,10.);
#1153=VECTOR('',#6058,10.);
#1154=VECTOR('',#6061,10.);
#1155=VECTOR('',#6064,10.);
#1156=VECTOR('',#6067,10.);
#1157=VECTOR('',#6070,10.);
#1158=VECTOR('',#6073,10.);
#1159=VECTOR('',#6078,10.);
#1160=VECTOR('',#6079,10.);
#1161=VECTOR('',#6082,10.);
#1162=VECTOR('',#6085,10.);
#1163=VECTOR('',#6088,10.);
#1164=VECTOR('',#6091,10.);
#1165=VECTOR('',#6094,10.);
#1166=VECTOR('',#6097,10.);
#1167=VECTOR('',#6102,1.5);
#1168=VECTOR('',#6105,1.5);
#1169=VECTOR('',#6108,1.5);
#1170=VECTOR('',#6111,1.5);
#1171=VECTOR('',#6114,1.5);
#1172=VECTOR('',#6117,1.5);
#1173=VECTOR('',#6120,2.15);
#1174=VECTOR('',#6123,2.15);
#1175=VECTOR('',#6126,1.5);
#1176=VECTOR('',#6129,2.15);
#1177=VECTOR('',#6132,2.15);
#1178=VECTOR('',#6135,1.5);
#1179=VECTOR('',#6138,10.);
#1180=VECTOR('',#6141,10.);
#1181=VECTOR('',#6144,10.);
#1182=VECTOR('',#6147,10.);
#1183=VECTOR('',#6150,10.);
#1184=VECTOR('',#6153,10.);
#1185=VECTOR('',#6156,10.);
#1186=VECTOR('',#6159,10.);
#1187=VECTOR('',#6162,10.);
#1188=VECTOR('',#6165,10.);
#1189=VECTOR('',#6168,10.);
#1190=VECTOR('',#6171,10.);
#1191=VECTOR('',#6174,10.);
#1192=VECTOR('',#6177,10.);
#1193=VECTOR('',#6180,10.);
#1194=VECTOR('',#6183,10.);
#1195=VECTOR('',#6186,10.);
#1196=VECTOR('',#6189,10.);
#1197=VECTOR('',#6192,10.);
#1198=VECTOR('',#6195,10.);
#1199=VECTOR('',#6198,10.);
#1200=VECTOR('',#6201,10.);
#1201=VECTOR('',#6204,10.);
#1202=VECTOR('',#6207,10.);
#1203=VECTOR('',#6210,10.);
#1204=VECTOR('',#6213,10.);
#1205=VECTOR('',#6218,10.);
#1206=VECTOR('',#6223,10.);
#1207=VECTOR('',#6226,10.);
#1208=VECTOR('',#6229,10.);
#1209=VECTOR('',#6232,10.);
#1210=VECTOR('',#6235,10.);
#1211=VECTOR('',#6238,10.);
#1212=VECTOR('',#6241,10.);
#1213=VECTOR('',#6244,10.);
#1214=VECTOR('',#6247,10.);
#1215=VECTOR('',#6250,10.);
#1216=VECTOR('',#6253,10.);
#1217=VECTOR('',#6256,10.);
#1218=VECTOR('',#6259,10.);
#1219=VECTOR('',#6262,10.);
#1220=VECTOR('',#6265,10.);
#1221=VECTOR('',#6268,10.);
#1222=VECTOR('',#6271,10.);
#1223=VECTOR('',#6274,10.);
#1224=VECTOR('',#6277,10.);
#1225=VECTOR('',#6280,10.);
#1226=VECTOR('',#6283,10.);
#1227=VECTOR('',#6286,10.);
#1228=VECTOR('',#6289,10.);
#1229=VECTOR('',#6292,10.);
#1230=VECTOR('',#6295,10.);
#1231=VECTOR('',#6298,10.);
#1232=VECTOR('',#6301,10.);
#1233=ELLIPSE('',#4517,4.31335136523792,3.05);
#1234=ELLIPSE('',#4524,4.31335136523793,3.05);
#1235=ELLIPSE('',#4720,1.13137084990048,0.800000000001422);
#1236=ELLIPSE('',#4727,1.13137084990048,0.800000000001422);
#1237=ELLIPSE('',#4736,1.13137084357834,0.799999995530987);
#1238=ELLIPSE('',#4814,1.13137084357834,0.799999995530987);
#1239=PLANE('',#4516);
#1240=PLANE('',#4526);
#1241=PLANE('',#4617);
#1242=PLANE('',#4618);
#1243=PLANE('',#4635);
#1244=PLANE('',#4636);
#1245=PLANE('',#4719);
#1246=PLANE('',#4723);
#1247=PLANE('',#4726);
#1248=PLANE('',#4729);
#1249=PLANE('',#4730);
#1250=PLANE('',#4732);
#1251=PLANE('',#4734);
#1252=PLANE('',#4735);
#1253=PLANE('',#4737);
#1254=PLANE('',#4740);
#1255=PLANE('',#4743);
#1256=PLANE('',#4746);
#1257=PLANE('',#4749);
#1258=PLANE('',#4752);
#1259=PLANE('',#4755);
#1260=PLANE('',#4758);
#1261=PLANE('',#4761);
#1262=PLANE('',#4764);
#1263=PLANE('',#4767);
#1264=PLANE('',#4770);
#1265=PLANE('',#4773);
#1266=PLANE('',#4774);
#1267=PLANE('',#4777);
#1268=PLANE('',#4780);
#1269=PLANE('',#4783);
#1270=PLANE('',#4786);
#1271=PLANE('',#4789);
#1272=PLANE('',#4792);
#1273=PLANE('',#4795);
#1274=PLANE('',#4798);
#1275=PLANE('',#4801);
#1276=PLANE('',#4804);
#1277=PLANE('',#4807);
#1278=PLANE('',#4810);
#1279=PLANE('',#4813);
#1280=PLANE('',#4818);
#1281=PLANE('',#4819);
#1282=PLANE('',#4820);
#1283=PLANE('',#4822);
#1284=PLANE('',#4824);
#1285=PLANE('',#4826);
#1286=PLANE('',#4828);
#1287=PLANE('',#4830);
#1288=PLANE('',#4832);
#1289=PLANE('',#4835);
#1290=PLANE('',#4837);
#1291=PLANE('',#4839);
#1292=PLANE('',#4841);
#1293=PLANE('',#4843);
#1294=PLANE('',#4845);
#1295=PLANE('',#4847);
#1296=PLANE('',#4849);
#1297=PLANE('',#4851);
#1298=PLANE('',#4853);
#1299=PLANE('',#4855);
#1300=PLANE('',#4857);
#1301=PLANE('',#4859);
#1302=PLANE('',#4861);
#1303=PLANE('',#4863);
#1304=PLANE('',#4865);
#1305=PLANE('',#4867);
#1306=PLANE('',#4869);
#1307=PLANE('',#4870);
#1308=PLANE('',#4872);
#1309=PLANE('',#4874);
#1310=PLANE('',#4876);
#1311=PLANE('',#4878);
#1312=PLANE('',#4880);
#1313=PLANE('',#4882);
#1314=PLANE('',#4884);
#1315=PLANE('',#4887);
#1316=PLANE('',#4889);
#1317=PLANE('',#4891);
#1318=PLANE('',#4893);
#1319=PLANE('',#4894);
#1320=PLANE('',#4896);
#1321=PLANE('',#4898);
#1322=PLANE('',#4900);
#1323=PLANE('',#4914);
#1324=PLANE('',#4916);
#1325=PLANE('',#4918);
#1326=PLANE('',#4920);
#1327=PLANE('',#4922);
#1328=PLANE('',#4924);
#1329=PLANE('',#4926);
#1330=PLANE('',#4928);
#1331=PLANE('',#4930);
#1332=PLANE('',#4932);
#1333=PLANE('',#4934);
#1334=PLANE('',#4936);
#1335=PLANE('',#4938);
#1336=PLANE('',#4940);
#1337=PLANE('',#4941);
#1338=PLANE('',#4944);
#1339=PLANE('',#4946);
#1340=PLANE('',#4948);
#1341=PLANE('',#4950);
#1342=PLANE('',#4952);
#1343=PLANE('',#4954);
#1344=PLANE('',#4956);
#1345=PLANE('',#4958);
#1346=PLANE('',#4960);
#1347=PLANE('',#4962);
#1348=PLANE('',#4964);
#1349=PLANE('',#4966);
#1350=PLANE('',#4968);
#1351=PLANE('',#4970);
#1352=FACE_OUTER_BOUND('',#1594,.T.);
#1353=FACE_OUTER_BOUND('',#1595,.T.);
#1354=FACE_OUTER_BOUND('',#1596,.T.);
#1355=FACE_OUTER_BOUND('',#1597,.T.);
#1356=FACE_OUTER_BOUND('',#1598,.T.);
#1357=FACE_OUTER_BOUND('',#1599,.T.);
#1358=FACE_OUTER_BOUND('',#1600,.T.);
#1359=FACE_OUTER_BOUND('',#1621,.T.);
#1360=FACE_OUTER_BOUND('',#1622,.T.);
#1361=FACE_OUTER_BOUND('',#1623,.T.);
#1362=FACE_OUTER_BOUND('',#1624,.T.);
#1363=FACE_OUTER_BOUND('',#1625,.T.);
#1364=FACE_OUTER_BOUND('',#1626,.T.);
#1365=FACE_OUTER_BOUND('',#1627,.T.);
#1366=FACE_OUTER_BOUND('',#1628,.T.);
#1367=FACE_OUTER_BOUND('',#1629,.T.);
#1368=FACE_OUTER_BOUND('',#1630,.T.);
#1369=FACE_OUTER_BOUND('',#1631,.T.);
#1370=FACE_OUTER_BOUND('',#1632,.T.);
#1371=FACE_OUTER_BOUND('',#1633,.T.);
#1372=FACE_OUTER_BOUND('',#1634,.T.);
#1373=FACE_OUTER_BOUND('',#1655,.T.);
#1374=FACE_OUTER_BOUND('',#1656,.T.);
#1375=FACE_OUTER_BOUND('',#1657,.T.);
#1376=FACE_OUTER_BOUND('',#1658,.T.);
#1377=FACE_OUTER_BOUND('',#1659,.T.);
#1378=FACE_OUTER_BOUND('',#1660,.T.);
#1379=FACE_OUTER_BOUND('',#1661,.T.);
#1380=FACE_OUTER_BOUND('',#1662,.T.);
#1381=FACE_OUTER_BOUND('',#1663,.T.);
#1382=FACE_OUTER_BOUND('',#1664,.T.);
#1383=FACE_OUTER_BOUND('',#1665,.T.);
#1384=FACE_OUTER_BOUND('',#1666,.T.);
#1385=FACE_OUTER_BOUND('',#1667,.T.);
#1386=FACE_OUTER_BOUND('',#1668,.T.);
#1387=FACE_OUTER_BOUND('',#1669,.T.);
#1388=FACE_OUTER_BOUND('',#1670,.T.);
#1389=FACE_OUTER_BOUND('',#1671,.T.);
#1390=FACE_OUTER_BOUND('',#1672,.T.);
#1391=FACE_OUTER_BOUND('',#1673,.T.);
#1392=FACE_OUTER_BOUND('',#1674,.T.);
#1393=FACE_OUTER_BOUND('',#1675,.T.);
#1394=FACE_OUTER_BOUND('',#1676,.T.);
#1395=FACE_OUTER_BOUND('',#1677,.T.);
#1396=FACE_OUTER_BOUND('',#1678,.T.);
#1397=FACE_OUTER_BOUND('',#1679,.T.);
#1398=FACE_OUTER_BOUND('',#1680,.T.);
#1399=FACE_OUTER_BOUND('',#1681,.T.);
#1400=FACE_OUTER_BOUND('',#1682,.T.);
#1401=FACE_OUTER_BOUND('',#1683,.T.);
#1402=FACE_OUTER_BOUND('',#1684,.T.);
#1403=FACE_OUTER_BOUND('',#1685,.T.);
#1404=FACE_OUTER_BOUND('',#1686,.T.);
#1405=FACE_OUTER_BOUND('',#1687,.T.);
#1406=FACE_OUTER_BOUND('',#1688,.T.);
#1407=FACE_OUTER_BOUND('',#1689,.T.);
#1408=FACE_OUTER_BOUND('',#1690,.T.);
#1409=FACE_OUTER_BOUND('',#1691,.T.);
#1410=FACE_OUTER_BOUND('',#1692,.T.);
#1411=FACE_OUTER_BOUND('',#1693,.T.);
#1412=FACE_OUTER_BOUND('',#1694,.T.);
#1413=FACE_OUTER_BOUND('',#1695,.T.);
#1414=FACE_OUTER_BOUND('',#1696,.T.);
#1415=FACE_OUTER_BOUND('',#1697,.T.);
#1416=FACE_OUTER_BOUND('',#1698,.T.);
#1417=FACE_OUTER_BOUND('',#1699,.T.);
#1418=FACE_OUTER_BOUND('',#1700,.T.);
#1419=FACE_OUTER_BOUND('',#1701,.T.);
#1420=FACE_OUTER_BOUND('',#1702,.T.);
#1421=FACE_OUTER_BOUND('',#1703,.T.);
#1422=FACE_OUTER_BOUND('',#1704,.T.);
#1423=FACE_OUTER_BOUND('',#1705,.T.);
#1424=FACE_OUTER_BOUND('',#1706,.T.);
#1425=FACE_OUTER_BOUND('',#1707,.T.);
#1426=FACE_OUTER_BOUND('',#1708,.T.);
#1427=FACE_OUTER_BOUND('',#1709,.T.);
#1428=FACE_OUTER_BOUND('',#1710,.T.);
#1429=FACE_OUTER_BOUND('',#1711,.T.);
#1430=FACE_OUTER_BOUND('',#1712,.T.);
#1431=FACE_OUTER_BOUND('',#1713,.T.);
#1432=FACE_OUTER_BOUND('',#1714,.T.);
#1433=FACE_OUTER_BOUND('',#1715,.T.);
#1434=FACE_OUTER_BOUND('',#1716,.T.);
#1435=FACE_OUTER_BOUND('',#1717,.T.);
#1436=FACE_OUTER_BOUND('',#1718,.T.);
#1437=FACE_OUTER_BOUND('',#1719,.T.);
#1438=FACE_OUTER_BOUND('',#1720,.T.);
#1439=FACE_OUTER_BOUND('',#1721,.T.);
#1440=FACE_OUTER_BOUND('',#1722,.T.);
#1441=FACE_OUTER_BOUND('',#1723,.T.);
#1442=FACE_OUTER_BOUND('',#1724,.T.);
#1443=FACE_OUTER_BOUND('',#1725,.T.);
#1444=FACE_OUTER_BOUND('',#1726,.T.);
#1445=FACE_OUTER_BOUND('',#1727,.T.);
#1446=FACE_OUTER_BOUND('',#1728,.T.);
#1447=FACE_OUTER_BOUND('',#1729,.T.);
#1448=FACE_OUTER_BOUND('',#1730,.T.);
#1449=FACE_OUTER_BOUND('',#1731,.T.);
#1450=FACE_OUTER_BOUND('',#1732,.T.);
#1451=FACE_OUTER_BOUND('',#1733,.T.);
#1452=FACE_OUTER_BOUND('',#1734,.T.);
#1453=FACE_OUTER_BOUND('',#1735,.T.);
#1454=FACE_OUTER_BOUND('',#1736,.T.);
#1455=FACE_OUTER_BOUND('',#1737,.T.);
#1456=FACE_OUTER_BOUND('',#1738,.T.);
#1457=FACE_OUTER_BOUND('',#1739,.T.);
#1458=FACE_OUTER_BOUND('',#1740,.T.);
#1459=FACE_OUTER_BOUND('',#1741,.T.);
#1460=FACE_OUTER_BOUND('',#1742,.T.);
#1461=FACE_OUTER_BOUND('',#1743,.T.);
#1462=FACE_OUTER_BOUND('',#1744,.T.);
#1463=FACE_OUTER_BOUND('',#1745,.T.);
#1464=FACE_OUTER_BOUND('',#1746,.T.);
#1465=FACE_OUTER_BOUND('',#1747,.T.);
#1466=FACE_OUTER_BOUND('',#1748,.T.);
#1467=FACE_OUTER_BOUND('',#1749,.T.);
#1468=FACE_OUTER_BOUND('',#1750,.T.);
#1469=FACE_OUTER_BOUND('',#1751,.T.);
#1470=FACE_OUTER_BOUND('',#1752,.T.);
#1471=FACE_OUTER_BOUND('',#1753,.T.);
#1472=FACE_OUTER_BOUND('',#1754,.T.);
#1473=FACE_OUTER_BOUND('',#1755,.T.);
#1474=FACE_OUTER_BOUND('',#1756,.T.);
#1475=FACE_OUTER_BOUND('',#1757,.T.);
#1476=FACE_OUTER_BOUND('',#1758,.T.);
#1477=FACE_OUTER_BOUND('',#1759,.T.);
#1478=FACE_OUTER_BOUND('',#1760,.T.);
#1479=FACE_OUTER_BOUND('',#1761,.T.);
#1480=FACE_OUTER_BOUND('',#1762,.T.);
#1481=FACE_OUTER_BOUND('',#1763,.T.);
#1482=FACE_OUTER_BOUND('',#1764,.T.);
#1483=FACE_OUTER_BOUND('',#1765,.T.);
#1484=FACE_OUTER_BOUND('',#1766,.T.);
#1485=FACE_OUTER_BOUND('',#1767,.T.);
#1486=FACE_OUTER_BOUND('',#1768,.T.);
#1487=FACE_OUTER_BOUND('',#1769,.T.);
#1488=FACE_OUTER_BOUND('',#1770,.T.);
#1489=FACE_OUTER_BOUND('',#1771,.T.);
#1490=FACE_OUTER_BOUND('',#1772,.T.);
#1491=FACE_OUTER_BOUND('',#1773,.T.);
#1492=FACE_OUTER_BOUND('',#1774,.T.);
#1493=FACE_OUTER_BOUND('',#1775,.T.);
#1494=FACE_OUTER_BOUND('',#1776,.T.);
#1495=FACE_OUTER_BOUND('',#1777,.T.);
#1496=FACE_OUTER_BOUND('',#1778,.T.);
#1497=FACE_OUTER_BOUND('',#1779,.T.);
#1498=FACE_OUTER_BOUND('',#1780,.T.);
#1499=FACE_OUTER_BOUND('',#1781,.T.);
#1500=FACE_OUTER_BOUND('',#1782,.T.);
#1501=FACE_OUTER_BOUND('',#1783,.T.);
#1502=FACE_OUTER_BOUND('',#1784,.T.);
#1503=FACE_OUTER_BOUND('',#1785,.T.);
#1504=FACE_OUTER_BOUND('',#1786,.T.);
#1505=FACE_OUTER_BOUND('',#1787,.T.);
#1506=FACE_OUTER_BOUND('',#1788,.T.);
#1507=FACE_OUTER_BOUND('',#1789,.T.);
#1508=FACE_OUTER_BOUND('',#1790,.T.);
#1509=FACE_OUTER_BOUND('',#1791,.T.);
#1510=FACE_OUTER_BOUND('',#1792,.T.);
#1511=FACE_OUTER_BOUND('',#1793,.T.);
#1512=FACE_OUTER_BOUND('',#1794,.T.);
#1513=FACE_OUTER_BOUND('',#1795,.T.);
#1514=FACE_OUTER_BOUND('',#1796,.T.);
#1515=FACE_OUTER_BOUND('',#1797,.T.);
#1516=FACE_OUTER_BOUND('',#1798,.T.);
#1517=FACE_OUTER_BOUND('',#1799,.T.);
#1518=FACE_OUTER_BOUND('',#1800,.T.);
#1519=FACE_OUTER_BOUND('',#1801,.T.);
#1520=FACE_OUTER_BOUND('',#1802,.T.);
#1521=FACE_OUTER_BOUND('',#1803,.T.);
#1522=FACE_OUTER_BOUND('',#1804,.T.);
#1523=FACE_OUTER_BOUND('',#1805,.T.);
#1524=FACE_OUTER_BOUND('',#1806,.T.);
#1525=FACE_OUTER_BOUND('',#1807,.T.);
#1526=FACE_OUTER_BOUND('',#1808,.T.);
#1527=FACE_OUTER_BOUND('',#1809,.T.);
#1528=FACE_OUTER_BOUND('',#1810,.T.);
#1529=FACE_OUTER_BOUND('',#1811,.T.);
#1530=FACE_OUTER_BOUND('',#1812,.T.);
#1531=FACE_OUTER_BOUND('',#1813,.T.);
#1532=FACE_OUTER_BOUND('',#1814,.T.);
#1533=FACE_OUTER_BOUND('',#1815,.T.);
#1534=FACE_OUTER_BOUND('',#1816,.T.);
#1535=FACE_OUTER_BOUND('',#1817,.T.);
#1536=FACE_OUTER_BOUND('',#1818,.T.);
#1537=FACE_OUTER_BOUND('',#1819,.T.);
#1538=FACE_OUTER_BOUND('',#1820,.T.);
#1539=FACE_OUTER_BOUND('',#1821,.T.);
#1540=FACE_OUTER_BOUND('',#1822,.T.);
#1541=FACE_OUTER_BOUND('',#1823,.T.);
#1542=FACE_OUTER_BOUND('',#1824,.T.);
#1543=FACE_OUTER_BOUND('',#1825,.T.);
#1544=FACE_OUTER_BOUND('',#1826,.T.);
#1545=FACE_OUTER_BOUND('',#1827,.T.);
#1546=FACE_OUTER_BOUND('',#1828,.T.);
#1547=FACE_OUTER_BOUND('',#1829,.T.);
#1548=FACE_OUTER_BOUND('',#1830,.T.);
#1549=FACE_OUTER_BOUND('',#1831,.T.);
#1550=FACE_OUTER_BOUND('',#1832,.T.);
#1551=FACE_OUTER_BOUND('',#1833,.T.);
#1552=FACE_OUTER_BOUND('',#1834,.T.);
#1553=FACE_OUTER_BOUND('',#1835,.T.);
#1554=FACE_OUTER_BOUND('',#1836,.T.);
#1555=FACE_OUTER_BOUND('',#1837,.T.);
#1556=FACE_OUTER_BOUND('',#1838,.T.);
#1557=FACE_OUTER_BOUND('',#1839,.T.);
#1558=FACE_OUTER_BOUND('',#1840,.T.);
#1559=FACE_OUTER_BOUND('',#1841,.T.);
#1560=FACE_OUTER_BOUND('',#1842,.T.);
#1561=FACE_OUTER_BOUND('',#1843,.T.);
#1562=FACE_OUTER_BOUND('',#1844,.T.);
#1563=FACE_OUTER_BOUND('',#1845,.T.);
#1564=FACE_OUTER_BOUND('',#1846,.T.);
#1565=FACE_OUTER_BOUND('',#1847,.T.);
#1566=FACE_OUTER_BOUND('',#1848,.T.);
#1567=FACE_OUTER_BOUND('',#1849,.T.);
#1568=FACE_OUTER_BOUND('',#1850,.T.);
#1569=FACE_OUTER_BOUND('',#1851,.T.);
#1570=FACE_OUTER_BOUND('',#1852,.T.);
#1571=FACE_OUTER_BOUND('',#1853,.T.);
#1572=FACE_OUTER_BOUND('',#1854,.T.);
#1573=FACE_OUTER_BOUND('',#1855,.T.);
#1574=FACE_OUTER_BOUND('',#1856,.T.);
#1575=FACE_OUTER_BOUND('',#1857,.T.);
#1576=FACE_OUTER_BOUND('',#1858,.T.);
#1577=FACE_OUTER_BOUND('',#1859,.T.);
#1578=FACE_OUTER_BOUND('',#1860,.T.);
#1579=FACE_OUTER_BOUND('',#1861,.T.);
#1580=FACE_OUTER_BOUND('',#1862,.T.);
#1581=FACE_OUTER_BOUND('',#1863,.T.);
#1582=FACE_OUTER_BOUND('',#1864,.T.);
#1583=FACE_OUTER_BOUND('',#1865,.T.);
#1584=FACE_OUTER_BOUND('',#1866,.T.);
#1585=FACE_OUTER_BOUND('',#1867,.T.);
#1586=FACE_OUTER_BOUND('',#1868,.T.);
#1587=FACE_OUTER_BOUND('',#1869,.T.);
#1588=FACE_OUTER_BOUND('',#1870,.T.);
#1589=FACE_OUTER_BOUND('',#1871,.T.);
#1590=FACE_OUTER_BOUND('',#1872,.T.);
#1591=FACE_OUTER_BOUND('',#1873,.T.);
#1592=FACE_OUTER_BOUND('',#1874,.T.);
#1593=FACE_OUTER_BOUND('',#1875,.T.);
#1594=EDGE_LOOP('',(#2960,#2961,#2962,#2963));
#1595=EDGE_LOOP('',(#2964,#2965,#2966,#2967,#2968));
#1596=EDGE_LOOP('',(#2969,#2970,#2971,#2972,#2973,#2974));
#1597=EDGE_LOOP('',(#2975,#2976,#2977,#2978));
#1598=EDGE_LOOP('',(#2979,#2980,#2981,#2982,#2983));
#1599=EDGE_LOOP('',(#2984,#2985,#2986,#2987,#2988,#2989));
#1600=EDGE_LOOP('',(#2990,#2991,#2992,#2993,#2994,#2995,#2996,#2997,#2998,
#2999,#3000,#3001,#3002,#3003,#3004,#3005,#3006,#3007,#3008,#3009,#3010,
#3011,#3012,#3013,#3014,#3015,#3016,#3017,#3018,#3019,#3020,#3021,#3022,
#3023,#3024,#3025,#3026,#3027,#3028,#3029,#3030,#3031,#3032,#3033,#3034,
#3035,#3036,#3037,#3038,#3039,#3040,#3041,#3042,#3043,#3044,#3045,#3046,
#3047,#3048,#3049,#3050,#3051,#3052,#3053,#3054,#3055,#3056,#3057,#3058,
#3059,#3060,#3061,#3062,#3063,#3064,#3065));
#1601=EDGE_LOOP('',(#3066,#3067,#3068,#3069,#3070,#3071,#3072,#3073,#3074,
#3075,#3076,#3077,#3078,#3079));
#1602=EDGE_LOOP('',(#3080,#3081,#3082,#3083,#3084,#3085,#3086,#3087,#3088,
#3089,#3090,#3091,#3092,#3093));
#1603=EDGE_LOOP('',(#3094,#3095,#3096,#3097,#3098,#3099,#3100,#3101,#3102,
#3103,#3104,#3105,#3106,#3107));
#1604=EDGE_LOOP('',(#3108,#3109,#3110,#3111,#3112,#3113,#3114,#3115));
#1605=EDGE_LOOP('',(#3116,#3117,#3118,#3119,#3120,#3121,#3122,#3123));
#1606=EDGE_LOOP('',(#3124,#3125,#3126,#3127,#3128,#3129,#3130,#3131));
#1607=EDGE_LOOP('',(#3132,#3133,#3134,#3135,#3136,#3137,#3138,#3139));
#1608=EDGE_LOOP('',(#3140,#3141,#3142,#3143,#3144,#3145,#3146,#3147));
#1609=EDGE_LOOP('',(#3148));
#1610=EDGE_LOOP('',(#3149));
#1611=EDGE_LOOP('',(#3150));
#1612=EDGE_LOOP('',(#3151));
#1613=EDGE_LOOP('',(#3152));
#1614=EDGE_LOOP('',(#3153));
#1615=EDGE_LOOP('',(#3154));
#1616=EDGE_LOOP('',(#3155));
#1617=EDGE_LOOP('',(#3156));
#1618=EDGE_LOOP('',(#3157));
#1619=EDGE_LOOP('',(#3158));
#1620=EDGE_LOOP('',(#3159));
#1621=EDGE_LOOP('',(#3160,#3161,#3162,#3163));
#1622=EDGE_LOOP('',(#3164,#3165,#3166,#3167,#3168));
#1623=EDGE_LOOP('',(#3169,#3170,#3171,#3172));
#1624=EDGE_LOOP('',(#3173,#3174,#3175,#3176,#3177));
#1625=EDGE_LOOP('',(#3178,#3179,#3180,#3181));
#1626=EDGE_LOOP('',(#3182,#3183,#3184,#3185));
#1627=EDGE_LOOP('',(#3186,#3187,#3188));
#1628=EDGE_LOOP('',(#3189,#3190,#3191));
#1629=EDGE_LOOP('',(#3192,#3193,#3194,#3195));
#1630=EDGE_LOOP('',(#3196,#3197,#3198,#3199));
#1631=EDGE_LOOP('',(#3200,#3201,#3202,#3203));
#1632=EDGE_LOOP('',(#3204,#3205,#3206,#3207));
#1633=EDGE_LOOP('',(#3208,#3209,#3210,#3211));
#1634=EDGE_LOOP('',(#3212,#3213,#3214,#3215,#3216,#3217,#3218,#3219,#3220,
#3221,#3222,#3223,#3224,#3225,#3226,#3227,#3228,#3229,#3230,#3231,#3232,
#3233,#3234,#3235,#3236,#3237,#3238,#3239,#3240,#3241,#3242,#3243,#3244,
#3245,#3246,#3247,#3248,#3249,#3250,#3251,#3252,#3253,#3254,#3255,#3256,
#3257,#3258,#3259,#3260,#3261,#3262,#3263,#3264,#3265,#3266,#3267,#3268,
#3269,#3270,#3271,#3272,#3273,#3274,#3275,#3276,#3277,#3278,#3279,#3280,
#3281,#3282,#3283));
#1635=EDGE_LOOP('',(#3284));
#1636=EDGE_LOOP('',(#3285));
#1637=EDGE_LOOP('',(#3286));
#1638=EDGE_LOOP('',(#3287));
#1639=EDGE_LOOP('',(#3288));
#1640=EDGE_LOOP('',(#3289));
#1641=EDGE_LOOP('',(#3290));
#1642=EDGE_LOOP('',(#3291));
#1643=EDGE_LOOP('',(#3292));
#1644=EDGE_LOOP('',(#3293));
#1645=EDGE_LOOP('',(#3294));
#1646=EDGE_LOOP('',(#3295));
#1647=EDGE_LOOP('',(#3296,#3297,#3298,#3299,#3300,#3301,#3302,#3303));
#1648=EDGE_LOOP('',(#3304,#3305,#3306,#3307,#3308,#3309,#3310,#3311));
#1649=EDGE_LOOP('',(#3312,#3313,#3314,#3315,#3316,#3317,#3318,#3319));
#1650=EDGE_LOOP('',(#3320,#3321,#3322,#3323,#3324,#3325,#3326,#3327));
#1651=EDGE_LOOP('',(#3328,#3329,#3330,#3331,#3332,#3333,#3334,#3335));
#1652=EDGE_LOOP('',(#3336,#3337,#3338,#3339,#3340,#3341,#3342,#3343,#3344,
#3345,#3346,#3347,#3348,#3349));
#1653=EDGE_LOOP('',(#3350,#3351,#3352,#3353,#3354,#3355,#3356,#3357,#3358,
#3359,#3360,#3361,#3362,#3363));
#1654=EDGE_LOOP('',(#3364,#3365,#3366,#3367,#3368,#3369,#3370,#3371,#3372,
#3373,#3374,#3375,#3376,#3377));
#1655=EDGE_LOOP('',(#3378,#3379,#3380,#3381));
#1656=EDGE_LOOP('',(#3382,#3383,#3384,#3385,#3386));
#1657=EDGE_LOOP('',(#3387,#3388,#3389,#3390));
#1658=EDGE_LOOP('',(#3391,#3392,#3393,#3394));
#1659=EDGE_LOOP('',(#3395,#3396,#3397,#3398));
#1660=EDGE_LOOP('',(#3399,#3400,#3401,#3402,#3403));
#1661=EDGE_LOOP('',(#3404,#3405,#3406,#3407,#3408));
#1662=EDGE_LOOP('',(#3409,#3410,#3411,#3412));
#1663=EDGE_LOOP('',(#3413,#3414,#3415,#3416));
#1664=EDGE_LOOP('',(#3417,#3418,#3419,#3420));
#1665=EDGE_LOOP('',(#3421,#3422,#3423,#3424));
#1666=EDGE_LOOP('',(#3425,#3426,#3427,#3428));
#1667=EDGE_LOOP('',(#3429,#3430,#3431,#3432));
#1668=EDGE_LOOP('',(#3433,#3434,#3435,#3436,#3437));
#1669=EDGE_LOOP('',(#3438,#3439,#3440,#3441));
#1670=EDGE_LOOP('',(#3442,#3443,#3444,#3445));
#1671=EDGE_LOOP('',(#3446,#3447,#3448,#3449));
#1672=EDGE_LOOP('',(#3450,#3451,#3452,#3453));
#1673=EDGE_LOOP('',(#3454,#3455,#3456,#3457));
#1674=EDGE_LOOP('',(#3458,#3459,#3460,#3461));
#1675=EDGE_LOOP('',(#3462,#3463,#3464,#3465));
#1676=EDGE_LOOP('',(#3466,#3467,#3468,#3469));
#1677=EDGE_LOOP('',(#3470,#3471,#3472,#3473));
#1678=EDGE_LOOP('',(#3474,#3475,#3476,#3477));
#1679=EDGE_LOOP('',(#3478,#3479,#3480,#3481));
#1680=EDGE_LOOP('',(#3482,#3483,#3484,#3485));
#1681=EDGE_LOOP('',(#3486,#3487,#3488,#3489));
#1682=EDGE_LOOP('',(#3490,#3491,#3492,#3493));
#1683=EDGE_LOOP('',(#3494,#3495,#3496,#3497));
#1684=EDGE_LOOP('',(#3498,#3499,#3500,#3501));
#1685=EDGE_LOOP('',(#3502,#3503,#3504,#3505));
#1686=EDGE_LOOP('',(#3506,#3507,#3508,#3509));
#1687=EDGE_LOOP('',(#3510,#3511,#3512,#3513));
#1688=EDGE_LOOP('',(#3514,#3515,#3516,#3517));
#1689=EDGE_LOOP('',(#3518,#3519,#3520,#3521));
#1690=EDGE_LOOP('',(#3522,#3523,#3524,#3525));
#1691=EDGE_LOOP('',(#3526,#3527,#3528,#3529));
#1692=EDGE_LOOP('',(#3530,#3531,#3532,#3533));
#1693=EDGE_LOOP('',(#3534,#3535,#3536,#3537));
#1694=EDGE_LOOP('',(#3538,#3539,#3540,#3541));
#1695=EDGE_LOOP('',(#3542,#3543,#3544,#3545));
#1696=EDGE_LOOP('',(#3546,#3547,#3548,#3549));
#1697=EDGE_LOOP('',(#3550,#3551,#3552,#3553));
#1698=EDGE_LOOP('',(#3554,#3555,#3556,#3557));
#1699=EDGE_LOOP('',(#3558,#3559,#3560,#3561));
#1700=EDGE_LOOP('',(#3562,#3563,#3564,#3565));
#1701=EDGE_LOOP('',(#3566,#3567,#3568,#3569));
#1702=EDGE_LOOP('',(#3570,#3571,#3572,#3573));
#1703=EDGE_LOOP('',(#3574,#3575,#3576,#3577));
#1704=EDGE_LOOP('',(#3578,#3579,#3580,#3581));
#1705=EDGE_LOOP('',(#3582,#3583,#3584,#3585));
#1706=EDGE_LOOP('',(#3586,#3587,#3588,#3589));
#1707=EDGE_LOOP('',(#3590,#3591,#3592,#3593));
#1708=EDGE_LOOP('',(#3594,#3595,#3596,#3597));
#1709=EDGE_LOOP('',(#3598,#3599,#3600,#3601));
#1710=EDGE_LOOP('',(#3602,#3603,#3604,#3605));
#1711=EDGE_LOOP('',(#3606,#3607,#3608,#3609));
#1712=EDGE_LOOP('',(#3610,#3611,#3612,#3613));
#1713=EDGE_LOOP('',(#3614,#3615,#3616,#3617));
#1714=EDGE_LOOP('',(#3618,#3619,#3620,#3621));
#1715=EDGE_LOOP('',(#3622,#3623,#3624,#3625));
#1716=EDGE_LOOP('',(#3626,#3627,#3628,#3629));
#1717=EDGE_LOOP('',(#3630,#3631,#3632,#3633));
#1718=EDGE_LOOP('',(#3634,#3635,#3636,#3637));
#1719=EDGE_LOOP('',(#3638,#3639,#3640));
#1720=EDGE_LOOP('',(#3641,#3642,#3643,#3644,#3645));
#1721=EDGE_LOOP('',(#3646,#3647,#3648));
#1722=EDGE_LOOP('',(#3649,#3650,#3651,#3652));
#1723=EDGE_LOOP('',(#3653,#3654,#3655,#3656,#3657));
#1724=EDGE_LOOP('',(#3658,#3659,#3660,#3661,#3662));
#1725=EDGE_LOOP('',(#3663,#3664,#3665,#3666));
#1726=EDGE_LOOP('',(#3667,#3668,#3669,#3670));
#1727=EDGE_LOOP('',(#3671,#3672,#3673,#3674));
#1728=EDGE_LOOP('',(#3675,#3676,#3677,#3678));
#1729=EDGE_LOOP('',(#3679,#3680,#3681,#3682));
#1730=EDGE_LOOP('',(#3683,#3684,#3685,#3686));
#1731=EDGE_LOOP('',(#3687,#3688,#3689,#3690));
#1732=EDGE_LOOP('',(#3691,#3692,#3693,#3694));
#1733=EDGE_LOOP('',(#3695,#3696,#3697,#3698));
#1734=EDGE_LOOP('',(#3699,#3700,#3701,#3702));
#1735=EDGE_LOOP('',(#3703,#3704,#3705,#3706));
#1736=EDGE_LOOP('',(#3707,#3708,#3709,#3710));
#1737=EDGE_LOOP('',(#3711,#3712,#3713,#3714));
#1738=EDGE_LOOP('',(#3715,#3716,#3717,#3718));
#1739=EDGE_LOOP('',(#3719,#3720,#3721,#3722));
#1740=EDGE_LOOP('',(#3723,#3724,#3725,#3726));
#1741=EDGE_LOOP('',(#3727,#3728,#3729,#3730));
#1742=EDGE_LOOP('',(#3731,#3732,#3733,#3734));
#1743=EDGE_LOOP('',(#3735,#3736,#3737,#3738));
#1744=EDGE_LOOP('',(#3739,#3740,#3741,#3742));
#1745=EDGE_LOOP('',(#3743,#3744,#3745,#3746));
#1746=EDGE_LOOP('',(#3747,#3748,#3749,#3750));
#1747=EDGE_LOOP('',(#3751,#3752,#3753,#3754));
#1748=EDGE_LOOP('',(#3755,#3756,#3757,#3758));
#1749=EDGE_LOOP('',(#3759,#3760,#3761,#3762));
#1750=EDGE_LOOP('',(#3763,#3764,#3765,#3766));
#1751=EDGE_LOOP('',(#3767,#3768,#3769,#3770));
#1752=EDGE_LOOP('',(#3771,#3772,#3773,#3774));
#1753=EDGE_LOOP('',(#3775,#3776,#3777,#3778));
#1754=EDGE_LOOP('',(#3779,#3780,#3781,#3782));
#1755=EDGE_LOOP('',(#3783,#3784,#3785,#3786));
#1756=EDGE_LOOP('',(#3787,#3788,#3789,#3790));
#1757=EDGE_LOOP('',(#3791,#3792,#3793,#3794));
#1758=EDGE_LOOP('',(#3795,#3796,#3797,#3798));
#1759=EDGE_LOOP('',(#3799,#3800,#3801,#3802));
#1760=EDGE_LOOP('',(#3803,#3804,#3805,#3806));
#1761=EDGE_LOOP('',(#3807,#3808,#3809,#3810));
#1762=EDGE_LOOP('',(#3811,#3812,#3813,#3814));
#1763=EDGE_LOOP('',(#3815,#3816,#3817,#3818));
#1764=EDGE_LOOP('',(#3819,#3820,#3821,#3822));
#1765=EDGE_LOOP('',(#3823,#3824,#3825,#3826));
#1766=EDGE_LOOP('',(#3827,#3828,#3829,#3830));
#1767=EDGE_LOOP('',(#3831,#3832,#3833,#3834));
#1768=EDGE_LOOP('',(#3835,#3836,#3837,#3838));
#1769=EDGE_LOOP('',(#3839,#3840,#3841,#3842));
#1770=EDGE_LOOP('',(#3843,#3844,#3845,#3846));
#1771=EDGE_LOOP('',(#3847,#3848,#3849,#3850));
#1772=EDGE_LOOP('',(#3851,#3852,#3853,#3854));
#1773=EDGE_LOOP('',(#3855,#3856,#3857,#3858));
#1774=EDGE_LOOP('',(#3859,#3860,#3861,#3862));
#1775=EDGE_LOOP('',(#3863,#3864,#3865,#3866));
#1776=EDGE_LOOP('',(#3867,#3868,#3869,#3870));
#1777=EDGE_LOOP('',(#3871,#3872,#3873,#3874));
#1778=EDGE_LOOP('',(#3875,#3876,#3877,#3878));
#1779=EDGE_LOOP('',(#3879,#3880,#3881,#3882));
#1780=EDGE_LOOP('',(#3883,#3884,#3885,#3886));
#1781=EDGE_LOOP('',(#3887,#3888,#3889,#3890));
#1782=EDGE_LOOP('',(#3891,#3892,#3893,#3894));
#1783=EDGE_LOOP('',(#3895,#3896,#3897,#3898));
#1784=EDGE_LOOP('',(#3899,#3900,#3901,#3902));
#1785=EDGE_LOOP('',(#3903,#3904,#3905,#3906));
#1786=EDGE_LOOP('',(#3907,#3908,#3909,#3910));
#1787=EDGE_LOOP('',(#3911,#3912,#3913,#3914));
#1788=EDGE_LOOP('',(#3915,#3916,#3917,#3918));
#1789=EDGE_LOOP('',(#3919,#3920,#3921,#3922));
#1790=EDGE_LOOP('',(#3923,#3924,#3925,#3926));
#1791=EDGE_LOOP('',(#3927,#3928,#3929,#3930));
#1792=EDGE_LOOP('',(#3931,#3932,#3933,#3934));
#1793=EDGE_LOOP('',(#3935,#3936,#3937,#3938));
#1794=EDGE_LOOP('',(#3939,#3940,#3941,#3942));
#1795=EDGE_LOOP('',(#3943,#3944,#3945,#3946));
#1796=EDGE_LOOP('',(#3947,#3948,#3949,#3950));
#1797=EDGE_LOOP('',(#3951,#3952,#3953,#3954));
#1798=EDGE_LOOP('',(#3955,#3956,#3957,#3958));
#1799=EDGE_LOOP('',(#3959,#3960,#3961,#3962));
#1800=EDGE_LOOP('',(#3963,#3964,#3965,#3966));
#1801=EDGE_LOOP('',(#3967,#3968,#3969,#3970));
#1802=EDGE_LOOP('',(#3971,#3972,#3973,#3974));
#1803=EDGE_LOOP('',(#3975,#3976,#3977,#3978));
#1804=EDGE_LOOP('',(#3979,#3980,#3981,#3982));
#1805=EDGE_LOOP('',(#3983,#3984,#3985,#3986));
#1806=EDGE_LOOP('',(#3987,#3988,#3989,#3990));
#1807=EDGE_LOOP('',(#3991,#3992,#3993,#3994));
#1808=EDGE_LOOP('',(#3995,#3996,#3997,#3998));
#1809=EDGE_LOOP('',(#3999,#4000,#4001,#4002));
#1810=EDGE_LOOP('',(#4003,#4004,#4005,#4006));
#1811=EDGE_LOOP('',(#4007,#4008,#4009,#4010));
#1812=EDGE_LOOP('',(#4011,#4012,#4013,#4014));
#1813=EDGE_LOOP('',(#4015,#4016,#4017,#4018));
#1814=EDGE_LOOP('',(#4019,#4020,#4021,#4022));
#1815=EDGE_LOOP('',(#4023,#4024,#4025,#4026));
#1816=EDGE_LOOP('',(#4027,#4028,#4029,#4030));
#1817=EDGE_LOOP('',(#4031,#4032,#4033,#4034));
#1818=EDGE_LOOP('',(#4035,#4036,#4037,#4038));
#1819=EDGE_LOOP('',(#4039,#4040,#4041,#4042));
#1820=EDGE_LOOP('',(#4043,#4044,#4045,#4046));
#1821=EDGE_LOOP('',(#4047,#4048,#4049,#4050));
#1822=EDGE_LOOP('',(#4051,#4052,#4053,#4054));
#1823=EDGE_LOOP('',(#4055,#4056,#4057,#4058));
#1824=EDGE_LOOP('',(#4059,#4060,#4061,#4062));
#1825=EDGE_LOOP('',(#4063,#4064,#4065,#4066));
#1826=EDGE_LOOP('',(#4067,#4068,#4069,#4070));
#1827=EDGE_LOOP('',(#4071,#4072,#4073,#4074));
#1828=EDGE_LOOP('',(#4075,#4076,#4077,#4078));
#1829=EDGE_LOOP('',(#4079,#4080,#4081,#4082));
#1830=EDGE_LOOP('',(#4083,#4084,#4085,#4086));
#1831=EDGE_LOOP('',(#4087,#4088,#4089,#4090));
#1832=EDGE_LOOP('',(#4091,#4092,#4093,#4094));
#1833=EDGE_LOOP('',(#4095,#4096,#4097,#4098));
#1834=EDGE_LOOP('',(#4099,#4100,#4101,#4102));
#1835=EDGE_LOOP('',(#4103,#4104,#4105,#4106));
#1836=EDGE_LOOP('',(#4107,#4108,#4109,#4110));
#1837=EDGE_LOOP('',(#4111,#4112,#4113,#4114));
#1838=EDGE_LOOP('',(#4115,#4116,#4117,#4118));
#1839=EDGE_LOOP('',(#4119,#4120,#4121,#4122));
#1840=EDGE_LOOP('',(#4123,#4124,#4125,#4126));
#1841=EDGE_LOOP('',(#4127,#4128,#4129,#4130));
#1842=EDGE_LOOP('',(#4131,#4132,#4133,#4134));
#1843=EDGE_LOOP('',(#4135,#4136,#4137,#4138));
#1844=EDGE_LOOP('',(#4139,#4140,#4141,#4142));
#1845=EDGE_LOOP('',(#4143,#4144,#4145,#4146));
#1846=EDGE_LOOP('',(#4147,#4148,#4149,#4150));
#1847=EDGE_LOOP('',(#4151,#4152,#4153,#4154,#4155));
#1848=EDGE_LOOP('',(#4156,#4157,#4158,#4159));
#1849=EDGE_LOOP('',(#4160,#4161,#4162,#4163));
#1850=EDGE_LOOP('',(#4164,#4165,#4166,#4167));
#1851=EDGE_LOOP('',(#4168,#4169,#4170,#4171));
#1852=EDGE_LOOP('',(#4172,#4173,#4174,#4175));
#1853=EDGE_LOOP('',(#4176,#4177,#4178,#4179));
#1854=EDGE_LOOP('',(#4180,#4181,#4182,#4183));
#1855=EDGE_LOOP('',(#4184,#4185,#4186,#4187));
#1856=EDGE_LOOP('',(#4188,#4189,#4190,#4191));
#1857=EDGE_LOOP('',(#4192,#4193,#4194,#4195));
#1858=EDGE_LOOP('',(#4196,#4197,#4198,#4199));
#1859=EDGE_LOOP('',(#4200,#4201,#4202,#4203));
#1860=EDGE_LOOP('',(#4204,#4205,#4206,#4207));
#1861=EDGE_LOOP('',(#4208,#4209,#4210,#4211));
#1862=EDGE_LOOP('',(#4212,#4213,#4214,#4215));
#1863=EDGE_LOOP('',(#4216,#4217,#4218,#4219));
#1864=EDGE_LOOP('',(#4220,#4221,#4222,#4223));
#1865=EDGE_LOOP('',(#4224,#4225,#4226,#4227));
#1866=EDGE_LOOP('',(#4228,#4229,#4230,#4231));
#1867=EDGE_LOOP('',(#4232,#4233,#4234,#4235));
#1868=EDGE_LOOP('',(#4236,#4237,#4238,#4239));
#1869=EDGE_LOOP('',(#4240,#4241,#4242,#4243));
#1870=EDGE_LOOP('',(#4244,#4245,#4246,#4247));
#1871=EDGE_LOOP('',(#4248,#4249,#4250,#4251));
#1872=EDGE_LOOP('',(#4252,#4253,#4254,#4255));
#1873=EDGE_LOOP('',(#4256,#4257,#4258,#4259));
#1874=EDGE_LOOP('',(#4260,#4261,#4262,#4263));
#1875=EDGE_LOOP('',(#4264,#4265,#4266,#4267));
#1876=B_SPLINE_CURVE_WITH_KNOTS('',3,(#6323,#6324,#6325,#6326,#6327,#6328,
#6329,#6330,#6331,#6332,#6333,#6334,#6335),.UNSPECIFIED.,.F.,.F.,(4,3,3,
3,4),(0.,0.0306626141357027,0.051875819585068,0.0826624691203522,0.103851302068983),
 .UNSPECIFIED.);
#1877=B_SPLINE_CURVE_WITH_KNOTS('',3,(#6337,#6338,#6339,#6340),
 .UNSPECIFIED.,.F.,.F.,(4,4),(-1.1773647672119,-1.03500977669561),
 .UNSPECIFIED.);
#1878=B_SPLINE_CURVE_WITH_KNOTS('',3,(#6342,#6343,#6344,#6345,#6346,#6347,
#6348,#6349,#6350,#6351,#6352,#6353,#6354),.UNSPECIFIED.,.F.,.F.,(4,3,3,
3,4),(0.,0.0296169524556566,0.0489615106273039,0.0780795188806895,0.0977590521535741),
 .UNSPECIFIED.);
#1879=B_SPLINE_CURVE_WITH_KNOTS('',3,(#6355,#6356,#6357,#6358),
 .UNSPECIFIED.,.F.,.F.,(4,4),(1.03500977669561,1.17767856590665),
 .UNSPECIFIED.);
#1880=B_SPLINE_CURVE_WITH_KNOTS('',3,(#6369,#6370,#6371,#6372),
 .UNSPECIFIED.,.F.,.F.,(4,4),(1.78371047860482,1.79762158416671),
 .UNSPECIFIED.);
#1881=B_SPLINE_CURVE_WITH_KNOTS('',3,(#6396,#6397,#6398,#6399,#6400,#6401,
#6402,#6403,#6404,#6405,#6406,#6407,#6408),.UNSPECIFIED.,.F.,.F.,(4,3,3,
3,4),(0.,0.0291187105661643,0.0487948071070568,0.0784128709210739,0.0977620765360164),
 .UNSPECIFIED.);
#1882=B_SPLINE_CURVE_WITH_KNOTS('',3,(#6410,#6411,#6412,#6413),
 .UNSPECIFIED.,.F.,.F.,(4,4),(-0.722305097905662,-0.579950107389317),
 .UNSPECIFIED.);
#1883=B_SPLINE_CURVE_WITH_KNOTS('',3,(#6415,#6416,#6417,#6418,#6419,#6420,
#6421,#6422,#6423,#6424,#6425,#6426,#6427),.UNSPECIFIED.,.F.,.F.,(4,3,3,
3,4),(6.93889390390723E-18,0.0307865381996039,0.0519742971155182,0.0826368044493685,
0.103850930020153),.UNSPECIFIED.);
#1884=B_SPLINE_CURVE_WITH_KNOTS('',3,(#6428,#6429,#6430,#6431),
 .UNSPECIFIED.,.F.,.F.,(4,4),(0.57963630869455,0.722305097905662),
 .UNSPECIFIED.);
#1885=B_SPLINE_CURVE_WITH_KNOTS('',3,(#6434,#6435,#6436,#6437),
 .UNSPECIFIED.,.F.,.F.,(4,4),(0.425344624764011,0.439255730327254),
 .UNSPECIFIED.);
#1886=B_SPLINE_CURVE_WITH_KNOTS('',3,(#6805,#6806,#6807,#6808,#6809,#6810,
#6811,#6812,#6813,#6814),.UNSPECIFIED.,.F.,.F.,(4,3,3,4),(-0.144826253091517,
-0.0724801383926456,-0.0362490529473768,0.),.UNSPECIFIED.);
#1887=B_SPLINE_CURVE_WITH_KNOTS('',3,(#6818,#6819,#6820,#6821,#6822,#6823,
#6824,#6825,#6826,#6827),.UNSPECIFIED.,.F.,.F.,(4,3,3,4),(-0.144827162055616,
-0.0725008721199462,-0.0362549953950231,0.),.UNSPECIFIED.);
#1888=B_SPLINE_CURVE_WITH_KNOTS('',3,(#6841,#6842,#6843,#6844),
 .UNSPECIFIED.,.F.,.F.,(4,4),(0.,9.09123081687465E-6),.UNSPECIFIED.);
#1889=B_SPLINE_CURVE_WITH_KNOTS('',3,(#6845,#6846,#6847,#6848),
 .UNSPECIFIED.,.F.,.F.,(4,4),(0.,0.144734073874965),.UNSPECIFIED.);
#1890=B_SPLINE_CURVE_WITH_KNOTS('',3,(#6858,#6859,#6860,#6861),
 .UNSPECIFIED.,.F.,.F.,(4,4),(0.,0.144734073875516),.UNSPECIFIED.);
#1891=B_SPLINE_CURVE_WITH_KNOTS('',3,(#6862,#6863,#6864,#6865),
 .UNSPECIFIED.,.F.,.F.,(4,4),(-9.09123073356825E-6,0.),.UNSPECIFIED.);
#1892=VERTEX_POINT('',#6321);
#1893=VERTEX_POINT('',#6322);
#1894=VERTEX_POINT('',#6336);
#1895=VERTEX_POINT('',#6341);
#1896=VERTEX_POINT('',#6360);
#1897=VERTEX_POINT('',#6362);
#1898=VERTEX_POINT('',#6364);
#1899=VERTEX_POINT('',#6368);
#1900=VERTEX_POINT('',#6373);
#1901=VERTEX_POINT('',#6375);
#1902=VERTEX_POINT('',#6394);
#1903=VERTEX_POINT('',#6395);
#1904=VERTEX_POINT('',#6409);
#1905=VERTEX_POINT('',#6414);
#1906=VERTEX_POINT('',#6433);
#1907=VERTEX_POINT('',#6438);
#1908=VERTEX_POINT('',#6440);
#1909=VERTEX_POINT('',#6444);
#1910=VERTEX_POINT('',#6446);
#1911=VERTEX_POINT('',#6448);
#1912=VERTEX_POINT('',#6452);
#1913=VERTEX_POINT('',#6454);
#1914=VERTEX_POINT('',#6456);
#1915=VERTEX_POINT('',#6458);
#1916=VERTEX_POINT('',#6461);
#1917=VERTEX_POINT('',#6463);
#1918=VERTEX_POINT('',#6465);
#1919=VERTEX_POINT('',#6467);
#1920=VERTEX_POINT('',#6469);
#1921=VERTEX_POINT('',#6471);
#1922=VERTEX_POINT('',#6473);
#1923=VERTEX_POINT('',#6475);
#1924=VERTEX_POINT('',#6477);
#1925=VERTEX_POINT('',#6479);
#1926=VERTEX_POINT('',#6481);
#1927=VERTEX_POINT('',#6483);
#1928=VERTEX_POINT('',#6485);
#1929=VERTEX_POINT('',#6487);
#1930=VERTEX_POINT('',#6489);
#1931=VERTEX_POINT('',#6491);
#1932=VERTEX_POINT('',#6493);
#1933=VERTEX_POINT('',#6495);
#1934=VERTEX_POINT('',#6497);
#1935=VERTEX_POINT('',#6499);
#1936=VERTEX_POINT('',#6501);
#1937=VERTEX_POINT('',#6503);
#1938=VERTEX_POINT('',#6505);
#1939=VERTEX_POINT('',#6507);
#1940=VERTEX_POINT('',#6509);
#1941=VERTEX_POINT('',#6511);
#1942=VERTEX_POINT('',#6513);
#1943=VERTEX_POINT('',#6515);
#1944=VERTEX_POINT('',#6517);
#1945=VERTEX_POINT('',#6519);
#1946=VERTEX_POINT('',#6521);
#1947=VERTEX_POINT('',#6523);
#1948=VERTEX_POINT('',#6525);
#1949=VERTEX_POINT('',#6527);
#1950=VERTEX_POINT('',#6529);
#1951=VERTEX_POINT('',#6531);
#1952=VERTEX_POINT('',#6533);
#1953=VERTEX_POINT('',#6535);
#1954=VERTEX_POINT('',#6537);
#1955=VERTEX_POINT('',#6539);
#1956=VERTEX_POINT('',#6541);
#1957=VERTEX_POINT('',#6543);
#1958=VERTEX_POINT('',#6545);
#1959=VERTEX_POINT('',#6547);
#1960=VERTEX_POINT('',#6549);
#1961=VERTEX_POINT('',#6551);
#1962=VERTEX_POINT('',#6553);
#1963=VERTEX_POINT('',#6555);
#1964=VERTEX_POINT('',#6557);
#1965=VERTEX_POINT('',#6559);
#1966=VERTEX_POINT('',#6561);
#1967=VERTEX_POINT('',#6563);
#1968=VERTEX_POINT('',#6565);
#1969=VERTEX_POINT('',#6567);
#1970=VERTEX_POINT('',#6569);
#1971=VERTEX_POINT('',#6571);
#1972=VERTEX_POINT('',#6573);
#1973=VERTEX_POINT('',#6575);
#1974=VERTEX_POINT('',#6577);
#1975=VERTEX_POINT('',#6579);
#1976=VERTEX_POINT('',#6581);
#1977=VERTEX_POINT('',#6583);
#1978=VERTEX_POINT('',#6585);
#1979=VERTEX_POINT('',#6587);
#1980=VERTEX_POINT('',#6589);
#1981=VERTEX_POINT('',#6591);
#1982=VERTEX_POINT('',#6593);
#1983=VERTEX_POINT('',#6595);
#1984=VERTEX_POINT('',#6598);
#1985=VERTEX_POINT('',#6599);
#1986=VERTEX_POINT('',#6601);
#1987=VERTEX_POINT('',#6603);
#1988=VERTEX_POINT('',#6605);
#1989=VERTEX_POINT('',#6607);
#1990=VERTEX_POINT('',#6609);
#1991=VERTEX_POINT('',#6611);
#1992=VERTEX_POINT('',#6613);
#1993=VERTEX_POINT('',#6615);
#1994=VERTEX_POINT('',#6617);
#1995=VERTEX_POINT('',#6619);
#1996=VERTEX_POINT('',#6621);
#1997=VERTEX_POINT('',#6623);
#1998=VERTEX_POINT('',#6626);
#1999=VERTEX_POINT('',#6627);
#2000=VERTEX_POINT('',#6629);
#2001=VERTEX_POINT('',#6631);
#2002=VERTEX_POINT('',#6633);
#2003=VERTEX_POINT('',#6635);
#2004=VERTEX_POINT('',#6637);
#2005=VERTEX_POINT('',#6639);
#2006=VERTEX_POINT('',#6641);
#2007=VERTEX_POINT('',#6643);
#2008=VERTEX_POINT('',#6645);
#2009=VERTEX_POINT('',#6647);
#2010=VERTEX_POINT('',#6649);
#2011=VERTEX_POINT('',#6651);
#2012=VERTEX_POINT('',#6654);
#2013=VERTEX_POINT('',#6655);
#2014=VERTEX_POINT('',#6657);
#2015=VERTEX_POINT('',#6659);
#2016=VERTEX_POINT('',#6661);
#2017=VERTEX_POINT('',#6663);
#2018=VERTEX_POINT('',#6665);
#2019=VERTEX_POINT('',#6667);
#2020=VERTEX_POINT('',#6669);
#2021=VERTEX_POINT('',#6671);
#2022=VERTEX_POINT('',#6673);
#2023=VERTEX_POINT('',#6675);
#2024=VERTEX_POINT('',#6677);
#2025=VERTEX_POINT('',#6679);
#2026=VERTEX_POINT('',#6682);
#2027=VERTEX_POINT('',#6683);
#2028=VERTEX_POINT('',#6685);
#2029=VERTEX_POINT('',#6687);
#2030=VERTEX_POINT('',#6689);
#2031=VERTEX_POINT('',#6691);
#2032=VERTEX_POINT('',#6693);
#2033=VERTEX_POINT('',#6695);
#2034=VERTEX_POINT('',#6698);
#2035=VERTEX_POINT('',#6699);
#2036=VERTEX_POINT('',#6701);
#2037=VERTEX_POINT('',#6703);
#2038=VERTEX_POINT('',#6705);
#2039=VERTEX_POINT('',#6707);
#2040=VERTEX_POINT('',#6709);
#2041=VERTEX_POINT('',#6711);
#2042=VERTEX_POINT('',#6714);
#2043=VERTEX_POINT('',#6715);
#2044=VERTEX_POINT('',#6717);
#2045=VERTEX_POINT('',#6719);
#2046=VERTEX_POINT('',#6721);
#2047=VERTEX_POINT('',#6723);
#2048=VERTEX_POINT('',#6725);
#2049=VERTEX_POINT('',#6727);
#2050=VERTEX_POINT('',#6730);
#2051=VERTEX_POINT('',#6731);
#2052=VERTEX_POINT('',#6733);
#2053=VERTEX_POINT('',#6735);
#2054=VERTEX_POINT('',#6737);
#2055=VERTEX_POINT('',#6739);
#2056=VERTEX_POINT('',#6741);
#2057=VERTEX_POINT('',#6743);
#2058=VERTEX_POINT('',#6746);
#2059=VERTEX_POINT('',#6747);
#2060=VERTEX_POINT('',#6749);
#2061=VERTEX_POINT('',#6751);
#2062=VERTEX_POINT('',#6753);
#2063=VERTEX_POINT('',#6755);
#2064=VERTEX_POINT('',#6757);
#2065=VERTEX_POINT('',#6759);
#2066=VERTEX_POINT('',#6762);
#2067=VERTEX_POINT('',#6764);
#2068=VERTEX_POINT('',#6766);
#2069=VERTEX_POINT('',#6768);
#2070=VERTEX_POINT('',#6770);
#2071=VERTEX_POINT('',#6772);
#2072=VERTEX_POINT('',#6774);
#2073=VERTEX_POINT('',#6776);
#2074=VERTEX_POINT('',#6778);
#2075=VERTEX_POINT('',#6780);
#2076=VERTEX_POINT('',#6782);
#2077=VERTEX_POINT('',#6784);
#2078=VERTEX_POINT('',#6787);
#2079=VERTEX_POINT('',#6791);
#2080=VERTEX_POINT('',#6795);
#2081=VERTEX_POINT('',#6799);
#2082=VERTEX_POINT('',#6803);
#2083=VERTEX_POINT('',#6804);
#2084=VERTEX_POINT('',#6815);
#2085=VERTEX_POINT('',#6817);
#2086=VERTEX_POINT('',#6840);
#2087=VERTEX_POINT('',#6857);
#2088=VERTEX_POINT('',#6877);
#2089=VERTEX_POINT('',#6879);
#2090=VERTEX_POINT('',#6881);
#2091=VERTEX_POINT('',#6883);
#2092=VERTEX_POINT('',#6885);
#2093=VERTEX_POINT('',#6887);
#2094=VERTEX_POINT('',#6889);
#2095=VERTEX_POINT('',#6891);
#2096=VERTEX_POINT('',#6893);
#2097=VERTEX_POINT('',#6895);
#2098=VERTEX_POINT('',#6897);
#2099=VERTEX_POINT('',#6899);
#2100=VERTEX_POINT('',#6901);
#2101=VERTEX_POINT('',#6903);
#2102=VERTEX_POINT('',#6905);
#2103=VERTEX_POINT('',#6907);
#2104=VERTEX_POINT('',#6909);
#2105=VERTEX_POINT('',#6911);
#2106=VERTEX_POINT('',#6913);
#2107=VERTEX_POINT('',#6915);
#2108=VERTEX_POINT('',#6917);
#2109=VERTEX_POINT('',#6919);
#2110=VERTEX_POINT('',#6921);
#2111=VERTEX_POINT('',#6923);
#2112=VERTEX_POINT('',#6925);
#2113=VERTEX_POINT('',#6927);
#2114=VERTEX_POINT('',#6929);
#2115=VERTEX_POINT('',#6931);
#2116=VERTEX_POINT('',#6933);
#2117=VERTEX_POINT('',#6935);
#2118=VERTEX_POINT('',#6937);
#2119=VERTEX_POINT('',#6939);
#2120=VERTEX_POINT('',#6941);
#2121=VERTEX_POINT('',#6943);
#2122=VERTEX_POINT('',#6945);
#2123=VERTEX_POINT('',#6947);
#2124=VERTEX_POINT('',#6949);
#2125=VERTEX_POINT('',#6951);
#2126=VERTEX_POINT('',#6953);
#2127=VERTEX_POINT('',#6955);
#2128=VERTEX_POINT('',#6957);
#2129=VERTEX_POINT('',#6959);
#2130=VERTEX_POINT('',#6961);
#2131=VERTEX_POINT('',#6963);
#2132=VERTEX_POINT('',#6965);
#2133=VERTEX_POINT('',#6967);
#2134=VERTEX_POINT('',#6969);
#2135=VERTEX_POINT('',#6971);
#2136=VERTEX_POINT('',#6973);
#2137=VERTEX_POINT('',#6975);
#2138=VERTEX_POINT('',#6977);
#2139=VERTEX_POINT('',#6979);
#2140=VERTEX_POINT('',#6981);
#2141=VERTEX_POINT('',#6983);
#2142=VERTEX_POINT('',#6985);
#2143=VERTEX_POINT('',#6987);
#2144=VERTEX_POINT('',#6989);
#2145=VERTEX_POINT('',#6991);
#2146=VERTEX_POINT('',#6993);
#2147=VERTEX_POINT('',#6995);
#2148=VERTEX_POINT('',#6998);
#2149=VERTEX_POINT('',#7000);
#2150=VERTEX_POINT('',#7002);
#2151=VERTEX_POINT('',#7004);
#2152=VERTEX_POINT('',#7006);
#2153=VERTEX_POINT('',#7008);
#2154=VERTEX_POINT('',#7010);
#2155=VERTEX_POINT('',#7012);
#2156=VERTEX_POINT('',#7014);
#2157=VERTEX_POINT('',#7016);
#2158=VERTEX_POINT('',#7018);
#2159=VERTEX_POINT('',#7020);
#2160=VERTEX_POINT('',#7022);
#2161=VERTEX_POINT('',#7023);
#2162=VERTEX_POINT('',#7025);
#2163=VERTEX_POINT('',#7027);
#2164=VERTEX_POINT('',#7029);
#2165=VERTEX_POINT('',#7031);
#2166=VERTEX_POINT('',#7033);
#2167=VERTEX_POINT('',#7035);
#2168=VERTEX_POINT('',#7038);
#2169=VERTEX_POINT('',#7039);
#2170=VERTEX_POINT('',#7041);
#2171=VERTEX_POINT('',#7043);
#2172=VERTEX_POINT('',#7045);
#2173=VERTEX_POINT('',#7047);
#2174=VERTEX_POINT('',#7049);
#2175=VERTEX_POINT('',#7051);
#2176=VERTEX_POINT('',#7054);
#2177=VERTEX_POINT('',#7055);
#2178=VERTEX_POINT('',#7057);
#2179=VERTEX_POINT('',#7059);
#2180=VERTEX_POINT('',#7061);
#2181=VERTEX_POINT('',#7063);
#2182=VERTEX_POINT('',#7065);
#2183=VERTEX_POINT('',#7067);
#2184=VERTEX_POINT('',#7070);
#2185=VERTEX_POINT('',#7071);
#2186=VERTEX_POINT('',#7073);
#2187=VERTEX_POINT('',#7075);
#2188=VERTEX_POINT('',#7077);
#2189=VERTEX_POINT('',#7079);
#2190=VERTEX_POINT('',#7081);
#2191=VERTEX_POINT('',#7083);
#2192=VERTEX_POINT('',#7086);
#2193=VERTEX_POINT('',#7087);
#2194=VERTEX_POINT('',#7089);
#2195=VERTEX_POINT('',#7091);
#2196=VERTEX_POINT('',#7093);
#2197=VERTEX_POINT('',#7095);
#2198=VERTEX_POINT('',#7097);
#2199=VERTEX_POINT('',#7099);
#2200=VERTEX_POINT('',#7102);
#2201=VERTEX_POINT('',#7103);
#2202=VERTEX_POINT('',#7105);
#2203=VERTEX_POINT('',#7107);
#2204=VERTEX_POINT('',#7109);
#2205=VERTEX_POINT('',#7111);
#2206=VERTEX_POINT('',#7113);
#2207=VERTEX_POINT('',#7115);
#2208=VERTEX_POINT('',#7117);
#2209=VERTEX_POINT('',#7119);
#2210=VERTEX_POINT('',#7121);
#2211=VERTEX_POINT('',#7123);
#2212=VERTEX_POINT('',#7125);
#2213=VERTEX_POINT('',#7127);
#2214=VERTEX_POINT('',#7130);
#2215=VERTEX_POINT('',#7131);
#2216=VERTEX_POINT('',#7133);
#2217=VERTEX_POINT('',#7135);
#2218=VERTEX_POINT('',#7137);
#2219=VERTEX_POINT('',#7139);
#2220=VERTEX_POINT('',#7141);
#2221=VERTEX_POINT('',#7143);
#2222=VERTEX_POINT('',#7145);
#2223=VERTEX_POINT('',#7147);
#2224=VERTEX_POINT('',#7149);
#2225=VERTEX_POINT('',#7151);
#2226=VERTEX_POINT('',#7153);
#2227=VERTEX_POINT('',#7155);
#2228=VERTEX_POINT('',#7158);
#2229=VERTEX_POINT('',#7159);
#2230=VERTEX_POINT('',#7161);
#2231=VERTEX_POINT('',#7163);
#2232=VERTEX_POINT('',#7165);
#2233=VERTEX_POINT('',#7167);
#2234=VERTEX_POINT('',#7169);
#2235=VERTEX_POINT('',#7171);
#2236=VERTEX_POINT('',#7173);
#2237=VERTEX_POINT('',#7175);
#2238=VERTEX_POINT('',#7177);
#2239=VERTEX_POINT('',#7179);
#2240=VERTEX_POINT('',#7181);
#2241=VERTEX_POINT('',#7183);
#2242=VERTEX_POINT('',#7189);
#2243=VERTEX_POINT('',#7190);
#2244=VERTEX_POINT('',#7192);
#2245=VERTEX_POINT('',#7197);
#2246=VERTEX_POINT('',#7201);
#2247=VERTEX_POINT('',#7205);
#2248=VERTEX_POINT('',#7209);
#2249=VERTEX_POINT('',#7211);
#2250=VERTEX_POINT('',#7230);
#2251=VERTEX_POINT('',#7231);
#2252=VERTEX_POINT('',#7233);
#2253=VERTEX_POINT('',#7238);
#2254=VERTEX_POINT('',#7240);
#2255=VERTEX_POINT('',#7244);
#2256=VERTEX_POINT('',#7248);
#2257=VERTEX_POINT('',#7252);
#2258=VERTEX_POINT('',#7256);
#2259=VERTEX_POINT('',#7260);
#2260=VERTEX_POINT('',#7264);
#2261=VERTEX_POINT('',#7268);
#2262=VERTEX_POINT('',#7272);
#2263=VERTEX_POINT('',#7276);
#2264=VERTEX_POINT('',#7280);
#2265=VERTEX_POINT('',#7284);
#2266=VERTEX_POINT('',#7288);
#2267=VERTEX_POINT('',#7292);
#2268=VERTEX_POINT('',#7296);
#2269=VERTEX_POINT('',#7300);
#2270=VERTEX_POINT('',#7304);
#2271=VERTEX_POINT('',#7308);
#2272=VERTEX_POINT('',#7312);
#2273=VERTEX_POINT('',#7316);
#2274=VERTEX_POINT('',#7320);
#2275=VERTEX_POINT('',#7324);
#2276=VERTEX_POINT('',#7328);
#2277=VERTEX_POINT('',#7332);
#2278=VERTEX_POINT('',#7338);
#2279=VERTEX_POINT('',#7342);
#2280=VERTEX_POINT('',#7346);
#2281=VERTEX_POINT('',#7350);
#2282=VERTEX_POINT('',#7354);
#2283=VERTEX_POINT('',#7358);
#2284=VERTEX_POINT('',#7362);
#2285=VERTEX_POINT('',#7366);
#2286=VERTEX_POINT('',#7370);
#2287=VERTEX_POINT('',#7374);
#2288=VERTEX_POINT('',#7378);
#2289=VERTEX_POINT('',#7382);
#2290=VERTEX_POINT('',#7386);
#2291=VERTEX_POINT('',#7390);
#2292=VERTEX_POINT('',#7394);
#2293=VERTEX_POINT('',#7398);
#2294=VERTEX_POINT('',#7402);
#2295=VERTEX_POINT('',#7406);
#2296=VERTEX_POINT('',#7410);
#2297=VERTEX_POINT('',#7414);
#2298=VERTEX_POINT('',#7418);
#2299=VERTEX_POINT('',#7422);
#2300=VERTEX_POINT('',#7426);
#2301=VERTEX_POINT('',#7430);
#2302=VERTEX_POINT('',#7434);
#2303=VERTEX_POINT('',#7440);
#2304=VERTEX_POINT('',#7442);
#2305=VERTEX_POINT('',#7444);
#2306=EDGE_CURVE('',#1892,#1893,#1876,.T.);
#2307=EDGE_CURVE('',#1893,#1894,#1877,.T.);
#2308=EDGE_CURVE('',#1894,#1895,#1878,.T.);
#2309=EDGE_CURVE('',#1895,#1892,#1879,.T.);
#2310=EDGE_CURVE('',#1896,#1893,#1233,.T.);
#2311=EDGE_CURVE('',#1896,#1897,#391,.T.);
#2312=EDGE_CURVE('',#1897,#1898,#392,.T.);
#2313=EDGE_CURVE('',#1898,#1894,#393,.T.);
#2314=EDGE_CURVE('',#1892,#1899,#1880,.T.);
#2315=EDGE_CURVE('',#1899,#1900,#394,.T.);
#2316=EDGE_CURVE('',#1900,#1901,#88,.T.);
#2317=EDGE_CURVE('',#1901,#1896,#395,.T.);
#2318=EDGE_CURVE('',#1902,#1903,#1881,.T.);
#2319=EDGE_CURVE('',#1903,#1904,#1882,.T.);
#2320=EDGE_CURVE('',#1904,#1905,#1883,.T.);
#2321=EDGE_CURVE('',#1905,#1902,#1884,.T.);
#2322=EDGE_CURVE('',#1906,#1905,#1885,.T.);
#2323=EDGE_CURVE('',#1906,#1907,#89,.T.);
#2324=EDGE_CURVE('',#1907,#1908,#396,.T.);
#2325=EDGE_CURVE('',#1908,#1902,#90,.T.);
#2326=EDGE_CURVE('',#1904,#1909,#1234,.T.);
#2327=EDGE_CURVE('',#1909,#1910,#397,.T.);
#2328=EDGE_CURVE('',#1910,#1911,#91,.T.);
#2329=EDGE_CURVE('',#1911,#1906,#398,.T.);
#2330=EDGE_CURVE('',#1910,#1912,#399,.T.);
#2331=EDGE_CURVE('',#1912,#1913,#92,.T.);
#2332=EDGE_CURVE('',#1914,#1913,#93,.T.);
#2333=EDGE_CURVE('',#1914,#1915,#94,.T.);
#2334=EDGE_CURVE('',#1915,#1901,#400,.T.);
#2335=EDGE_CURVE('',#1900,#1916,#95,.T.);
#2336=EDGE_CURVE('',#1916,#1917,#401,.T.);
#2337=EDGE_CURVE('',#1917,#1918,#96,.T.);
#2338=EDGE_CURVE('',#1918,#1919,#402,.T.);
#2339=EDGE_CURVE('',#1919,#1920,#97,.T.);
#2340=EDGE_CURVE('',#1920,#1921,#403,.T.);
#2341=EDGE_CURVE('',#1921,#1922,#98,.T.);
#2342=EDGE_CURVE('',#1922,#1923,#404,.T.);
#2343=EDGE_CURVE('',#1923,#1924,#99,.T.);
#2344=EDGE_CURVE('',#1924,#1925,#405,.T.);
#2345=EDGE_CURVE('',#1925,#1926,#100,.T.);
#2346=EDGE_CURVE('',#1926,#1927,#406,.T.);
#2347=EDGE_CURVE('',#1927,#1928,#101,.T.);
#2348=EDGE_CURVE('',#1928,#1929,#407,.T.);
#2349=EDGE_CURVE('',#1929,#1930,#102,.T.);
#2350=EDGE_CURVE('',#1930,#1931,#408,.T.);
#2351=EDGE_CURVE('',#1931,#1932,#103,.T.);
#2352=EDGE_CURVE('',#1932,#1933,#409,.T.);
#2353=EDGE_CURVE('',#1933,#1934,#104,.T.);
#2354=EDGE_CURVE('',#1934,#1935,#410,.T.);
#2355=EDGE_CURVE('',#1935,#1936,#105,.T.);
#2356=EDGE_CURVE('',#1936,#1937,#411,.T.);
#2357=EDGE_CURVE('',#1937,#1938,#106,.T.);
#2358=EDGE_CURVE('',#1938,#1939,#412,.T.);
#2359=EDGE_CURVE('',#1939,#1940,#107,.T.);
#2360=EDGE_CURVE('',#1940,#1941,#413,.T.);
#2361=EDGE_CURVE('',#1941,#1942,#108,.T.);
#2362=EDGE_CURVE('',#1942,#1943,#414,.T.);
#2363=EDGE_CURVE('',#1943,#1944,#109,.T.);
#2364=EDGE_CURVE('',#1944,#1945,#415,.T.);
#2365=EDGE_CURVE('',#1945,#1946,#110,.T.);
#2366=EDGE_CURVE('',#1946,#1947,#416,.T.);
#2367=EDGE_CURVE('',#1947,#1948,#417,.T.);
#2368=EDGE_CURVE('',#1948,#1949,#111,.T.);
#2369=EDGE_CURVE('',#1950,#1949,#418,.T.);
#2370=EDGE_CURVE('',#1951,#1950,#112,.T.);
#2371=EDGE_CURVE('',#1952,#1951,#419,.T.);
#2372=EDGE_CURVE('',#1953,#1952,#420,.T.);
#2373=EDGE_CURVE('',#1954,#1953,#113,.T.);
#2374=EDGE_CURVE('',#1955,#1954,#421,.T.);
#2375=EDGE_CURVE('',#1956,#1955,#114,.T.);
#2376=EDGE_CURVE('',#1957,#1956,#422,.T.);
#2377=EDGE_CURVE('',#1958,#1957,#115,.T.);
#2378=EDGE_CURVE('',#1959,#1958,#423,.T.);
#2379=EDGE_CURVE('',#1960,#1959,#116,.T.);
#2380=EDGE_CURVE('',#1961,#1960,#424,.T.);
#2381=EDGE_CURVE('',#1962,#1961,#117,.T.);
#2382=EDGE_CURVE('',#1963,#1962,#425,.T.);
#2383=EDGE_CURVE('',#1964,#1963,#118,.T.);
#2384=EDGE_CURVE('',#1965,#1964,#426,.T.);
#2385=EDGE_CURVE('',#1966,#1965,#119,.T.);
#2386=EDGE_CURVE('',#1967,#1966,#427,.T.);
#2387=EDGE_CURVE('',#1968,#1967,#120,.T.);
#2388=EDGE_CURVE('',#1969,#1968,#428,.T.);
#2389=EDGE_CURVE('',#1970,#1969,#121,.T.);
#2390=EDGE_CURVE('',#1971,#1970,#429,.T.);
#2391=EDGE_CURVE('',#1972,#1971,#122,.T.);
#2392=EDGE_CURVE('',#1973,#1972,#430,.T.);
#2393=EDGE_CURVE('',#1974,#1973,#123,.T.);
#2394=EDGE_CURVE('',#1975,#1974,#431,.T.);
#2395=EDGE_CURVE('',#1976,#1975,#124,.T.);
#2396=EDGE_CURVE('',#1977,#1976,#432,.T.);
#2397=EDGE_CURVE('',#1978,#1977,#125,.T.);
#2398=EDGE_CURVE('',#1979,#1978,#433,.T.);
#2399=EDGE_CURVE('',#1980,#1979,#126,.T.);
#2400=EDGE_CURVE('',#1981,#1980,#434,.T.);
#2401=EDGE_CURVE('',#1982,#1981,#127,.T.);
#2402=EDGE_CURVE('',#1983,#1982,#435,.T.);
#2403=EDGE_CURVE('',#1911,#1983,#128,.T.);
#2404=EDGE_CURVE('',#1984,#1985,#129,.T.);
#2405=EDGE_CURVE('',#1984,#1986,#436,.T.);
#2406=EDGE_CURVE('',#1986,#1987,#130,.T.);
#2407=EDGE_CURVE('',#1987,#1988,#437,.T.);
#2408=EDGE_CURVE('',#1988,#1989,#131,.T.);
#2409=EDGE_CURVE('',#1989,#1990,#438,.T.);
#2410=EDGE_CURVE('',#1990,#1991,#132,.T.);
#2411=EDGE_CURVE('',#1991,#1992,#439,.T.);
#2412=EDGE_CURVE('',#1992,#1993,#133,.T.);
#2413=EDGE_CURVE('',#1994,#1993,#440,.T.);
#2414=EDGE_CURVE('',#1994,#1995,#134,.T.);
#2415=EDGE_CURVE('',#1996,#1995,#441,.T.);
#2416=EDGE_CURVE('',#1996,#1997,#135,.T.);
#2417=EDGE_CURVE('',#1997,#1985,#442,.T.);
#2418=EDGE_CURVE('',#1998,#1999,#443,.T.);
#2419=EDGE_CURVE('',#1998,#2000,#136,.T.);
#2420=EDGE_CURVE('',#2000,#2001,#444,.T.);
#2421=EDGE_CURVE('',#2001,#2002,#137,.T.);
#2422=EDGE_CURVE('',#2002,#2003,#445,.T.);
#2423=EDGE_CURVE('',#2003,#2004,#138,.T.);
#2424=EDGE_CURVE('',#2005,#2004,#446,.T.);
#2425=EDGE_CURVE('',#2005,#2006,#139,.T.);
#2426=EDGE_CURVE('',#2007,#2006,#447,.T.);
#2427=EDGE_CURVE('',#2007,#2008,#140,.T.);
#2428=EDGE_CURVE('',#2009,#2008,#448,.T.);
#2429=EDGE_CURVE('',#2009,#2010,#141,.T.);
#2430=EDGE_CURVE('',#2011,#2010,#449,.T.);
#2431=EDGE_CURVE('',#1999,#2011,#142,.T.);
#2432=EDGE_CURVE('',#2012,#2013,#450,.T.);
#2433=EDGE_CURVE('',#2012,#2014,#143,.T.);
#2434=EDGE_CURVE('',#2014,#2015,#451,.T.);
#2435=EDGE_CURVE('',#2015,#2016,#144,.T.);
#2436=EDGE_CURVE('',#2016,#2017,#452,.T.);
#2437=EDGE_CURVE('',#2017,#2018,#145,.T.);
#2438=EDGE_CURVE('',#2018,#2019,#453,.T.);
#2439=EDGE_CURVE('',#2019,#2020,#146,.T.);
#2440=EDGE_CURVE('',#2021,#2020,#454,.T.);
#2441=EDGE_CURVE('',#2021,#2022,#147,.T.);
#2442=EDGE_CURVE('',#2023,#2022,#455,.T.);
#2443=EDGE_CURVE('',#2023,#2024,#148,.T.);
#2444=EDGE_CURVE('',#2025,#2024,#456,.T.);
#2445=EDGE_CURVE('',#2025,#2013,#149,.T.);
#2446=EDGE_CURVE('',#2026,#2027,#457,.T.);
#2447=EDGE_CURVE('',#2026,#2028,#150,.T.);
#2448=EDGE_CURVE('',#2028,#2029,#458,.T.);
#2449=EDGE_CURVE('',#2029,#2030,#151,.T.);
#2450=EDGE_CURVE('',#2030,#2031,#459,.T.);
#2451=EDGE_CURVE('',#2031,#2032,#152,.T.);
#2452=EDGE_CURVE('',#2033,#2032,#460,.T.);
#2453=EDGE_CURVE('',#2033,#2027,#153,.T.);
#2454=EDGE_CURVE('',#2034,#2035,#154,.T.);
#2455=EDGE_CURVE('',#2036,#2034,#461,.T.);
#2456=EDGE_CURVE('',#2037,#2036,#155,.T.);
#2457=EDGE_CURVE('',#2038,#2037,#462,.T.);
#2458=EDGE_CURVE('',#2039,#2038,#156,.T.);
#2459=EDGE_CURVE('',#2040,#2039,#463,.T.);
#2460=EDGE_CURVE('',#2041,#2040,#157,.T.);
#2461=EDGE_CURVE('',#2035,#2041,#464,.T.);
#2462=EDGE_CURVE('',#2042,#2043,#158,.T.);
#2463=EDGE_CURVE('',#2044,#2042,#465,.T.);
#2464=EDGE_CURVE('',#2045,#2044,#159,.T.);
#2465=EDGE_CURVE('',#2046,#2045,#466,.T.);
#2466=EDGE_CURVE('',#2047,#2046,#160,.T.);
#2467=EDGE_CURVE('',#2048,#2047,#467,.T.);
#2468=EDGE_CURVE('',#2049,#2048,#161,.T.);
#2469=EDGE_CURVE('',#2043,#2049,#468,.T.);
#2470=EDGE_CURVE('',#2050,#2051,#469,.T.);
#2471=EDGE_CURVE('',#2051,#2052,#162,.T.);
#2472=EDGE_CURVE('',#2052,#2053,#470,.T.);
#2473=EDGE_CURVE('',#2053,#2054,#163,.T.);
#2474=EDGE_CURVE('',#2054,#2055,#471,.T.);
#2475=EDGE_CURVE('',#2055,#2056,#164,.T.);
#2476=EDGE_CURVE('',#2056,#2057,#472,.T.);
#2477=EDGE_CURVE('',#2057,#2050,#165,.T.);
#2478=EDGE_CURVE('',#2058,#2059,#166,.T.);
#2479=EDGE_CURVE('',#2059,#2060,#473,.T.);
#2480=EDGE_CURVE('',#2060,#2061,#167,.T.);
#2481=EDGE_CURVE('',#2061,#2062,#474,.T.);
#2482=EDGE_CURVE('',#2062,#2063,#168,.T.);
#2483=EDGE_CURVE('',#2063,#2064,#475,.T.);
#2484=EDGE_CURVE('',#2064,#2065,#169,.T.);
#2485=EDGE_CURVE('',#2065,#2058,#476,.T.);
#2486=EDGE_CURVE('',#2066,#2066,#170,.T.);
#2487=EDGE_CURVE('',#2067,#2067,#171,.T.);
#2488=EDGE_CURVE('',#2068,#2068,#172,.T.);
#2489=EDGE_CURVE('',#2069,#2069,#173,.T.);
#2490=EDGE_CURVE('',#2070,#2070,#174,.T.);
#2491=EDGE_CURVE('',#2071,#2071,#175,.T.);
#2492=EDGE_CURVE('',#2072,#2072,#176,.T.);
#2493=EDGE_CURVE('',#2073,#2073,#177,.T.);
#2494=EDGE_CURVE('',#2074,#2074,#178,.T.);
#2495=EDGE_CURVE('',#2075,#2075,#179,.T.);
#2496=EDGE_CURVE('',#2076,#2076,#180,.T.);
#2497=EDGE_CURVE('',#2077,#2077,#181,.T.);
#2498=EDGE_CURVE('',#2078,#1909,#477,.T.);
#2499=EDGE_CURVE('',#1912,#2078,#478,.T.);
#2500=EDGE_CURVE('',#1903,#2079,#479,.T.);
#2501=EDGE_CURVE('',#2078,#2079,#480,.T.);
#2502=EDGE_CURVE('',#2080,#1899,#182,.T.);
#2503=EDGE_CURVE('',#1916,#2080,#481,.T.);
#2504=EDGE_CURVE('',#1895,#2081,#183,.T.);
#2505=EDGE_CURVE('',#2080,#2081,#482,.T.);
#2506=EDGE_CURVE('',#2082,#2083,#1886,.T.);
#2507=EDGE_CURVE('',#2083,#2084,#184,.T.);
#2508=EDGE_CURVE('',#2084,#2085,#1887,.T.);
#2509=EDGE_CURVE('',#2085,#2082,#185,.T.);
#2510=EDGE_CURVE('',#2085,#1914,#483,.T.);
#2511=EDGE_CURVE('',#1913,#2082,#484,.T.);
#2512=EDGE_CURVE('',#2086,#2084,#1888,.T.);
#2513=EDGE_CURVE('',#2086,#2085,#1889,.T.);
#2514=EDGE_CURVE('',#2087,#2082,#1890,.T.);
#2515=EDGE_CURVE('',#2083,#2087,#1891,.T.);
#2516=EDGE_CURVE('',#2082,#2078,#186,.T.);
#2517=EDGE_CURVE('',#2079,#2087,#187,.T.);
#2518=EDGE_CURVE('',#2086,#1898,#188,.T.);
#2519=EDGE_CURVE('',#1897,#2085,#189,.T.);
#2520=EDGE_CURVE('',#1915,#1897,#485,.T.);
#2521=EDGE_CURVE('',#2088,#1908,#486,.T.);
#2522=EDGE_CURVE('',#2089,#2088,#190,.T.);
#2523=EDGE_CURVE('',#2090,#2089,#487,.T.);
#2524=EDGE_CURVE('',#2091,#2090,#191,.T.);
#2525=EDGE_CURVE('',#2092,#2091,#488,.T.);
#2526=EDGE_CURVE('',#2093,#2092,#192,.T.);
#2527=EDGE_CURVE('',#2094,#2093,#489,.T.);
#2528=EDGE_CURVE('',#2095,#2094,#193,.T.);
#2529=EDGE_CURVE('',#2096,#2095,#490,.T.);
#2530=EDGE_CURVE('',#2097,#2096,#194,.T.);
#2531=EDGE_CURVE('',#2098,#2097,#491,.T.);
#2532=EDGE_CURVE('',#2099,#2098,#195,.T.);
#2533=EDGE_CURVE('',#2100,#2099,#492,.T.);
#2534=EDGE_CURVE('',#2101,#2100,#196,.T.);
#2535=EDGE_CURVE('',#2102,#2101,#493,.T.);
#2536=EDGE_CURVE('',#2103,#2102,#197,.T.);
#2537=EDGE_CURVE('',#2104,#2103,#494,.T.);
#2538=EDGE_CURVE('',#2105,#2104,#198,.T.);
#2539=EDGE_CURVE('',#2106,#2105,#495,.T.);
#2540=EDGE_CURVE('',#2107,#2106,#199,.T.);
#2541=EDGE_CURVE('',#2108,#2107,#496,.T.);
#2542=EDGE_CURVE('',#2109,#2108,#200,.T.);
#2543=EDGE_CURVE('',#2110,#2109,#497,.T.);
#2544=EDGE_CURVE('',#2111,#2110,#201,.T.);
#2545=EDGE_CURVE('',#2112,#2111,#498,.T.);
#2546=EDGE_CURVE('',#2113,#2112,#499,.T.);
#2547=EDGE_CURVE('',#2113,#2114,#500,.T.);
#2548=EDGE_CURVE('',#2114,#2115,#202,.T.);
#2549=EDGE_CURVE('',#2116,#2115,#501,.T.);
#2550=EDGE_CURVE('',#2117,#2116,#203,.T.);
#2551=EDGE_CURVE('',#2118,#2117,#502,.T.);
#2552=EDGE_CURVE('',#2119,#2118,#204,.T.);
#2553=EDGE_CURVE('',#2120,#2119,#503,.T.);
#2554=EDGE_CURVE('',#2120,#2121,#205,.T.);
#2555=EDGE_CURVE('',#2121,#2122,#504,.T.);
#2556=EDGE_CURVE('',#2123,#2122,#505,.T.);
#2557=EDGE_CURVE('',#2124,#2123,#506,.T.);
#2558=EDGE_CURVE('',#2125,#2124,#206,.T.);
#2559=EDGE_CURVE('',#2126,#2125,#507,.T.);
#2560=EDGE_CURVE('',#2127,#2126,#207,.T.);
#2561=EDGE_CURVE('',#2128,#2127,#508,.T.);
#2562=EDGE_CURVE('',#2129,#2128,#208,.T.);
#2563=EDGE_CURVE('',#2130,#2129,#509,.T.);
#2564=EDGE_CURVE('',#2131,#2130,#209,.T.);
#2565=EDGE_CURVE('',#2132,#2131,#510,.T.);
#2566=EDGE_CURVE('',#2133,#2132,#210,.T.);
#2567=EDGE_CURVE('',#2134,#2133,#511,.T.);
#2568=EDGE_CURVE('',#2135,#2134,#211,.T.);
#2569=EDGE_CURVE('',#2136,#2135,#512,.T.);
#2570=EDGE_CURVE('',#2137,#2136,#212,.T.);
#2571=EDGE_CURVE('',#2138,#2137,#513,.T.);
#2572=EDGE_CURVE('',#2139,#2138,#213,.T.);
#2573=EDGE_CURVE('',#2140,#2139,#514,.T.);
#2574=EDGE_CURVE('',#2141,#2140,#214,.T.);
#2575=EDGE_CURVE('',#2142,#2141,#515,.T.);
#2576=EDGE_CURVE('',#2143,#2142,#215,.T.);
#2577=EDGE_CURVE('',#2144,#2143,#516,.T.);
#2578=EDGE_CURVE('',#2145,#2144,#216,.T.);
#2579=EDGE_CURVE('',#2146,#2145,#517,.T.);
#2580=EDGE_CURVE('',#2147,#2146,#217,.T.);
#2581=EDGE_CURVE('',#2081,#2147,#518,.T.);
#2582=EDGE_CURVE('',#2148,#2148,#218,.T.);
#2583=EDGE_CURVE('',#2149,#2149,#219,.T.);
#2584=EDGE_CURVE('',#2150,#2150,#220,.T.);
#2585=EDGE_CURVE('',#2151,#2151,#221,.T.);
#2586=EDGE_CURVE('',#2152,#2152,#222,.T.);
#2587=EDGE_CURVE('',#2153,#2153,#223,.T.);
#2588=EDGE_CURVE('',#2154,#2154,#224,.T.);
#2589=EDGE_CURVE('',#2155,#2155,#225,.T.);
#2590=EDGE_CURVE('',#2156,#2156,#226,.T.);
#2591=EDGE_CURVE('',#2157,#2157,#227,.T.);
#2592=EDGE_CURVE('',#2158,#2158,#228,.T.);
#2593=EDGE_CURVE('',#2159,#2159,#229,.T.);
#2594=EDGE_CURVE('',#2160,#2161,#230,.T.);
#2595=EDGE_CURVE('',#2161,#2162,#519,.T.);
#2596=EDGE_CURVE('',#2162,#2163,#231,.T.);
#2597=EDGE_CURVE('',#2163,#2164,#520,.T.);
#2598=EDGE_CURVE('',#2164,#2165,#232,.T.);
#2599=EDGE_CURVE('',#2165,#2166,#521,.T.);
#2600=EDGE_CURVE('',#2166,#2167,#233,.T.);
#2601=EDGE_CURVE('',#2167,#2160,#522,.T.);
#2602=EDGE_CURVE('',#2168,#2169,#523,.T.);
#2603=EDGE_CURVE('',#2169,#2170,#234,.T.);
#2604=EDGE_CURVE('',#2170,#2171,#524,.T.);
#2605=EDGE_CURVE('',#2171,#2172,#235,.T.);
#2606=EDGE_CURVE('',#2172,#2173,#525,.T.);
#2607=EDGE_CURVE('',#2173,#2174,#236,.T.);
#2608=EDGE_CURVE('',#2174,#2175,#526,.T.);
#2609=EDGE_CURVE('',#2175,#2168,#237,.T.);
#2610=EDGE_CURVE('',#2176,#2177,#238,.T.);
#2611=EDGE_CURVE('',#2177,#2178,#527,.T.);
#2612=EDGE_CURVE('',#2178,#2179,#239,.T.);
#2613=EDGE_CURVE('',#2179,#2180,#528,.T.);
#2614=EDGE_CURVE('',#2180,#2181,#240,.T.);
#2615=EDGE_CURVE('',#2181,#2182,#529,.T.);
#2616=EDGE_CURVE('',#2182,#2183,#241,.T.);
#2617=EDGE_CURVE('',#2183,#2176,#530,.T.);
#2618=EDGE_CURVE('',#2184,#2185,#242,.T.);
#2619=EDGE_CURVE('',#2185,#2186,#531,.T.);
#2620=EDGE_CURVE('',#2186,#2187,#243,.T.);
#2621=EDGE_CURVE('',#2187,#2188,#532,.T.);
#2622=EDGE_CURVE('',#2188,#2189,#244,.T.);
#2623=EDGE_CURVE('',#2189,#2190,#533,.T.);
#2624=EDGE_CURVE('',#2190,#2191,#245,.T.);
#2625=EDGE_CURVE('',#2191,#2184,#534,.T.);
#2626=EDGE_CURVE('',#2192,#2193,#535,.T.);
#2627=EDGE_CURVE('',#2193,#2194,#246,.T.);
#2628=EDGE_CURVE('',#2194,#2195,#536,.T.);
#2629=EDGE_CURVE('',#2195,#2196,#247,.T.);
#2630=EDGE_CURVE('',#2196,#2197,#537,.T.);
#2631=EDGE_CURVE('',#2197,#2198,#248,.T.);
#2632=EDGE_CURVE('',#2198,#2199,#538,.T.);
#2633=EDGE_CURVE('',#2199,#2192,#249,.T.);
#2634=EDGE_CURVE('',#2200,#2201,#539,.T.);
#2635=EDGE_CURVE('',#2201,#2202,#250,.T.);
#2636=EDGE_CURVE('',#2202,#2203,#540,.T.);
#2637=EDGE_CURVE('',#2203,#2204,#251,.T.);
#2638=EDGE_CURVE('',#2204,#2205,#541,.T.);
#2639=EDGE_CURVE('',#2205,#2206,#252,.T.);
#2640=EDGE_CURVE('',#2206,#2207,#542,.T.);
#2641=EDGE_CURVE('',#2207,#2208,#253,.T.);
#2642=EDGE_CURVE('',#2208,#2209,#543,.T.);
#2643=EDGE_CURVE('',#2209,#2210,#254,.T.);
#2644=EDGE_CURVE('',#2210,#2211,#544,.T.);
#2645=EDGE_CURVE('',#2211,#2212,#255,.T.);
#2646=EDGE_CURVE('',#2212,#2213,#545,.T.);
#2647=EDGE_CURVE('',#2213,#2200,#256,.T.);
#2648=EDGE_CURVE('',#2214,#2215,#546,.T.);
#2649=EDGE_CURVE('',#2215,#2216,#257,.T.);
#2650=EDGE_CURVE('',#2216,#2217,#547,.T.);
#2651=EDGE_CURVE('',#2217,#2218,#258,.T.);
#2652=EDGE_CURVE('',#2218,#2219,#548,.T.);
#2653=EDGE_CURVE('',#2219,#2220,#259,.T.);
#2654=EDGE_CURVE('',#2220,#2221,#549,.T.);
#2655=EDGE_CURVE('',#2221,#2222,#260,.T.);
#2656=EDGE_CURVE('',#2222,#2223,#550,.T.);
#2657=EDGE_CURVE('',#2223,#2224,#261,.T.);
#2658=EDGE_CURVE('',#2224,#2225,#551,.T.);
#2659=EDGE_CURVE('',#2225,#2226,#262,.T.);
#2660=EDGE_CURVE('',#2226,#2227,#552,.T.);
#2661=EDGE_CURVE('',#2227,#2214,#263,.T.);
#2662=EDGE_CURVE('',#2228,#2229,#264,.T.);
#2663=EDGE_CURVE('',#2229,#2230,#553,.T.);
#2664=EDGE_CURVE('',#2230,#2231,#265,.T.);
#2665=EDGE_CURVE('',#2231,#2232,#554,.T.);
#2666=EDGE_CURVE('',#2232,#2233,#266,.T.);
#2667=EDGE_CURVE('',#2233,#2234,#555,.T.);
#2668=EDGE_CURVE('',#2234,#2235,#267,.T.);
#2669=EDGE_CURVE('',#2235,#2236,#556,.T.);
#2670=EDGE_CURVE('',#2236,#2237,#268,.T.);
#2671=EDGE_CURVE('',#2237,#2238,#557,.T.);
#2672=EDGE_CURVE('',#2238,#2239,#269,.T.);
#2673=EDGE_CURVE('',#2239,#2240,#558,.T.);
#2674=EDGE_CURVE('',#2240,#2241,#270,.T.);
#2675=EDGE_CURVE('',#2241,#2228,#559,.T.);
#2676=EDGE_CURVE('',#1983,#1907,#560,.T.);
#2677=EDGE_CURVE('',#2242,#2243,#561,.T.);
#2678=EDGE_CURVE('',#2243,#2244,#562,.T.);
#2679=EDGE_CURVE('',#2244,#2116,#563,.T.);
#2680=EDGE_CURVE('',#2115,#2242,#1235,.T.);
#2681=EDGE_CURVE('',#2245,#2117,#564,.T.);
#2682=EDGE_CURVE('',#2244,#2245,#271,.T.);
#2683=EDGE_CURVE('',#2246,#2118,#565,.T.);
#2684=EDGE_CURVE('',#2245,#2246,#566,.T.);
#2685=EDGE_CURVE('',#2247,#2119,#567,.T.);
#2686=EDGE_CURVE('',#2246,#2247,#272,.T.);
#2687=EDGE_CURVE('',#2248,#2120,#1236,.T.);
#2688=EDGE_CURVE('',#2247,#2249,#568,.T.);
#2689=EDGE_CURVE('',#2249,#2248,#569,.T.);
#2690=EDGE_CURVE('',#1946,#2248,#570,.T.);
#2691=EDGE_CURVE('',#1945,#2121,#571,.T.);
#2692=EDGE_CURVE('',#1947,#2249,#572,.T.);
#2693=EDGE_CURVE('',#1948,#2247,#573,.T.);
#2694=EDGE_CURVE('',#1949,#2246,#574,.T.);
#2695=EDGE_CURVE('',#1950,#2245,#575,.T.);
#2696=EDGE_CURVE('',#1951,#2244,#576,.T.);
#2697=EDGE_CURVE('',#1952,#2243,#577,.T.);
#2698=EDGE_CURVE('',#2250,#2251,#1237,.T.);
#2699=EDGE_CURVE('',#2251,#2252,#578,.T.);
#2700=EDGE_CURVE('',#2252,#2123,#579,.T.);
#2701=EDGE_CURVE('',#2122,#2250,#580,.T.);
#2702=EDGE_CURVE('',#2253,#2124,#581,.T.);
#2703=EDGE_CURVE('',#2123,#2254,#582,.T.);
#2704=EDGE_CURVE('',#2254,#2253,#583,.T.);
#2705=EDGE_CURVE('',#2255,#2125,#584,.T.);
#2706=EDGE_CURVE('',#2253,#2255,#273,.T.);
#2707=EDGE_CURVE('',#2256,#2126,#585,.T.);
#2708=EDGE_CURVE('',#2255,#2256,#586,.T.);
#2709=EDGE_CURVE('',#2257,#2127,#587,.T.);
#2710=EDGE_CURVE('',#2256,#2257,#274,.T.);
#2711=EDGE_CURVE('',#2258,#2128,#588,.T.);
#2712=EDGE_CURVE('',#2257,#2258,#589,.T.);
#2713=EDGE_CURVE('',#2259,#2129,#590,.T.);
#2714=EDGE_CURVE('',#2258,#2259,#275,.T.);
#2715=EDGE_CURVE('',#2260,#2130,#591,.T.);
#2716=EDGE_CURVE('',#2259,#2260,#592,.T.);
#2717=EDGE_CURVE('',#2261,#2131,#593,.T.);
#2718=EDGE_CURVE('',#2260,#2261,#276,.T.);
#2719=EDGE_CURVE('',#2262,#2132,#594,.T.);
#2720=EDGE_CURVE('',#2261,#2262,#595,.T.);
#2721=EDGE_CURVE('',#2263,#2133,#596,.T.);
#2722=EDGE_CURVE('',#2262,#2263,#277,.T.);
#2723=EDGE_CURVE('',#2264,#2134,#597,.T.);
#2724=EDGE_CURVE('',#2263,#2264,#598,.T.);
#2725=EDGE_CURVE('',#2265,#2135,#599,.T.);
#2726=EDGE_CURVE('',#2264,#2265,#278,.T.);
#2727=EDGE_CURVE('',#2266,#2136,#600,.T.);
#2728=EDGE_CURVE('',#2265,#2266,#601,.T.);
#2729=EDGE_CURVE('',#2267,#2137,#602,.T.);
#2730=EDGE_CURVE('',#2266,#2267,#279,.T.);
#2731=EDGE_CURVE('',#2268,#2138,#603,.T.);
#2732=EDGE_CURVE('',#2267,#2268,#604,.T.);
#2733=EDGE_CURVE('',#2269,#2139,#605,.T.);
#2734=EDGE_CURVE('',#2268,#2269,#280,.T.);
#2735=EDGE_CURVE('',#2270,#2140,#606,.T.);
#2736=EDGE_CURVE('',#2269,#2270,#607,.T.);
#2737=EDGE_CURVE('',#2271,#2141,#608,.T.);
#2738=EDGE_CURVE('',#2270,#2271,#281,.T.);
#2739=EDGE_CURVE('',#2272,#2142,#609,.T.);
#2740=EDGE_CURVE('',#2271,#2272,#610,.T.);
#2741=EDGE_CURVE('',#2273,#2143,#611,.T.);
#2742=EDGE_CURVE('',#2272,#2273,#282,.T.);
#2743=EDGE_CURVE('',#2274,#2144,#612,.T.);
#2744=EDGE_CURVE('',#2273,#2274,#613,.T.);
#2745=EDGE_CURVE('',#2275,#2145,#614,.T.);
#2746=EDGE_CURVE('',#2274,#2275,#283,.T.);
#2747=EDGE_CURVE('',#2276,#2146,#615,.T.);
#2748=EDGE_CURVE('',#2275,#2276,#616,.T.);
#2749=EDGE_CURVE('',#2277,#2147,#617,.T.);
#2750=EDGE_CURVE('',#2276,#2277,#284,.T.);
#2751=EDGE_CURVE('',#2277,#2080,#618,.T.);
#2752=EDGE_CURVE('',#2278,#2088,#619,.T.);
#2753=EDGE_CURVE('',#1907,#2278,#620,.T.);
#2754=EDGE_CURVE('',#2279,#2089,#621,.T.);
#2755=EDGE_CURVE('',#2278,#2279,#285,.T.);
#2756=EDGE_CURVE('',#2280,#2090,#622,.T.);
#2757=EDGE_CURVE('',#2279,#2280,#623,.T.);
#2758=EDGE_CURVE('',#2281,#2091,#624,.T.);
#2759=EDGE_CURVE('',#2280,#2281,#286,.T.);
#2760=EDGE_CURVE('',#2282,#2092,#625,.T.);
#2761=EDGE_CURVE('',#2281,#2282,#626,.T.);
#2762=EDGE_CURVE('',#2283,#2093,#627,.T.);
#2763=EDGE_CURVE('',#2282,#2283,#287,.T.);
#2764=EDGE_CURVE('',#2284,#2094,#628,.T.);
#2765=EDGE_CURVE('',#2283,#2284,#629,.T.);
#2766=EDGE_CURVE('',#2285,#2095,#630,.T.);
#2767=EDGE_CURVE('',#2284,#2285,#288,.T.);
#2768=EDGE_CURVE('',#2286,#2096,#631,.T.);
#2769=EDGE_CURVE('',#2285,#2286,#632,.T.);
#2770=EDGE_CURVE('',#2287,#2097,#633,.T.);
#2771=EDGE_CURVE('',#2286,#2287,#289,.T.);
#2772=EDGE_CURVE('',#2288,#2098,#634,.T.);
#2773=EDGE_CURVE('',#2287,#2288,#635,.T.);
#2774=EDGE_CURVE('',#2289,#2099,#636,.T.);
#2775=EDGE_CURVE('',#2288,#2289,#290,.T.);
#2776=EDGE_CURVE('',#2290,#2100,#637,.T.);
#2777=EDGE_CURVE('',#2289,#2290,#638,.T.);
#2778=EDGE_CURVE('',#2291,#2101,#639,.T.);
#2779=EDGE_CURVE('',#2290,#2291,#291,.T.);
#2780=EDGE_CURVE('',#2292,#2102,#640,.T.);
#2781=EDGE_CURVE('',#2291,#2292,#641,.T.);
#2782=EDGE_CURVE('',#2293,#2103,#642,.T.);
#2783=EDGE_CURVE('',#2292,#2293,#292,.T.);
#2784=EDGE_CURVE('',#2294,#2104,#643,.T.);
#2785=EDGE_CURVE('',#2293,#2294,#644,.T.);
#2786=EDGE_CURVE('',#2295,#2105,#645,.T.);
#2787=EDGE_CURVE('',#2294,#2295,#293,.T.);
#2788=EDGE_CURVE('',#2296,#2106,#646,.T.);
#2789=EDGE_CURVE('',#2295,#2296,#647,.T.);
#2790=EDGE_CURVE('',#2297,#2107,#648,.T.);
#2791=EDGE_CURVE('',#2296,#2297,#294,.T.);
#2792=EDGE_CURVE('',#2298,#2108,#649,.T.);
#2793=EDGE_CURVE('',#2297,#2298,#650,.T.);
#2794=EDGE_CURVE('',#2299,#2109,#651,.T.);
#2795=EDGE_CURVE('',#2298,#2299,#295,.T.);
#2796=EDGE_CURVE('',#2300,#2110,#652,.T.);
#2797=EDGE_CURVE('',#2299,#2300,#653,.T.);
#2798=EDGE_CURVE('',#2301,#2111,#654,.T.);
#2799=EDGE_CURVE('',#2300,#2301,#296,.T.);
#2800=EDGE_CURVE('',#2302,#2112,#655,.T.);
#2801=EDGE_CURVE('',#2301,#2302,#656,.T.);
#2802=EDGE_CURVE('',#2252,#2254,#297,.T.);
#2803=EDGE_CURVE('',#2303,#2113,#657,.T.);
#2804=EDGE_CURVE('',#2112,#2304,#658,.T.);
#2805=EDGE_CURVE('',#2304,#2305,#659,.T.);
#2806=EDGE_CURVE('',#2305,#2303,#1238,.T.);
#2807=EDGE_CURVE('',#2302,#2304,#298,.T.);
#2808=EDGE_CURVE('',#1944,#2250,#660,.T.);
#2809=EDGE_CURVE('',#1943,#2251,#661,.T.);
#2810=EDGE_CURVE('',#1955,#2303,#662,.T.);
#2811=EDGE_CURVE('',#1954,#2114,#663,.T.);
#2812=EDGE_CURVE('',#1984,#2228,#664,.T.);
#2813=EDGE_CURVE('',#1986,#2241,#665,.T.);
#2814=EDGE_CURVE('',#1987,#2240,#666,.T.);
#2815=EDGE_CURVE('',#1988,#2239,#667,.T.);
#2816=EDGE_CURVE('',#1989,#2238,#668,.T.);
#2817=EDGE_CURVE('',#1990,#2237,#669,.T.);
#2818=EDGE_CURVE('',#1991,#2236,#670,.T.);
#2819=EDGE_CURVE('',#1992,#2235,#671,.T.);
#2820=EDGE_CURVE('',#1993,#2234,#672,.T.);
#2821=EDGE_CURVE('',#1994,#2233,#673,.T.);
#2822=EDGE_CURVE('',#1995,#2232,#674,.T.);
#2823=EDGE_CURVE('',#1996,#2231,#675,.T.);
#2824=EDGE_CURVE('',#1997,#2230,#676,.T.);
#2825=EDGE_CURVE('',#1985,#2229,#677,.T.);
#2826=EDGE_CURVE('',#1998,#2214,#678,.T.);
#2827=EDGE_CURVE('',#2000,#2227,#679,.T.);
#2828=EDGE_CURVE('',#2001,#2226,#680,.T.);
#2829=EDGE_CURVE('',#2002,#2225,#681,.T.);
#2830=EDGE_CURVE('',#2003,#2224,#682,.T.);
#2831=EDGE_CURVE('',#2004,#2223,#683,.T.);
#2832=EDGE_CURVE('',#2005,#2222,#684,.T.);
#2833=EDGE_CURVE('',#2006,#2221,#685,.T.);
#2834=EDGE_CURVE('',#2007,#2220,#686,.T.);
#2835=EDGE_CURVE('',#2008,#2219,#687,.T.);
#2836=EDGE_CURVE('',#2009,#2218,#688,.T.);
#2837=EDGE_CURVE('',#2010,#2217,#689,.T.);
#2838=EDGE_CURVE('',#2011,#2216,#690,.T.);
#2839=EDGE_CURVE('',#1999,#2215,#691,.T.);
#2840=EDGE_CURVE('',#2012,#2200,#692,.T.);
#2841=EDGE_CURVE('',#2014,#2213,#693,.T.);
#2842=EDGE_CURVE('',#2015,#2212,#694,.T.);
#2843=EDGE_CURVE('',#2016,#2211,#695,.T.);
#2844=EDGE_CURVE('',#2017,#2210,#696,.T.);
#2845=EDGE_CURVE('',#2018,#2209,#697,.T.);
#2846=EDGE_CURVE('',#2019,#2208,#698,.T.);
#2847=EDGE_CURVE('',#2020,#2207,#699,.T.);
#2848=EDGE_CURVE('',#2021,#2206,#700,.T.);
#2849=EDGE_CURVE('',#2022,#2205,#701,.T.);
#2850=EDGE_CURVE('',#2023,#2204,#702,.T.);
#2851=EDGE_CURVE('',#2024,#2203,#703,.T.);
#2852=EDGE_CURVE('',#2025,#2202,#704,.T.);
#2853=EDGE_CURVE('',#2013,#2201,#705,.T.);
#2854=EDGE_CURVE('',#2026,#2192,#706,.T.);
#2855=EDGE_CURVE('',#2028,#2199,#707,.T.);
#2856=EDGE_CURVE('',#2029,#2198,#708,.T.);
#2857=EDGE_CURVE('',#2030,#2197,#709,.T.);
#2858=EDGE_CURVE('',#2031,#2196,#710,.T.);
#2859=EDGE_CURVE('',#2032,#2195,#711,.T.);
#2860=EDGE_CURVE('',#2033,#2194,#712,.T.);
#2861=EDGE_CURVE('',#2027,#2193,#713,.T.);
#2862=EDGE_CURVE('',#2034,#2184,#714,.T.);
#2863=EDGE_CURVE('',#2036,#2191,#715,.T.);
#2864=EDGE_CURVE('',#2037,#2190,#716,.T.);
#2865=EDGE_CURVE('',#2038,#2189,#717,.T.);
#2866=EDGE_CURVE('',#2039,#2188,#718,.T.);
#2867=EDGE_CURVE('',#2040,#2187,#719,.T.);
#2868=EDGE_CURVE('',#2041,#2186,#720,.T.);
#2869=EDGE_CURVE('',#2035,#2185,#721,.T.);
#2870=EDGE_CURVE('',#2042,#2176,#722,.T.);
#2871=EDGE_CURVE('',#2044,#2183,#723,.T.);
#2872=EDGE_CURVE('',#2045,#2182,#724,.T.);
#2873=EDGE_CURVE('',#2046,#2181,#725,.T.);
#2874=EDGE_CURVE('',#2047,#2180,#726,.T.);
#2875=EDGE_CURVE('',#2048,#2179,#727,.T.);
#2876=EDGE_CURVE('',#2049,#2178,#728,.T.);
#2877=EDGE_CURVE('',#2043,#2177,#729,.T.);
#2878=EDGE_CURVE('',#2051,#2168,#730,.T.);
#2879=EDGE_CURVE('',#2052,#2175,#731,.T.);
#2880=EDGE_CURVE('',#2053,#2174,#732,.T.);
#2881=EDGE_CURVE('',#2054,#2173,#733,.T.);
#2882=EDGE_CURVE('',#2055,#2172,#734,.T.);
#2883=EDGE_CURVE('',#2056,#2171,#735,.T.);
#2884=EDGE_CURVE('',#2057,#2170,#736,.T.);
#2885=EDGE_CURVE('',#2050,#2169,#737,.T.);
#2886=EDGE_CURVE('',#2059,#2160,#738,.T.);
#2887=EDGE_CURVE('',#2060,#2167,#739,.T.);
#2888=EDGE_CURVE('',#2061,#2166,#740,.T.);
#2889=EDGE_CURVE('',#2062,#2165,#741,.T.);
#2890=EDGE_CURVE('',#2063,#2164,#742,.T.);
#2891=EDGE_CURVE('',#2064,#2163,#743,.T.);
#2892=EDGE_CURVE('',#2065,#2162,#744,.T.);
#2893=EDGE_CURVE('',#2058,#2161,#745,.T.);
#2894=EDGE_CURVE('',#2066,#2159,#746,.T.);
#2895=EDGE_CURVE('',#2067,#2158,#747,.T.);
#2896=EDGE_CURVE('',#2068,#2157,#748,.T.);
#2897=EDGE_CURVE('',#2069,#2156,#749,.T.);
#2898=EDGE_CURVE('',#2070,#2155,#750,.T.);
#2899=EDGE_CURVE('',#2071,#2154,#751,.T.);
#2900=EDGE_CURVE('',#2072,#2153,#752,.T.);
#2901=EDGE_CURVE('',#2073,#2152,#753,.T.);
#2902=EDGE_CURVE('',#2074,#2151,#754,.T.);
#2903=EDGE_CURVE('',#2075,#2150,#755,.T.);
#2904=EDGE_CURVE('',#2076,#2149,#756,.T.);
#2905=EDGE_CURVE('',#2077,#2148,#757,.T.);
#2906=EDGE_CURVE('',#1917,#2277,#758,.T.);
#2907=EDGE_CURVE('',#1918,#2276,#759,.T.);
#2908=EDGE_CURVE('',#1919,#2275,#760,.T.);
#2909=EDGE_CURVE('',#1920,#2274,#761,.T.);
#2910=EDGE_CURVE('',#1921,#2273,#762,.T.);
#2911=EDGE_CURVE('',#1922,#2272,#763,.T.);
#2912=EDGE_CURVE('',#1923,#2271,#764,.T.);
#2913=EDGE_CURVE('',#1924,#2270,#765,.T.);
#2914=EDGE_CURVE('',#1925,#2269,#766,.T.);
#2915=EDGE_CURVE('',#1926,#2268,#767,.T.);
#2916=EDGE_CURVE('',#1927,#2267,#768,.T.);
#2917=EDGE_CURVE('',#1928,#2266,#769,.T.);
#2918=EDGE_CURVE('',#1929,#2265,#770,.T.);
#2919=EDGE_CURVE('',#1930,#2264,#771,.T.);
#2920=EDGE_CURVE('',#1931,#2263,#772,.T.);
#2921=EDGE_CURVE('',#1932,#2262,#773,.T.);
#2922=EDGE_CURVE('',#1933,#2261,#774,.T.);
#2923=EDGE_CURVE('',#1934,#2260,#775,.T.);
#2924=EDGE_CURVE('',#1935,#2259,#776,.T.);
#2925=EDGE_CURVE('',#1936,#2258,#777,.T.);
#2926=EDGE_CURVE('',#1937,#2257,#778,.T.);
#2927=EDGE_CURVE('',#1938,#2256,#779,.T.);
#2928=EDGE_CURVE('',#1939,#2255,#780,.T.);
#2929=EDGE_CURVE('',#1940,#2253,#781,.T.);
#2930=EDGE_CURVE('',#1941,#2254,#782,.T.);
#2931=EDGE_CURVE('',#1942,#2252,#783,.T.);
#2932=EDGE_CURVE('',#1953,#2242,#784,.T.);
#2933=EDGE_CURVE('',#1956,#2305,#785,.T.);
#2934=EDGE_CURVE('',#1957,#2304,#786,.T.);
#2935=EDGE_CURVE('',#1958,#2302,#787,.T.);
#2936=EDGE_CURVE('',#1959,#2301,#788,.T.);
#2937=EDGE_CURVE('',#1960,#2300,#789,.T.);
#2938=EDGE_CURVE('',#1961,#2299,#790,.T.);
#2939=EDGE_CURVE('',#1962,#2298,#791,.T.);
#2940=EDGE_CURVE('',#1963,#2297,#792,.T.);
#2941=EDGE_CURVE('',#1964,#2296,#793,.T.);
#2942=EDGE_CURVE('',#1965,#2295,#794,.T.);
#2943=EDGE_CURVE('',#1966,#2294,#795,.T.);
#2944=EDGE_CURVE('',#1967,#2293,#796,.T.);
#2945=EDGE_CURVE('',#1968,#2292,#797,.T.);
#2946=EDGE_CURVE('',#1969,#2291,#798,.T.);
#2947=EDGE_CURVE('',#1970,#2290,#799,.T.);
#2948=EDGE_CURVE('',#1971,#2289,#800,.T.);
#2949=EDGE_CURVE('',#1972,#2288,#801,.T.);
#2950=EDGE_CURVE('',#1973,#2287,#802,.T.);
#2951=EDGE_CURVE('',#1974,#2286,#803,.T.);
#2952=EDGE_CURVE('',#1975,#2285,#804,.T.);
#2953=EDGE_CURVE('',#1976,#2284,#805,.T.);
#2954=EDGE_CURVE('',#1977,#2283,#806,.T.);
#2955=EDGE_CURVE('',#1978,#2282,#807,.T.);
#2956=EDGE_CURVE('',#1979,#2281,#808,.T.);
#2957=EDGE_CURVE('',#1980,#2280,#809,.T.);
#2958=EDGE_CURVE('',#1981,#2279,#810,.T.);
#2959=EDGE_CURVE('',#1982,#2278,#811,.T.);
#2960=ORIENTED_EDGE('',*,*,#2306,.T.);
#2961=ORIENTED_EDGE('',*,*,#2307,.T.);
#2962=ORIENTED_EDGE('',*,*,#2308,.T.);
#2963=ORIENTED_EDGE('',*,*,#2309,.T.);
#2964=ORIENTED_EDGE('',*,*,#2307,.F.);
#2965=ORIENTED_EDGE('',*,*,#2310,.F.);
#2966=ORIENTED_EDGE('',*,*,#2311,.T.);
#2967=ORIENTED_EDGE('',*,*,#2312,.T.);
#2968=ORIENTED_EDGE('',*,*,#2313,.T.);
#2969=ORIENTED_EDGE('',*,*,#2306,.F.);
#2970=ORIENTED_EDGE('',*,*,#2314,.T.);
#2971=ORIENTED_EDGE('',*,*,#2315,.T.);
#2972=ORIENTED_EDGE('',*,*,#2316,.T.);
#2973=ORIENTED_EDGE('',*,*,#2317,.T.);
#2974=ORIENTED_EDGE('',*,*,#2310,.T.);
#2975=ORIENTED_EDGE('',*,*,#2318,.T.);
#2976=ORIENTED_EDGE('',*,*,#2319,.T.);
#2977=ORIENTED_EDGE('',*,*,#2320,.T.);
#2978=ORIENTED_EDGE('',*,*,#2321,.T.);
#2979=ORIENTED_EDGE('',*,*,#2321,.F.);
#2980=ORIENTED_EDGE('',*,*,#2322,.F.);
#2981=ORIENTED_EDGE('',*,*,#2323,.T.);
#2982=ORIENTED_EDGE('',*,*,#2324,.T.);
#2983=ORIENTED_EDGE('',*,*,#2325,.T.);
#2984=ORIENTED_EDGE('',*,*,#2320,.F.);
#2985=ORIENTED_EDGE('',*,*,#2326,.T.);
#2986=ORIENTED_EDGE('',*,*,#2327,.T.);
#2987=ORIENTED_EDGE('',*,*,#2328,.T.);
#2988=ORIENTED_EDGE('',*,*,#2329,.T.);
#2989=ORIENTED_EDGE('',*,*,#2322,.T.);
#2990=ORIENTED_EDGE('',*,*,#2328,.F.);
#2991=ORIENTED_EDGE('',*,*,#2330,.T.);
#2992=ORIENTED_EDGE('',*,*,#2331,.T.);
#2993=ORIENTED_EDGE('',*,*,#2332,.F.);
#2994=ORIENTED_EDGE('',*,*,#2333,.T.);
#2995=ORIENTED_EDGE('',*,*,#2334,.T.);
#2996=ORIENTED_EDGE('',*,*,#2316,.F.);
#2997=ORIENTED_EDGE('',*,*,#2335,.T.);
#2998=ORIENTED_EDGE('',*,*,#2336,.T.);
#2999=ORIENTED_EDGE('',*,*,#2337,.T.);
#3000=ORIENTED_EDGE('',*,*,#2338,.T.);
#3001=ORIENTED_EDGE('',*,*,#2339,.T.);
#3002=ORIENTED_EDGE('',*,*,#2340,.T.);
#3003=ORIENTED_EDGE('',*,*,#2341,.T.);
#3004=ORIENTED_EDGE('',*,*,#2342,.T.);
#3005=ORIENTED_EDGE('',*,*,#2343,.T.);
#3006=ORIENTED_EDGE('',*,*,#2344,.T.);
#3007=ORIENTED_EDGE('',*,*,#2345,.T.);
#3008=ORIENTED_EDGE('',*,*,#2346,.T.);
#3009=ORIENTED_EDGE('',*,*,#2347,.T.);
#3010=ORIENTED_EDGE('',*,*,#2348,.T.);
#3011=ORIENTED_EDGE('',*,*,#2349,.T.);
#3012=ORIENTED_EDGE('',*,*,#2350,.T.);
#3013=ORIENTED_EDGE('',*,*,#2351,.T.);
#3014=ORIENTED_EDGE('',*,*,#2352,.T.);
#3015=ORIENTED_EDGE('',*,*,#2353,.T.);
#3016=ORIENTED_EDGE('',*,*,#2354,.T.);
#3017=ORIENTED_EDGE('',*,*,#2355,.T.);
#3018=ORIENTED_EDGE('',*,*,#2356,.T.);
#3019=ORIENTED_EDGE('',*,*,#2357,.T.);
#3020=ORIENTED_EDGE('',*,*,#2358,.T.);
#3021=ORIENTED_EDGE('',*,*,#2359,.T.);
#3022=ORIENTED_EDGE('',*,*,#2360,.T.);
#3023=ORIENTED_EDGE('',*,*,#2361,.T.);
#3024=ORIENTED_EDGE('',*,*,#2362,.T.);
#3025=ORIENTED_EDGE('',*,*,#2363,.T.);
#3026=ORIENTED_EDGE('',*,*,#2364,.T.);
#3027=ORIENTED_EDGE('',*,*,#2365,.T.);
#3028=ORIENTED_EDGE('',*,*,#2366,.T.);
#3029=ORIENTED_EDGE('',*,*,#2367,.T.);
#3030=ORIENTED_EDGE('',*,*,#2368,.T.);
#3031=ORIENTED_EDGE('',*,*,#2369,.F.);
#3032=ORIENTED_EDGE('',*,*,#2370,.F.);
#3033=ORIENTED_EDGE('',*,*,#2371,.F.);
#3034=ORIENTED_EDGE('',*,*,#2372,.F.);
#3035=ORIENTED_EDGE('',*,*,#2373,.F.);
#3036=ORIENTED_EDGE('',*,*,#2374,.F.);
#3037=ORIENTED_EDGE('',*,*,#2375,.F.);
#3038=ORIENTED_EDGE('',*,*,#2376,.F.);
#3039=ORIENTED_EDGE('',*,*,#2377,.F.);
#3040=ORIENTED_EDGE('',*,*,#2378,.F.);
#3041=ORIENTED_EDGE('',*,*,#2379,.F.);
#3042=ORIENTED_EDGE('',*,*,#2380,.F.);
#3043=ORIENTED_EDGE('',*,*,#2381,.F.);
#3044=ORIENTED_EDGE('',*,*,#2382,.F.);
#3045=ORIENTED_EDGE('',*,*,#2383,.F.);
#3046=ORIENTED_EDGE('',*,*,#2384,.F.);
#3047=ORIENTED_EDGE('',*,*,#2385,.F.);
#3048=ORIENTED_EDGE('',*,*,#2386,.F.);
#3049=ORIENTED_EDGE('',*,*,#2387,.F.);
#3050=ORIENTED_EDGE('',*,*,#2388,.F.);
#3051=ORIENTED_EDGE('',*,*,#2389,.F.);
#3052=ORIENTED_EDGE('',*,*,#2390,.F.);
#3053=ORIENTED_EDGE('',*,*,#2391,.F.);
#3054=ORIENTED_EDGE('',*,*,#2392,.F.);
#3055=ORIENTED_EDGE('',*,*,#2393,.F.);
#3056=ORIENTED_EDGE('',*,*,#2394,.F.);
#3057=ORIENTED_EDGE('',*,*,#2395,.F.);
#3058=ORIENTED_EDGE('',*,*,#2396,.F.);
#3059=ORIENTED_EDGE('',*,*,#2397,.F.);
#3060=ORIENTED_EDGE('',*,*,#2398,.F.);
#3061=ORIENTED_EDGE('',*,*,#2399,.F.);
#3062=ORIENTED_EDGE('',*,*,#2400,.F.);
#3063=ORIENTED_EDGE('',*,*,#2401,.F.);
#3064=ORIENTED_EDGE('',*,*,#2402,.F.);
#3065=ORIENTED_EDGE('',*,*,#2403,.F.);
#3066=ORIENTED_EDGE('',*,*,#2404,.F.);
#3067=ORIENTED_EDGE('',*,*,#2405,.T.);
#3068=ORIENTED_EDGE('',*,*,#2406,.T.);
#3069=ORIENTED_EDGE('',*,*,#2407,.T.);
#3070=ORIENTED_EDGE('',*,*,#2408,.T.);
#3071=ORIENTED_EDGE('',*,*,#2409,.T.);
#3072=ORIENTED_EDGE('',*,*,#2410,.T.);
#3073=ORIENTED_EDGE('',*,*,#2411,.T.);
#3074=ORIENTED_EDGE('',*,*,#2412,.T.);
#3075=ORIENTED_EDGE('',*,*,#2413,.F.);
#3076=ORIENTED_EDGE('',*,*,#2414,.T.);
#3077=ORIENTED_EDGE('',*,*,#2415,.F.);
#3078=ORIENTED_EDGE('',*,*,#2416,.T.);
#3079=ORIENTED_EDGE('',*,*,#2417,.T.);
#3080=ORIENTED_EDGE('',*,*,#2418,.F.);
#3081=ORIENTED_EDGE('',*,*,#2419,.T.);
#3082=ORIENTED_EDGE('',*,*,#2420,.T.);
#3083=ORIENTED_EDGE('',*,*,#2421,.T.);
#3084=ORIENTED_EDGE('',*,*,#2422,.T.);
#3085=ORIENTED_EDGE('',*,*,#2423,.T.);
#3086=ORIENTED_EDGE('',*,*,#2424,.F.);
#3087=ORIENTED_EDGE('',*,*,#2425,.T.);
#3088=ORIENTED_EDGE('',*,*,#2426,.F.);
#3089=ORIENTED_EDGE('',*,*,#2427,.T.);
#3090=ORIENTED_EDGE('',*,*,#2428,.F.);
#3091=ORIENTED_EDGE('',*,*,#2429,.T.);
#3092=ORIENTED_EDGE('',*,*,#2430,.F.);
#3093=ORIENTED_EDGE('',*,*,#2431,.F.);
#3094=ORIENTED_EDGE('',*,*,#2432,.F.);
#3095=ORIENTED_EDGE('',*,*,#2433,.T.);
#3096=ORIENTED_EDGE('',*,*,#2434,.T.);
#3097=ORIENTED_EDGE('',*,*,#2435,.T.);
#3098=ORIENTED_EDGE('',*,*,#2436,.T.);
#3099=ORIENTED_EDGE('',*,*,#2437,.T.);
#3100=ORIENTED_EDGE('',*,*,#2438,.T.);
#3101=ORIENTED_EDGE('',*,*,#2439,.T.);
#3102=ORIENTED_EDGE('',*,*,#2440,.F.);
#3103=ORIENTED_EDGE('',*,*,#2441,.T.);
#3104=ORIENTED_EDGE('',*,*,#2442,.F.);
#3105=ORIENTED_EDGE('',*,*,#2443,.T.);
#3106=ORIENTED_EDGE('',*,*,#2444,.F.);
#3107=ORIENTED_EDGE('',*,*,#2445,.T.);
#3108=ORIENTED_EDGE('',*,*,#2446,.F.);
#3109=ORIENTED_EDGE('',*,*,#2447,.T.);
#3110=ORIENTED_EDGE('',*,*,#2448,.T.);
#3111=ORIENTED_EDGE('',*,*,#2449,.T.);
#3112=ORIENTED_EDGE('',*,*,#2450,.T.);
#3113=ORIENTED_EDGE('',*,*,#2451,.T.);
#3114=ORIENTED_EDGE('',*,*,#2452,.F.);
#3115=ORIENTED_EDGE('',*,*,#2453,.T.);
#3116=ORIENTED_EDGE('',*,*,#2454,.F.);
#3117=ORIENTED_EDGE('',*,*,#2455,.F.);
#3118=ORIENTED_EDGE('',*,*,#2456,.F.);
#3119=ORIENTED_EDGE('',*,*,#2457,.F.);
#3120=ORIENTED_EDGE('',*,*,#2458,.F.);
#3121=ORIENTED_EDGE('',*,*,#2459,.F.);
#3122=ORIENTED_EDGE('',*,*,#2460,.F.);
#3123=ORIENTED_EDGE('',*,*,#2461,.F.);
#3124=ORIENTED_EDGE('',*,*,#2462,.F.);
#3125=ORIENTED_EDGE('',*,*,#2463,.F.);
#3126=ORIENTED_EDGE('',*,*,#2464,.F.);
#3127=ORIENTED_EDGE('',*,*,#2465,.F.);
#3128=ORIENTED_EDGE('',*,*,#2466,.F.);
#3129=ORIENTED_EDGE('',*,*,#2467,.F.);
#3130=ORIENTED_EDGE('',*,*,#2468,.F.);
#3131=ORIENTED_EDGE('',*,*,#2469,.F.);
#3132=ORIENTED_EDGE('',*,*,#2470,.T.);
#3133=ORIENTED_EDGE('',*,*,#2471,.T.);
#3134=ORIENTED_EDGE('',*,*,#2472,.T.);
#3135=ORIENTED_EDGE('',*,*,#2473,.T.);
#3136=ORIENTED_EDGE('',*,*,#2474,.T.);
#3137=ORIENTED_EDGE('',*,*,#2475,.T.);
#3138=ORIENTED_EDGE('',*,*,#2476,.T.);
#3139=ORIENTED_EDGE('',*,*,#2477,.T.);
#3140=ORIENTED_EDGE('',*,*,#2478,.T.);
#3141=ORIENTED_EDGE('',*,*,#2479,.T.);
#3142=ORIENTED_EDGE('',*,*,#2480,.T.);
#3143=ORIENTED_EDGE('',*,*,#2481,.T.);
#3144=ORIENTED_EDGE('',*,*,#2482,.T.);
#3145=ORIENTED_EDGE('',*,*,#2483,.T.);
#3146=ORIENTED_EDGE('',*,*,#2484,.T.);
#3147=ORIENTED_EDGE('',*,*,#2485,.T.);
#3148=ORIENTED_EDGE('',*,*,#2486,.T.);
#3149=ORIENTED_EDGE('',*,*,#2487,.T.);
#3150=ORIENTED_EDGE('',*,*,#2488,.T.);
#3151=ORIENTED_EDGE('',*,*,#2489,.T.);
#3152=ORIENTED_EDGE('',*,*,#2490,.T.);
#3153=ORIENTED_EDGE('',*,*,#2491,.T.);
#3154=ORIENTED_EDGE('',*,*,#2492,.T.);
#3155=ORIENTED_EDGE('',*,*,#2493,.T.);
#3156=ORIENTED_EDGE('',*,*,#2494,.T.);
#3157=ORIENTED_EDGE('',*,*,#2495,.T.);
#3158=ORIENTED_EDGE('',*,*,#2496,.T.);
#3159=ORIENTED_EDGE('',*,*,#2497,.T.);
#3160=ORIENTED_EDGE('',*,*,#2327,.F.);
#3161=ORIENTED_EDGE('',*,*,#2498,.F.);
#3162=ORIENTED_EDGE('',*,*,#2499,.F.);
#3163=ORIENTED_EDGE('',*,*,#2330,.F.);
#3164=ORIENTED_EDGE('',*,*,#2319,.F.);
#3165=ORIENTED_EDGE('',*,*,#2500,.T.);
#3166=ORIENTED_EDGE('',*,*,#2501,.F.);
#3167=ORIENTED_EDGE('',*,*,#2498,.T.);
#3168=ORIENTED_EDGE('',*,*,#2326,.F.);
#3169=ORIENTED_EDGE('',*,*,#2315,.F.);
#3170=ORIENTED_EDGE('',*,*,#2502,.F.);
#3171=ORIENTED_EDGE('',*,*,#2503,.F.);
#3172=ORIENTED_EDGE('',*,*,#2335,.F.);
#3173=ORIENTED_EDGE('',*,*,#2309,.F.);
#3174=ORIENTED_EDGE('',*,*,#2504,.T.);
#3175=ORIENTED_EDGE('',*,*,#2505,.F.);
#3176=ORIENTED_EDGE('',*,*,#2502,.T.);
#3177=ORIENTED_EDGE('',*,*,#2314,.F.);
#3178=ORIENTED_EDGE('',*,*,#2506,.T.);
#3179=ORIENTED_EDGE('',*,*,#2507,.T.);
#3180=ORIENTED_EDGE('',*,*,#2508,.T.);
#3181=ORIENTED_EDGE('',*,*,#2509,.T.);
#3182=ORIENTED_EDGE('',*,*,#2509,.F.);
#3183=ORIENTED_EDGE('',*,*,#2510,.T.);
#3184=ORIENTED_EDGE('',*,*,#2332,.T.);
#3185=ORIENTED_EDGE('',*,*,#2511,.T.);
#3186=ORIENTED_EDGE('',*,*,#2508,.F.);
#3187=ORIENTED_EDGE('',*,*,#2512,.F.);
#3188=ORIENTED_EDGE('',*,*,#2513,.T.);
#3189=ORIENTED_EDGE('',*,*,#2506,.F.);
#3190=ORIENTED_EDGE('',*,*,#2514,.F.);
#3191=ORIENTED_EDGE('',*,*,#2515,.F.);
#3192=ORIENTED_EDGE('',*,*,#2516,.T.);
#3193=ORIENTED_EDGE('',*,*,#2501,.T.);
#3194=ORIENTED_EDGE('',*,*,#2517,.T.);
#3195=ORIENTED_EDGE('',*,*,#2514,.T.);
#3196=ORIENTED_EDGE('',*,*,#2518,.T.);
#3197=ORIENTED_EDGE('',*,*,#2312,.F.);
#3198=ORIENTED_EDGE('',*,*,#2519,.T.);
#3199=ORIENTED_EDGE('',*,*,#2513,.F.);
#3200=ORIENTED_EDGE('',*,*,#2516,.F.);
#3201=ORIENTED_EDGE('',*,*,#2511,.F.);
#3202=ORIENTED_EDGE('',*,*,#2331,.F.);
#3203=ORIENTED_EDGE('',*,*,#2499,.T.);
#3204=ORIENTED_EDGE('',*,*,#2519,.F.);
#3205=ORIENTED_EDGE('',*,*,#2520,.F.);
#3206=ORIENTED_EDGE('',*,*,#2333,.F.);
#3207=ORIENTED_EDGE('',*,*,#2510,.F.);
#3208=ORIENTED_EDGE('',*,*,#2317,.F.);
#3209=ORIENTED_EDGE('',*,*,#2334,.F.);
#3210=ORIENTED_EDGE('',*,*,#2520,.T.);
#3211=ORIENTED_EDGE('',*,*,#2311,.F.);
#3212=ORIENTED_EDGE('',*,*,#2308,.F.);
#3213=ORIENTED_EDGE('',*,*,#2313,.F.);
#3214=ORIENTED_EDGE('',*,*,#2518,.F.);
#3215=ORIENTED_EDGE('',*,*,#2512,.T.);
#3216=ORIENTED_EDGE('',*,*,#2507,.F.);
#3217=ORIENTED_EDGE('',*,*,#2515,.T.);
#3218=ORIENTED_EDGE('',*,*,#2517,.F.);
#3219=ORIENTED_EDGE('',*,*,#2500,.F.);
#3220=ORIENTED_EDGE('',*,*,#2318,.F.);
#3221=ORIENTED_EDGE('',*,*,#2325,.F.);
#3222=ORIENTED_EDGE('',*,*,#2521,.F.);
#3223=ORIENTED_EDGE('',*,*,#2522,.F.);
#3224=ORIENTED_EDGE('',*,*,#2523,.F.);
#3225=ORIENTED_EDGE('',*,*,#2524,.F.);
#3226=ORIENTED_EDGE('',*,*,#2525,.F.);
#3227=ORIENTED_EDGE('',*,*,#2526,.F.);
#3228=ORIENTED_EDGE('',*,*,#2527,.F.);
#3229=ORIENTED_EDGE('',*,*,#2528,.F.);
#3230=ORIENTED_EDGE('',*,*,#2529,.F.);
#3231=ORIENTED_EDGE('',*,*,#2530,.F.);
#3232=ORIENTED_EDGE('',*,*,#2531,.F.);
#3233=ORIENTED_EDGE('',*,*,#2532,.F.);
#3234=ORIENTED_EDGE('',*,*,#2533,.F.);
#3235=ORIENTED_EDGE('',*,*,#2534,.F.);
#3236=ORIENTED_EDGE('',*,*,#2535,.F.);
#3237=ORIENTED_EDGE('',*,*,#2536,.F.);
#3238=ORIENTED_EDGE('',*,*,#2537,.F.);
#3239=ORIENTED_EDGE('',*,*,#2538,.F.);
#3240=ORIENTED_EDGE('',*,*,#2539,.F.);
#3241=ORIENTED_EDGE('',*,*,#2540,.F.);
#3242=ORIENTED_EDGE('',*,*,#2541,.F.);
#3243=ORIENTED_EDGE('',*,*,#2542,.F.);
#3244=ORIENTED_EDGE('',*,*,#2543,.F.);
#3245=ORIENTED_EDGE('',*,*,#2544,.F.);
#3246=ORIENTED_EDGE('',*,*,#2545,.F.);
#3247=ORIENTED_EDGE('',*,*,#2546,.F.);
#3248=ORIENTED_EDGE('',*,*,#2547,.T.);
#3249=ORIENTED_EDGE('',*,*,#2548,.T.);
#3250=ORIENTED_EDGE('',*,*,#2549,.F.);
#3251=ORIENTED_EDGE('',*,*,#2550,.F.);
#3252=ORIENTED_EDGE('',*,*,#2551,.F.);
#3253=ORIENTED_EDGE('',*,*,#2552,.F.);
#3254=ORIENTED_EDGE('',*,*,#2553,.F.);
#3255=ORIENTED_EDGE('',*,*,#2554,.T.);
#3256=ORIENTED_EDGE('',*,*,#2555,.T.);
#3257=ORIENTED_EDGE('',*,*,#2556,.F.);
#3258=ORIENTED_EDGE('',*,*,#2557,.F.);
#3259=ORIENTED_EDGE('',*,*,#2558,.F.);
#3260=ORIENTED_EDGE('',*,*,#2559,.F.);
#3261=ORIENTED_EDGE('',*,*,#2560,.F.);
#3262=ORIENTED_EDGE('',*,*,#2561,.F.);
#3263=ORIENTED_EDGE('',*,*,#2562,.F.);
#3264=ORIENTED_EDGE('',*,*,#2563,.F.);
#3265=ORIENTED_EDGE('',*,*,#2564,.F.);
#3266=ORIENTED_EDGE('',*,*,#2565,.F.);
#3267=ORIENTED_EDGE('',*,*,#2566,.F.);
#3268=ORIENTED_EDGE('',*,*,#2567,.F.);
#3269=ORIENTED_EDGE('',*,*,#2568,.F.);
#3270=ORIENTED_EDGE('',*,*,#2569,.F.);
#3271=ORIENTED_EDGE('',*,*,#2570,.F.);
#3272=ORIENTED_EDGE('',*,*,#2571,.F.);
#3273=ORIENTED_EDGE('',*,*,#2572,.F.);
#3274=ORIENTED_EDGE('',*,*,#2573,.F.);
#3275=ORIENTED_EDGE('',*,*,#2574,.F.);
#3276=ORIENTED_EDGE('',*,*,#2575,.F.);
#3277=ORIENTED_EDGE('',*,*,#2576,.F.);
#3278=ORIENTED_EDGE('',*,*,#2577,.F.);
#3279=ORIENTED_EDGE('',*,*,#2578,.F.);
#3280=ORIENTED_EDGE('',*,*,#2579,.F.);
#3281=ORIENTED_EDGE('',*,*,#2580,.F.);
#3282=ORIENTED_EDGE('',*,*,#2581,.F.);
#3283=ORIENTED_EDGE('',*,*,#2504,.F.);
#3284=ORIENTED_EDGE('',*,*,#2582,.T.);
#3285=ORIENTED_EDGE('',*,*,#2583,.T.);
#3286=ORIENTED_EDGE('',*,*,#2584,.T.);
#3287=ORIENTED_EDGE('',*,*,#2585,.T.);
#3288=ORIENTED_EDGE('',*,*,#2586,.T.);
#3289=ORIENTED_EDGE('',*,*,#2587,.T.);
#3290=ORIENTED_EDGE('',*,*,#2588,.T.);
#3291=ORIENTED_EDGE('',*,*,#2589,.T.);
#3292=ORIENTED_EDGE('',*,*,#2590,.T.);
#3293=ORIENTED_EDGE('',*,*,#2591,.T.);
#3294=ORIENTED_EDGE('',*,*,#2592,.T.);
#3295=ORIENTED_EDGE('',*,*,#2593,.T.);
#3296=ORIENTED_EDGE('',*,*,#2594,.T.);
#3297=ORIENTED_EDGE('',*,*,#2595,.T.);
#3298=ORIENTED_EDGE('',*,*,#2596,.T.);
#3299=ORIENTED_EDGE('',*,*,#2597,.T.);
#3300=ORIENTED_EDGE('',*,*,#2598,.T.);
#3301=ORIENTED_EDGE('',*,*,#2599,.T.);
#3302=ORIENTED_EDGE('',*,*,#2600,.T.);
#3303=ORIENTED_EDGE('',*,*,#2601,.T.);
#3304=ORIENTED_EDGE('',*,*,#2602,.T.);
#3305=ORIENTED_EDGE('',*,*,#2603,.T.);
#3306=ORIENTED_EDGE('',*,*,#2604,.T.);
#3307=ORIENTED_EDGE('',*,*,#2605,.T.);
#3308=ORIENTED_EDGE('',*,*,#2606,.T.);
#3309=ORIENTED_EDGE('',*,*,#2607,.T.);
#3310=ORIENTED_EDGE('',*,*,#2608,.T.);
#3311=ORIENTED_EDGE('',*,*,#2609,.T.);
#3312=ORIENTED_EDGE('',*,*,#2610,.T.);
#3313=ORIENTED_EDGE('',*,*,#2611,.T.);
#3314=ORIENTED_EDGE('',*,*,#2612,.T.);
#3315=ORIENTED_EDGE('',*,*,#2613,.T.);
#3316=ORIENTED_EDGE('',*,*,#2614,.T.);
#3317=ORIENTED_EDGE('',*,*,#2615,.T.);
#3318=ORIENTED_EDGE('',*,*,#2616,.T.);
#3319=ORIENTED_EDGE('',*,*,#2617,.T.);
#3320=ORIENTED_EDGE('',*,*,#2618,.T.);
#3321=ORIENTED_EDGE('',*,*,#2619,.T.);
#3322=ORIENTED_EDGE('',*,*,#2620,.T.);
#3323=ORIENTED_EDGE('',*,*,#2621,.T.);
#3324=ORIENTED_EDGE('',*,*,#2622,.T.);
#3325=ORIENTED_EDGE('',*,*,#2623,.T.);
#3326=ORIENTED_EDGE('',*,*,#2624,.T.);
#3327=ORIENTED_EDGE('',*,*,#2625,.T.);
#3328=ORIENTED_EDGE('',*,*,#2626,.T.);
#3329=ORIENTED_EDGE('',*,*,#2627,.T.);
#3330=ORIENTED_EDGE('',*,*,#2628,.T.);
#3331=ORIENTED_EDGE('',*,*,#2629,.T.);
#3332=ORIENTED_EDGE('',*,*,#2630,.T.);
#3333=ORIENTED_EDGE('',*,*,#2631,.T.);
#3334=ORIENTED_EDGE('',*,*,#2632,.T.);
#3335=ORIENTED_EDGE('',*,*,#2633,.T.);
#3336=ORIENTED_EDGE('',*,*,#2634,.T.);
#3337=ORIENTED_EDGE('',*,*,#2635,.T.);
#3338=ORIENTED_EDGE('',*,*,#2636,.T.);
#3339=ORIENTED_EDGE('',*,*,#2637,.T.);
#3340=ORIENTED_EDGE('',*,*,#2638,.T.);
#3341=ORIENTED_EDGE('',*,*,#2639,.T.);
#3342=ORIENTED_EDGE('',*,*,#2640,.T.);
#3343=ORIENTED_EDGE('',*,*,#2641,.T.);
#3344=ORIENTED_EDGE('',*,*,#2642,.T.);
#3345=ORIENTED_EDGE('',*,*,#2643,.T.);
#3346=ORIENTED_EDGE('',*,*,#2644,.T.);
#3347=ORIENTED_EDGE('',*,*,#2645,.T.);
#3348=ORIENTED_EDGE('',*,*,#2646,.T.);
#3349=ORIENTED_EDGE('',*,*,#2647,.T.);
#3350=ORIENTED_EDGE('',*,*,#2648,.T.);
#3351=ORIENTED_EDGE('',*,*,#2649,.T.);
#3352=ORIENTED_EDGE('',*,*,#2650,.T.);
#3353=ORIENTED_EDGE('',*,*,#2651,.T.);
#3354=ORIENTED_EDGE('',*,*,#2652,.T.);
#3355=ORIENTED_EDGE('',*,*,#2653,.T.);
#3356=ORIENTED_EDGE('',*,*,#2654,.T.);
#3357=ORIENTED_EDGE('',*,*,#2655,.T.);
#3358=ORIENTED_EDGE('',*,*,#2656,.T.);
#3359=ORIENTED_EDGE('',*,*,#2657,.T.);
#3360=ORIENTED_EDGE('',*,*,#2658,.T.);
#3361=ORIENTED_EDGE('',*,*,#2659,.T.);
#3362=ORIENTED_EDGE('',*,*,#2660,.T.);
#3363=ORIENTED_EDGE('',*,*,#2661,.T.);
#3364=ORIENTED_EDGE('',*,*,#2662,.T.);
#3365=ORIENTED_EDGE('',*,*,#2663,.T.);
#3366=ORIENTED_EDGE('',*,*,#2664,.T.);
#3367=ORIENTED_EDGE('',*,*,#2665,.T.);
#3368=ORIENTED_EDGE('',*,*,#2666,.T.);
#3369=ORIENTED_EDGE('',*,*,#2667,.T.);
#3370=ORIENTED_EDGE('',*,*,#2668,.T.);
#3371=ORIENTED_EDGE('',*,*,#2669,.T.);
#3372=ORIENTED_EDGE('',*,*,#2670,.T.);
#3373=ORIENTED_EDGE('',*,*,#2671,.T.);
#3374=ORIENTED_EDGE('',*,*,#2672,.T.);
#3375=ORIENTED_EDGE('',*,*,#2673,.T.);
#3376=ORIENTED_EDGE('',*,*,#2674,.T.);
#3377=ORIENTED_EDGE('',*,*,#2675,.T.);
#3378=ORIENTED_EDGE('',*,*,#2329,.F.);
#3379=ORIENTED_EDGE('',*,*,#2403,.T.);
#3380=ORIENTED_EDGE('',*,*,#2676,.T.);
#3381=ORIENTED_EDGE('',*,*,#2323,.F.);
#3382=ORIENTED_EDGE('',*,*,#2677,.T.);
#3383=ORIENTED_EDGE('',*,*,#2678,.T.);
#3384=ORIENTED_EDGE('',*,*,#2679,.T.);
#3385=ORIENTED_EDGE('',*,*,#2549,.T.);
#3386=ORIENTED_EDGE('',*,*,#2680,.T.);
#3387=ORIENTED_EDGE('',*,*,#2681,.T.);
#3388=ORIENTED_EDGE('',*,*,#2550,.T.);
#3389=ORIENTED_EDGE('',*,*,#2679,.F.);
#3390=ORIENTED_EDGE('',*,*,#2682,.T.);
#3391=ORIENTED_EDGE('',*,*,#2683,.T.);
#3392=ORIENTED_EDGE('',*,*,#2551,.T.);
#3393=ORIENTED_EDGE('',*,*,#2681,.F.);
#3394=ORIENTED_EDGE('',*,*,#2684,.T.);
#3395=ORIENTED_EDGE('',*,*,#2685,.T.);
#3396=ORIENTED_EDGE('',*,*,#2552,.T.);
#3397=ORIENTED_EDGE('',*,*,#2683,.F.);
#3398=ORIENTED_EDGE('',*,*,#2686,.T.);
#3399=ORIENTED_EDGE('',*,*,#2687,.T.);
#3400=ORIENTED_EDGE('',*,*,#2553,.T.);
#3401=ORIENTED_EDGE('',*,*,#2685,.F.);
#3402=ORIENTED_EDGE('',*,*,#2688,.T.);
#3403=ORIENTED_EDGE('',*,*,#2689,.T.);
#3404=ORIENTED_EDGE('',*,*,#2687,.F.);
#3405=ORIENTED_EDGE('',*,*,#2690,.F.);
#3406=ORIENTED_EDGE('',*,*,#2365,.F.);
#3407=ORIENTED_EDGE('',*,*,#2691,.T.);
#3408=ORIENTED_EDGE('',*,*,#2554,.F.);
#3409=ORIENTED_EDGE('',*,*,#2689,.F.);
#3410=ORIENTED_EDGE('',*,*,#2692,.F.);
#3411=ORIENTED_EDGE('',*,*,#2366,.F.);
#3412=ORIENTED_EDGE('',*,*,#2690,.T.);
#3413=ORIENTED_EDGE('',*,*,#2688,.F.);
#3414=ORIENTED_EDGE('',*,*,#2693,.F.);
#3415=ORIENTED_EDGE('',*,*,#2367,.F.);
#3416=ORIENTED_EDGE('',*,*,#2692,.T.);
#3417=ORIENTED_EDGE('',*,*,#2686,.F.);
#3418=ORIENTED_EDGE('',*,*,#2694,.F.);
#3419=ORIENTED_EDGE('',*,*,#2368,.F.);
#3420=ORIENTED_EDGE('',*,*,#2693,.T.);
#3421=ORIENTED_EDGE('',*,*,#2684,.F.);
#3422=ORIENTED_EDGE('',*,*,#2695,.F.);
#3423=ORIENTED_EDGE('',*,*,#2369,.T.);
#3424=ORIENTED_EDGE('',*,*,#2694,.T.);
#3425=ORIENTED_EDGE('',*,*,#2682,.F.);
#3426=ORIENTED_EDGE('',*,*,#2696,.F.);
#3427=ORIENTED_EDGE('',*,*,#2370,.T.);
#3428=ORIENTED_EDGE('',*,*,#2695,.T.);
#3429=ORIENTED_EDGE('',*,*,#2678,.F.);
#3430=ORIENTED_EDGE('',*,*,#2697,.F.);
#3431=ORIENTED_EDGE('',*,*,#2371,.T.);
#3432=ORIENTED_EDGE('',*,*,#2696,.T.);
#3433=ORIENTED_EDGE('',*,*,#2698,.T.);
#3434=ORIENTED_EDGE('',*,*,#2699,.T.);
#3435=ORIENTED_EDGE('',*,*,#2700,.T.);
#3436=ORIENTED_EDGE('',*,*,#2556,.T.);
#3437=ORIENTED_EDGE('',*,*,#2701,.T.);
#3438=ORIENTED_EDGE('',*,*,#2702,.T.);
#3439=ORIENTED_EDGE('',*,*,#2557,.T.);
#3440=ORIENTED_EDGE('',*,*,#2703,.T.);
#3441=ORIENTED_EDGE('',*,*,#2704,.T.);
#3442=ORIENTED_EDGE('',*,*,#2705,.T.);
#3443=ORIENTED_EDGE('',*,*,#2558,.T.);
#3444=ORIENTED_EDGE('',*,*,#2702,.F.);
#3445=ORIENTED_EDGE('',*,*,#2706,.T.);
#3446=ORIENTED_EDGE('',*,*,#2707,.T.);
#3447=ORIENTED_EDGE('',*,*,#2559,.T.);
#3448=ORIENTED_EDGE('',*,*,#2705,.F.);
#3449=ORIENTED_EDGE('',*,*,#2708,.T.);
#3450=ORIENTED_EDGE('',*,*,#2709,.T.);
#3451=ORIENTED_EDGE('',*,*,#2560,.T.);
#3452=ORIENTED_EDGE('',*,*,#2707,.F.);
#3453=ORIENTED_EDGE('',*,*,#2710,.T.);
#3454=ORIENTED_EDGE('',*,*,#2711,.T.);
#3455=ORIENTED_EDGE('',*,*,#2561,.T.);
#3456=ORIENTED_EDGE('',*,*,#2709,.F.);
#3457=ORIENTED_EDGE('',*,*,#2712,.T.);
#3458=ORIENTED_EDGE('',*,*,#2713,.T.);
#3459=ORIENTED_EDGE('',*,*,#2562,.T.);
#3460=ORIENTED_EDGE('',*,*,#2711,.F.);
#3461=ORIENTED_EDGE('',*,*,#2714,.T.);
#3462=ORIENTED_EDGE('',*,*,#2715,.T.);
#3463=ORIENTED_EDGE('',*,*,#2563,.T.);
#3464=ORIENTED_EDGE('',*,*,#2713,.F.);
#3465=ORIENTED_EDGE('',*,*,#2716,.T.);
#3466=ORIENTED_EDGE('',*,*,#2717,.T.);
#3467=ORIENTED_EDGE('',*,*,#2564,.T.);
#3468=ORIENTED_EDGE('',*,*,#2715,.F.);
#3469=ORIENTED_EDGE('',*,*,#2718,.T.);
#3470=ORIENTED_EDGE('',*,*,#2719,.T.);
#3471=ORIENTED_EDGE('',*,*,#2565,.T.);
#3472=ORIENTED_EDGE('',*,*,#2717,.F.);
#3473=ORIENTED_EDGE('',*,*,#2720,.T.);
#3474=ORIENTED_EDGE('',*,*,#2721,.T.);
#3475=ORIENTED_EDGE('',*,*,#2566,.T.);
#3476=ORIENTED_EDGE('',*,*,#2719,.F.);
#3477=ORIENTED_EDGE('',*,*,#2722,.T.);
#3478=ORIENTED_EDGE('',*,*,#2723,.T.);
#3479=ORIENTED_EDGE('',*,*,#2567,.T.);
#3480=ORIENTED_EDGE('',*,*,#2721,.F.);
#3481=ORIENTED_EDGE('',*,*,#2724,.T.);
#3482=ORIENTED_EDGE('',*,*,#2725,.T.);
#3483=ORIENTED_EDGE('',*,*,#2568,.T.);
#3484=ORIENTED_EDGE('',*,*,#2723,.F.);
#3485=ORIENTED_EDGE('',*,*,#2726,.T.);
#3486=ORIENTED_EDGE('',*,*,#2727,.T.);
#3487=ORIENTED_EDGE('',*,*,#2569,.T.);
#3488=ORIENTED_EDGE('',*,*,#2725,.F.);
#3489=ORIENTED_EDGE('',*,*,#2728,.T.);
#3490=ORIENTED_EDGE('',*,*,#2729,.T.);
#3491=ORIENTED_EDGE('',*,*,#2570,.T.);
#3492=ORIENTED_EDGE('',*,*,#2727,.F.);
#3493=ORIENTED_EDGE('',*,*,#2730,.T.);
#3494=ORIENTED_EDGE('',*,*,#2731,.T.);
#3495=ORIENTED_EDGE('',*,*,#2571,.T.);
#3496=ORIENTED_EDGE('',*,*,#2729,.F.);
#3497=ORIENTED_EDGE('',*,*,#2732,.T.);
#3498=ORIENTED_EDGE('',*,*,#2733,.T.);
#3499=ORIENTED_EDGE('',*,*,#2572,.T.);
#3500=ORIENTED_EDGE('',*,*,#2731,.F.);
#3501=ORIENTED_EDGE('',*,*,#2734,.T.);
#3502=ORIENTED_EDGE('',*,*,#2735,.T.);
#3503=ORIENTED_EDGE('',*,*,#2573,.T.);
#3504=ORIENTED_EDGE('',*,*,#2733,.F.);
#3505=ORIENTED_EDGE('',*,*,#2736,.T.);
#3506=ORIENTED_EDGE('',*,*,#2737,.T.);
#3507=ORIENTED_EDGE('',*,*,#2574,.T.);
#3508=ORIENTED_EDGE('',*,*,#2735,.F.);
#3509=ORIENTED_EDGE('',*,*,#2738,.T.);
#3510=ORIENTED_EDGE('',*,*,#2739,.T.);
#3511=ORIENTED_EDGE('',*,*,#2575,.T.);
#3512=ORIENTED_EDGE('',*,*,#2737,.F.);
#3513=ORIENTED_EDGE('',*,*,#2740,.T.);
#3514=ORIENTED_EDGE('',*,*,#2741,.T.);
#3515=ORIENTED_EDGE('',*,*,#2576,.T.);
#3516=ORIENTED_EDGE('',*,*,#2739,.F.);
#3517=ORIENTED_EDGE('',*,*,#2742,.T.);
#3518=ORIENTED_EDGE('',*,*,#2743,.T.);
#3519=ORIENTED_EDGE('',*,*,#2577,.T.);
#3520=ORIENTED_EDGE('',*,*,#2741,.F.);
#3521=ORIENTED_EDGE('',*,*,#2744,.T.);
#3522=ORIENTED_EDGE('',*,*,#2745,.T.);
#3523=ORIENTED_EDGE('',*,*,#2578,.T.);
#3524=ORIENTED_EDGE('',*,*,#2743,.F.);
#3525=ORIENTED_EDGE('',*,*,#2746,.T.);
#3526=ORIENTED_EDGE('',*,*,#2747,.T.);
#3527=ORIENTED_EDGE('',*,*,#2579,.T.);
#3528=ORIENTED_EDGE('',*,*,#2745,.F.);
#3529=ORIENTED_EDGE('',*,*,#2748,.T.);
#3530=ORIENTED_EDGE('',*,*,#2749,.T.);
#3531=ORIENTED_EDGE('',*,*,#2580,.T.);
#3532=ORIENTED_EDGE('',*,*,#2747,.F.);
#3533=ORIENTED_EDGE('',*,*,#2750,.T.);
#3534=ORIENTED_EDGE('',*,*,#2505,.T.);
#3535=ORIENTED_EDGE('',*,*,#2581,.T.);
#3536=ORIENTED_EDGE('',*,*,#2749,.F.);
#3537=ORIENTED_EDGE('',*,*,#2751,.T.);
#3538=ORIENTED_EDGE('',*,*,#2752,.T.);
#3539=ORIENTED_EDGE('',*,*,#2521,.T.);
#3540=ORIENTED_EDGE('',*,*,#2324,.F.);
#3541=ORIENTED_EDGE('',*,*,#2753,.T.);
#3542=ORIENTED_EDGE('',*,*,#2754,.T.);
#3543=ORIENTED_EDGE('',*,*,#2522,.T.);
#3544=ORIENTED_EDGE('',*,*,#2752,.F.);
#3545=ORIENTED_EDGE('',*,*,#2755,.T.);
#3546=ORIENTED_EDGE('',*,*,#2756,.T.);
#3547=ORIENTED_EDGE('',*,*,#2523,.T.);
#3548=ORIENTED_EDGE('',*,*,#2754,.F.);
#3549=ORIENTED_EDGE('',*,*,#2757,.T.);
#3550=ORIENTED_EDGE('',*,*,#2758,.T.);
#3551=ORIENTED_EDGE('',*,*,#2524,.T.);
#3552=ORIENTED_EDGE('',*,*,#2756,.F.);
#3553=ORIENTED_EDGE('',*,*,#2759,.T.);
#3554=ORIENTED_EDGE('',*,*,#2760,.T.);
#3555=ORIENTED_EDGE('',*,*,#2525,.T.);
#3556=ORIENTED_EDGE('',*,*,#2758,.F.);
#3557=ORIENTED_EDGE('',*,*,#2761,.T.);
#3558=ORIENTED_EDGE('',*,*,#2762,.T.);
#3559=ORIENTED_EDGE('',*,*,#2526,.T.);
#3560=ORIENTED_EDGE('',*,*,#2760,.F.);
#3561=ORIENTED_EDGE('',*,*,#2763,.T.);
#3562=ORIENTED_EDGE('',*,*,#2764,.T.);
#3563=ORIENTED_EDGE('',*,*,#2527,.T.);
#3564=ORIENTED_EDGE('',*,*,#2762,.F.);
#3565=ORIENTED_EDGE('',*,*,#2765,.T.);
#3566=ORIENTED_EDGE('',*,*,#2766,.T.);
#3567=ORIENTED_EDGE('',*,*,#2528,.T.);
#3568=ORIENTED_EDGE('',*,*,#2764,.F.);
#3569=ORIENTED_EDGE('',*,*,#2767,.T.);
#3570=ORIENTED_EDGE('',*,*,#2768,.T.);
#3571=ORIENTED_EDGE('',*,*,#2529,.T.);
#3572=ORIENTED_EDGE('',*,*,#2766,.F.);
#3573=ORIENTED_EDGE('',*,*,#2769,.T.);
#3574=ORIENTED_EDGE('',*,*,#2770,.T.);
#3575=ORIENTED_EDGE('',*,*,#2530,.T.);
#3576=ORIENTED_EDGE('',*,*,#2768,.F.);
#3577=ORIENTED_EDGE('',*,*,#2771,.T.);
#3578=ORIENTED_EDGE('',*,*,#2772,.T.);
#3579=ORIENTED_EDGE('',*,*,#2531,.T.);
#3580=ORIENTED_EDGE('',*,*,#2770,.F.);
#3581=ORIENTED_EDGE('',*,*,#2773,.T.);
#3582=ORIENTED_EDGE('',*,*,#2774,.T.);
#3583=ORIENTED_EDGE('',*,*,#2532,.T.);
#3584=ORIENTED_EDGE('',*,*,#2772,.F.);
#3585=ORIENTED_EDGE('',*,*,#2775,.T.);
#3586=ORIENTED_EDGE('',*,*,#2776,.T.);
#3587=ORIENTED_EDGE('',*,*,#2533,.T.);
#3588=ORIENTED_EDGE('',*,*,#2774,.F.);
#3589=ORIENTED_EDGE('',*,*,#2777,.T.);
#3590=ORIENTED_EDGE('',*,*,#2778,.T.);
#3591=ORIENTED_EDGE('',*,*,#2534,.T.);
#3592=ORIENTED_EDGE('',*,*,#2776,.F.);
#3593=ORIENTED_EDGE('',*,*,#2779,.T.);
#3594=ORIENTED_EDGE('',*,*,#2780,.T.);
#3595=ORIENTED_EDGE('',*,*,#2535,.T.);
#3596=ORIENTED_EDGE('',*,*,#2778,.F.);
#3597=ORIENTED_EDGE('',*,*,#2781,.T.);
#3598=ORIENTED_EDGE('',*,*,#2782,.T.);
#3599=ORIENTED_EDGE('',*,*,#2536,.T.);
#3600=ORIENTED_EDGE('',*,*,#2780,.F.);
#3601=ORIENTED_EDGE('',*,*,#2783,.T.);
#3602=ORIENTED_EDGE('',*,*,#2784,.T.);
#3603=ORIENTED_EDGE('',*,*,#2537,.T.);
#3604=ORIENTED_EDGE('',*,*,#2782,.F.);
#3605=ORIENTED_EDGE('',*,*,#2785,.T.);
#3606=ORIENTED_EDGE('',*,*,#2786,.T.);
#3607=ORIENTED_EDGE('',*,*,#2538,.T.);
#3608=ORIENTED_EDGE('',*,*,#2784,.F.);
#3609=ORIENTED_EDGE('',*,*,#2787,.T.);
#3610=ORIENTED_EDGE('',*,*,#2788,.T.);
#3611=ORIENTED_EDGE('',*,*,#2539,.T.);
#3612=ORIENTED_EDGE('',*,*,#2786,.F.);
#3613=ORIENTED_EDGE('',*,*,#2789,.T.);
#3614=ORIENTED_EDGE('',*,*,#2790,.T.);
#3615=ORIENTED_EDGE('',*,*,#2540,.T.);
#3616=ORIENTED_EDGE('',*,*,#2788,.F.);
#3617=ORIENTED_EDGE('',*,*,#2791,.T.);
#3618=ORIENTED_EDGE('',*,*,#2792,.T.);
#3619=ORIENTED_EDGE('',*,*,#2541,.T.);
#3620=ORIENTED_EDGE('',*,*,#2790,.F.);
#3621=ORIENTED_EDGE('',*,*,#2793,.T.);
#3622=ORIENTED_EDGE('',*,*,#2794,.T.);
#3623=ORIENTED_EDGE('',*,*,#2542,.T.);
#3624=ORIENTED_EDGE('',*,*,#2792,.F.);
#3625=ORIENTED_EDGE('',*,*,#2795,.T.);
#3626=ORIENTED_EDGE('',*,*,#2796,.T.);
#3627=ORIENTED_EDGE('',*,*,#2543,.T.);
#3628=ORIENTED_EDGE('',*,*,#2794,.F.);
#3629=ORIENTED_EDGE('',*,*,#2797,.T.);
#3630=ORIENTED_EDGE('',*,*,#2798,.T.);
#3631=ORIENTED_EDGE('',*,*,#2544,.T.);
#3632=ORIENTED_EDGE('',*,*,#2796,.F.);
#3633=ORIENTED_EDGE('',*,*,#2799,.T.);
#3634=ORIENTED_EDGE('',*,*,#2800,.T.);
#3635=ORIENTED_EDGE('',*,*,#2545,.T.);
#3636=ORIENTED_EDGE('',*,*,#2798,.F.);
#3637=ORIENTED_EDGE('',*,*,#2801,.T.);
#3638=ORIENTED_EDGE('',*,*,#2703,.F.);
#3639=ORIENTED_EDGE('',*,*,#2700,.F.);
#3640=ORIENTED_EDGE('',*,*,#2802,.T.);
#3641=ORIENTED_EDGE('',*,*,#2803,.T.);
#3642=ORIENTED_EDGE('',*,*,#2546,.T.);
#3643=ORIENTED_EDGE('',*,*,#2804,.T.);
#3644=ORIENTED_EDGE('',*,*,#2805,.T.);
#3645=ORIENTED_EDGE('',*,*,#2806,.T.);
#3646=ORIENTED_EDGE('',*,*,#2804,.F.);
#3647=ORIENTED_EDGE('',*,*,#2800,.F.);
#3648=ORIENTED_EDGE('',*,*,#2807,.T.);
#3649=ORIENTED_EDGE('',*,*,#2698,.F.);
#3650=ORIENTED_EDGE('',*,*,#2808,.F.);
#3651=ORIENTED_EDGE('',*,*,#2363,.F.);
#3652=ORIENTED_EDGE('',*,*,#2809,.T.);
#3653=ORIENTED_EDGE('',*,*,#2701,.F.);
#3654=ORIENTED_EDGE('',*,*,#2555,.F.);
#3655=ORIENTED_EDGE('',*,*,#2691,.F.);
#3656=ORIENTED_EDGE('',*,*,#2364,.F.);
#3657=ORIENTED_EDGE('',*,*,#2808,.T.);
#3658=ORIENTED_EDGE('',*,*,#2803,.F.);
#3659=ORIENTED_EDGE('',*,*,#2810,.F.);
#3660=ORIENTED_EDGE('',*,*,#2374,.T.);
#3661=ORIENTED_EDGE('',*,*,#2811,.T.);
#3662=ORIENTED_EDGE('',*,*,#2547,.F.);
#3663=ORIENTED_EDGE('',*,*,#2405,.F.);
#3664=ORIENTED_EDGE('',*,*,#2812,.T.);
#3665=ORIENTED_EDGE('',*,*,#2675,.F.);
#3666=ORIENTED_EDGE('',*,*,#2813,.F.);
#3667=ORIENTED_EDGE('',*,*,#2406,.F.);
#3668=ORIENTED_EDGE('',*,*,#2813,.T.);
#3669=ORIENTED_EDGE('',*,*,#2674,.F.);
#3670=ORIENTED_EDGE('',*,*,#2814,.F.);
#3671=ORIENTED_EDGE('',*,*,#2407,.F.);
#3672=ORIENTED_EDGE('',*,*,#2814,.T.);
#3673=ORIENTED_EDGE('',*,*,#2673,.F.);
#3674=ORIENTED_EDGE('',*,*,#2815,.F.);
#3675=ORIENTED_EDGE('',*,*,#2408,.F.);
#3676=ORIENTED_EDGE('',*,*,#2815,.T.);
#3677=ORIENTED_EDGE('',*,*,#2672,.F.);
#3678=ORIENTED_EDGE('',*,*,#2816,.F.);
#3679=ORIENTED_EDGE('',*,*,#2409,.F.);
#3680=ORIENTED_EDGE('',*,*,#2816,.T.);
#3681=ORIENTED_EDGE('',*,*,#2671,.F.);
#3682=ORIENTED_EDGE('',*,*,#2817,.F.);
#3683=ORIENTED_EDGE('',*,*,#2410,.F.);
#3684=ORIENTED_EDGE('',*,*,#2817,.T.);
#3685=ORIENTED_EDGE('',*,*,#2670,.F.);
#3686=ORIENTED_EDGE('',*,*,#2818,.F.);
#3687=ORIENTED_EDGE('',*,*,#2411,.F.);
#3688=ORIENTED_EDGE('',*,*,#2818,.T.);
#3689=ORIENTED_EDGE('',*,*,#2669,.F.);
#3690=ORIENTED_EDGE('',*,*,#2819,.F.);
#3691=ORIENTED_EDGE('',*,*,#2412,.F.);
#3692=ORIENTED_EDGE('',*,*,#2819,.T.);
#3693=ORIENTED_EDGE('',*,*,#2668,.F.);
#3694=ORIENTED_EDGE('',*,*,#2820,.F.);
#3695=ORIENTED_EDGE('',*,*,#2413,.T.);
#3696=ORIENTED_EDGE('',*,*,#2820,.T.);
#3697=ORIENTED_EDGE('',*,*,#2667,.F.);
#3698=ORIENTED_EDGE('',*,*,#2821,.F.);
#3699=ORIENTED_EDGE('',*,*,#2414,.F.);
#3700=ORIENTED_EDGE('',*,*,#2821,.T.);
#3701=ORIENTED_EDGE('',*,*,#2666,.F.);
#3702=ORIENTED_EDGE('',*,*,#2822,.F.);
#3703=ORIENTED_EDGE('',*,*,#2415,.T.);
#3704=ORIENTED_EDGE('',*,*,#2822,.T.);
#3705=ORIENTED_EDGE('',*,*,#2665,.F.);
#3706=ORIENTED_EDGE('',*,*,#2823,.F.);
#3707=ORIENTED_EDGE('',*,*,#2416,.F.);
#3708=ORIENTED_EDGE('',*,*,#2823,.T.);
#3709=ORIENTED_EDGE('',*,*,#2664,.F.);
#3710=ORIENTED_EDGE('',*,*,#2824,.F.);
#3711=ORIENTED_EDGE('',*,*,#2417,.F.);
#3712=ORIENTED_EDGE('',*,*,#2824,.T.);
#3713=ORIENTED_EDGE('',*,*,#2663,.F.);
#3714=ORIENTED_EDGE('',*,*,#2825,.F.);
#3715=ORIENTED_EDGE('',*,*,#2404,.T.);
#3716=ORIENTED_EDGE('',*,*,#2825,.T.);
#3717=ORIENTED_EDGE('',*,*,#2662,.F.);
#3718=ORIENTED_EDGE('',*,*,#2812,.F.);
#3719=ORIENTED_EDGE('',*,*,#2419,.F.);
#3720=ORIENTED_EDGE('',*,*,#2826,.T.);
#3721=ORIENTED_EDGE('',*,*,#2661,.F.);
#3722=ORIENTED_EDGE('',*,*,#2827,.F.);
#3723=ORIENTED_EDGE('',*,*,#2420,.F.);
#3724=ORIENTED_EDGE('',*,*,#2827,.T.);
#3725=ORIENTED_EDGE('',*,*,#2660,.F.);
#3726=ORIENTED_EDGE('',*,*,#2828,.F.);
#3727=ORIENTED_EDGE('',*,*,#2421,.F.);
#3728=ORIENTED_EDGE('',*,*,#2828,.T.);
#3729=ORIENTED_EDGE('',*,*,#2659,.F.);
#3730=ORIENTED_EDGE('',*,*,#2829,.F.);
#3731=ORIENTED_EDGE('',*,*,#2422,.F.);
#3732=ORIENTED_EDGE('',*,*,#2829,.T.);
#3733=ORIENTED_EDGE('',*,*,#2658,.F.);
#3734=ORIENTED_EDGE('',*,*,#2830,.F.);
#3735=ORIENTED_EDGE('',*,*,#2423,.F.);
#3736=ORIENTED_EDGE('',*,*,#2830,.T.);
#3737=ORIENTED_EDGE('',*,*,#2657,.F.);
#3738=ORIENTED_EDGE('',*,*,#2831,.F.);
#3739=ORIENTED_EDGE('',*,*,#2424,.T.);
#3740=ORIENTED_EDGE('',*,*,#2831,.T.);
#3741=ORIENTED_EDGE('',*,*,#2656,.F.);
#3742=ORIENTED_EDGE('',*,*,#2832,.F.);
#3743=ORIENTED_EDGE('',*,*,#2425,.F.);
#3744=ORIENTED_EDGE('',*,*,#2832,.T.);
#3745=ORIENTED_EDGE('',*,*,#2655,.F.);
#3746=ORIENTED_EDGE('',*,*,#2833,.F.);
#3747=ORIENTED_EDGE('',*,*,#2426,.T.);
#3748=ORIENTED_EDGE('',*,*,#2833,.T.);
#3749=ORIENTED_EDGE('',*,*,#2654,.F.);
#3750=ORIENTED_EDGE('',*,*,#2834,.F.);
#3751=ORIENTED_EDGE('',*,*,#2427,.F.);
#3752=ORIENTED_EDGE('',*,*,#2834,.T.);
#3753=ORIENTED_EDGE('',*,*,#2653,.F.);
#3754=ORIENTED_EDGE('',*,*,#2835,.F.);
#3755=ORIENTED_EDGE('',*,*,#2428,.T.);
#3756=ORIENTED_EDGE('',*,*,#2835,.T.);
#3757=ORIENTED_EDGE('',*,*,#2652,.F.);
#3758=ORIENTED_EDGE('',*,*,#2836,.F.);
#3759=ORIENTED_EDGE('',*,*,#2429,.F.);
#3760=ORIENTED_EDGE('',*,*,#2836,.T.);
#3761=ORIENTED_EDGE('',*,*,#2651,.F.);
#3762=ORIENTED_EDGE('',*,*,#2837,.F.);
#3763=ORIENTED_EDGE('',*,*,#2430,.T.);
#3764=ORIENTED_EDGE('',*,*,#2837,.T.);
#3765=ORIENTED_EDGE('',*,*,#2650,.F.);
#3766=ORIENTED_EDGE('',*,*,#2838,.F.);
#3767=ORIENTED_EDGE('',*,*,#2431,.T.);
#3768=ORIENTED_EDGE('',*,*,#2838,.T.);
#3769=ORIENTED_EDGE('',*,*,#2649,.F.);
#3770=ORIENTED_EDGE('',*,*,#2839,.F.);
#3771=ORIENTED_EDGE('',*,*,#2418,.T.);
#3772=ORIENTED_EDGE('',*,*,#2839,.T.);
#3773=ORIENTED_EDGE('',*,*,#2648,.F.);
#3774=ORIENTED_EDGE('',*,*,#2826,.F.);
#3775=ORIENTED_EDGE('',*,*,#2433,.F.);
#3776=ORIENTED_EDGE('',*,*,#2840,.T.);
#3777=ORIENTED_EDGE('',*,*,#2647,.F.);
#3778=ORIENTED_EDGE('',*,*,#2841,.F.);
#3779=ORIENTED_EDGE('',*,*,#2434,.F.);
#3780=ORIENTED_EDGE('',*,*,#2841,.T.);
#3781=ORIENTED_EDGE('',*,*,#2646,.F.);
#3782=ORIENTED_EDGE('',*,*,#2842,.F.);
#3783=ORIENTED_EDGE('',*,*,#2435,.F.);
#3784=ORIENTED_EDGE('',*,*,#2842,.T.);
#3785=ORIENTED_EDGE('',*,*,#2645,.F.);
#3786=ORIENTED_EDGE('',*,*,#2843,.F.);
#3787=ORIENTED_EDGE('',*,*,#2436,.F.);
#3788=ORIENTED_EDGE('',*,*,#2843,.T.);
#3789=ORIENTED_EDGE('',*,*,#2644,.F.);
#3790=ORIENTED_EDGE('',*,*,#2844,.F.);
#3791=ORIENTED_EDGE('',*,*,#2437,.F.);
#3792=ORIENTED_EDGE('',*,*,#2844,.T.);
#3793=ORIENTED_EDGE('',*,*,#2643,.F.);
#3794=ORIENTED_EDGE('',*,*,#2845,.F.);
#3795=ORIENTED_EDGE('',*,*,#2438,.F.);
#3796=ORIENTED_EDGE('',*,*,#2845,.T.);
#3797=ORIENTED_EDGE('',*,*,#2642,.F.);
#3798=ORIENTED_EDGE('',*,*,#2846,.F.);
#3799=ORIENTED_EDGE('',*,*,#2439,.F.);
#3800=ORIENTED_EDGE('',*,*,#2846,.T.);
#3801=ORIENTED_EDGE('',*,*,#2641,.F.);
#3802=ORIENTED_EDGE('',*,*,#2847,.F.);
#3803=ORIENTED_EDGE('',*,*,#2440,.T.);
#3804=ORIENTED_EDGE('',*,*,#2847,.T.);
#3805=ORIENTED_EDGE('',*,*,#2640,.F.);
#3806=ORIENTED_EDGE('',*,*,#2848,.F.);
#3807=ORIENTED_EDGE('',*,*,#2441,.F.);
#3808=ORIENTED_EDGE('',*,*,#2848,.T.);
#3809=ORIENTED_EDGE('',*,*,#2639,.F.);
#3810=ORIENTED_EDGE('',*,*,#2849,.F.);
#3811=ORIENTED_EDGE('',*,*,#2442,.T.);
#3812=ORIENTED_EDGE('',*,*,#2849,.T.);
#3813=ORIENTED_EDGE('',*,*,#2638,.F.);
#3814=ORIENTED_EDGE('',*,*,#2850,.F.);
#3815=ORIENTED_EDGE('',*,*,#2443,.F.);
#3816=ORIENTED_EDGE('',*,*,#2850,.T.);
#3817=ORIENTED_EDGE('',*,*,#2637,.F.);
#3818=ORIENTED_EDGE('',*,*,#2851,.F.);
#3819=ORIENTED_EDGE('',*,*,#2444,.T.);
#3820=ORIENTED_EDGE('',*,*,#2851,.T.);
#3821=ORIENTED_EDGE('',*,*,#2636,.F.);
#3822=ORIENTED_EDGE('',*,*,#2852,.F.);
#3823=ORIENTED_EDGE('',*,*,#2445,.F.);
#3824=ORIENTED_EDGE('',*,*,#2852,.T.);
#3825=ORIENTED_EDGE('',*,*,#2635,.F.);
#3826=ORIENTED_EDGE('',*,*,#2853,.F.);
#3827=ORIENTED_EDGE('',*,*,#2432,.T.);
#3828=ORIENTED_EDGE('',*,*,#2853,.T.);
#3829=ORIENTED_EDGE('',*,*,#2634,.F.);
#3830=ORIENTED_EDGE('',*,*,#2840,.F.);
#3831=ORIENTED_EDGE('',*,*,#2447,.F.);
#3832=ORIENTED_EDGE('',*,*,#2854,.T.);
#3833=ORIENTED_EDGE('',*,*,#2633,.F.);
#3834=ORIENTED_EDGE('',*,*,#2855,.F.);
#3835=ORIENTED_EDGE('',*,*,#2448,.F.);
#3836=ORIENTED_EDGE('',*,*,#2855,.T.);
#3837=ORIENTED_EDGE('',*,*,#2632,.F.);
#3838=ORIENTED_EDGE('',*,*,#2856,.F.);
#3839=ORIENTED_EDGE('',*,*,#2449,.F.);
#3840=ORIENTED_EDGE('',*,*,#2856,.T.);
#3841=ORIENTED_EDGE('',*,*,#2631,.F.);
#3842=ORIENTED_EDGE('',*,*,#2857,.F.);
#3843=ORIENTED_EDGE('',*,*,#2450,.F.);
#3844=ORIENTED_EDGE('',*,*,#2857,.T.);
#3845=ORIENTED_EDGE('',*,*,#2630,.F.);
#3846=ORIENTED_EDGE('',*,*,#2858,.F.);
#3847=ORIENTED_EDGE('',*,*,#2451,.F.);
#3848=ORIENTED_EDGE('',*,*,#2858,.T.);
#3849=ORIENTED_EDGE('',*,*,#2629,.F.);
#3850=ORIENTED_EDGE('',*,*,#2859,.F.);
#3851=ORIENTED_EDGE('',*,*,#2452,.T.);
#3852=ORIENTED_EDGE('',*,*,#2859,.T.);
#3853=ORIENTED_EDGE('',*,*,#2628,.F.);
#3854=ORIENTED_EDGE('',*,*,#2860,.F.);
#3855=ORIENTED_EDGE('',*,*,#2453,.F.);
#3856=ORIENTED_EDGE('',*,*,#2860,.T.);
#3857=ORIENTED_EDGE('',*,*,#2627,.F.);
#3858=ORIENTED_EDGE('',*,*,#2861,.F.);
#3859=ORIENTED_EDGE('',*,*,#2446,.T.);
#3860=ORIENTED_EDGE('',*,*,#2861,.T.);
#3861=ORIENTED_EDGE('',*,*,#2626,.F.);
#3862=ORIENTED_EDGE('',*,*,#2854,.F.);
#3863=ORIENTED_EDGE('',*,*,#2455,.T.);
#3864=ORIENTED_EDGE('',*,*,#2862,.T.);
#3865=ORIENTED_EDGE('',*,*,#2625,.F.);
#3866=ORIENTED_EDGE('',*,*,#2863,.F.);
#3867=ORIENTED_EDGE('',*,*,#2456,.T.);
#3868=ORIENTED_EDGE('',*,*,#2863,.T.);
#3869=ORIENTED_EDGE('',*,*,#2624,.F.);
#3870=ORIENTED_EDGE('',*,*,#2864,.F.);
#3871=ORIENTED_EDGE('',*,*,#2457,.T.);
#3872=ORIENTED_EDGE('',*,*,#2864,.T.);
#3873=ORIENTED_EDGE('',*,*,#2623,.F.);
#3874=ORIENTED_EDGE('',*,*,#2865,.F.);
#3875=ORIENTED_EDGE('',*,*,#2458,.T.);
#3876=ORIENTED_EDGE('',*,*,#2865,.T.);
#3877=ORIENTED_EDGE('',*,*,#2622,.F.);
#3878=ORIENTED_EDGE('',*,*,#2866,.F.);
#3879=ORIENTED_EDGE('',*,*,#2459,.T.);
#3880=ORIENTED_EDGE('',*,*,#2866,.T.);
#3881=ORIENTED_EDGE('',*,*,#2621,.F.);
#3882=ORIENTED_EDGE('',*,*,#2867,.F.);
#3883=ORIENTED_EDGE('',*,*,#2460,.T.);
#3884=ORIENTED_EDGE('',*,*,#2867,.T.);
#3885=ORIENTED_EDGE('',*,*,#2620,.F.);
#3886=ORIENTED_EDGE('',*,*,#2868,.F.);
#3887=ORIENTED_EDGE('',*,*,#2461,.T.);
#3888=ORIENTED_EDGE('',*,*,#2868,.T.);
#3889=ORIENTED_EDGE('',*,*,#2619,.F.);
#3890=ORIENTED_EDGE('',*,*,#2869,.F.);
#3891=ORIENTED_EDGE('',*,*,#2454,.T.);
#3892=ORIENTED_EDGE('',*,*,#2869,.T.);
#3893=ORIENTED_EDGE('',*,*,#2618,.F.);
#3894=ORIENTED_EDGE('',*,*,#2862,.F.);
#3895=ORIENTED_EDGE('',*,*,#2463,.T.);
#3896=ORIENTED_EDGE('',*,*,#2870,.T.);
#3897=ORIENTED_EDGE('',*,*,#2617,.F.);
#3898=ORIENTED_EDGE('',*,*,#2871,.F.);
#3899=ORIENTED_EDGE('',*,*,#2464,.T.);
#3900=ORIENTED_EDGE('',*,*,#2871,.T.);
#3901=ORIENTED_EDGE('',*,*,#2616,.F.);
#3902=ORIENTED_EDGE('',*,*,#2872,.F.);
#3903=ORIENTED_EDGE('',*,*,#2465,.T.);
#3904=ORIENTED_EDGE('',*,*,#2872,.T.);
#3905=ORIENTED_EDGE('',*,*,#2615,.F.);
#3906=ORIENTED_EDGE('',*,*,#2873,.F.);
#3907=ORIENTED_EDGE('',*,*,#2466,.T.);
#3908=ORIENTED_EDGE('',*,*,#2873,.T.);
#3909=ORIENTED_EDGE('',*,*,#2614,.F.);
#3910=ORIENTED_EDGE('',*,*,#2874,.F.);
#3911=ORIENTED_EDGE('',*,*,#2467,.T.);
#3912=ORIENTED_EDGE('',*,*,#2874,.T.);
#3913=ORIENTED_EDGE('',*,*,#2613,.F.);
#3914=ORIENTED_EDGE('',*,*,#2875,.F.);
#3915=ORIENTED_EDGE('',*,*,#2468,.T.);
#3916=ORIENTED_EDGE('',*,*,#2875,.T.);
#3917=ORIENTED_EDGE('',*,*,#2612,.F.);
#3918=ORIENTED_EDGE('',*,*,#2876,.F.);
#3919=ORIENTED_EDGE('',*,*,#2469,.T.);
#3920=ORIENTED_EDGE('',*,*,#2876,.T.);
#3921=ORIENTED_EDGE('',*,*,#2611,.F.);
#3922=ORIENTED_EDGE('',*,*,#2877,.F.);
#3923=ORIENTED_EDGE('',*,*,#2462,.T.);
#3924=ORIENTED_EDGE('',*,*,#2877,.T.);
#3925=ORIENTED_EDGE('',*,*,#2610,.F.);
#3926=ORIENTED_EDGE('',*,*,#2870,.F.);
#3927=ORIENTED_EDGE('',*,*,#2471,.F.);
#3928=ORIENTED_EDGE('',*,*,#2878,.T.);
#3929=ORIENTED_EDGE('',*,*,#2609,.F.);
#3930=ORIENTED_EDGE('',*,*,#2879,.F.);
#3931=ORIENTED_EDGE('',*,*,#2472,.F.);
#3932=ORIENTED_EDGE('',*,*,#2879,.T.);
#3933=ORIENTED_EDGE('',*,*,#2608,.F.);
#3934=ORIENTED_EDGE('',*,*,#2880,.F.);
#3935=ORIENTED_EDGE('',*,*,#2473,.F.);
#3936=ORIENTED_EDGE('',*,*,#2880,.T.);
#3937=ORIENTED_EDGE('',*,*,#2607,.F.);
#3938=ORIENTED_EDGE('',*,*,#2881,.F.);
#3939=ORIENTED_EDGE('',*,*,#2474,.F.);
#3940=ORIENTED_EDGE('',*,*,#2881,.T.);
#3941=ORIENTED_EDGE('',*,*,#2606,.F.);
#3942=ORIENTED_EDGE('',*,*,#2882,.F.);
#3943=ORIENTED_EDGE('',*,*,#2475,.F.);
#3944=ORIENTED_EDGE('',*,*,#2882,.T.);
#3945=ORIENTED_EDGE('',*,*,#2605,.F.);
#3946=ORIENTED_EDGE('',*,*,#2883,.F.);
#3947=ORIENTED_EDGE('',*,*,#2476,.F.);
#3948=ORIENTED_EDGE('',*,*,#2883,.T.);
#3949=ORIENTED_EDGE('',*,*,#2604,.F.);
#3950=ORIENTED_EDGE('',*,*,#2884,.F.);
#3951=ORIENTED_EDGE('',*,*,#2477,.F.);
#3952=ORIENTED_EDGE('',*,*,#2884,.T.);
#3953=ORIENTED_EDGE('',*,*,#2603,.F.);
#3954=ORIENTED_EDGE('',*,*,#2885,.F.);
#3955=ORIENTED_EDGE('',*,*,#2470,.F.);
#3956=ORIENTED_EDGE('',*,*,#2885,.T.);
#3957=ORIENTED_EDGE('',*,*,#2602,.F.);
#3958=ORIENTED_EDGE('',*,*,#2878,.F.);
#3959=ORIENTED_EDGE('',*,*,#2479,.F.);
#3960=ORIENTED_EDGE('',*,*,#2886,.T.);
#3961=ORIENTED_EDGE('',*,*,#2601,.F.);
#3962=ORIENTED_EDGE('',*,*,#2887,.F.);
#3963=ORIENTED_EDGE('',*,*,#2480,.F.);
#3964=ORIENTED_EDGE('',*,*,#2887,.T.);
#3965=ORIENTED_EDGE('',*,*,#2600,.F.);
#3966=ORIENTED_EDGE('',*,*,#2888,.F.);
#3967=ORIENTED_EDGE('',*,*,#2481,.F.);
#3968=ORIENTED_EDGE('',*,*,#2888,.T.);
#3969=ORIENTED_EDGE('',*,*,#2599,.F.);
#3970=ORIENTED_EDGE('',*,*,#2889,.F.);
#3971=ORIENTED_EDGE('',*,*,#2482,.F.);
#3972=ORIENTED_EDGE('',*,*,#2889,.T.);
#3973=ORIENTED_EDGE('',*,*,#2598,.F.);
#3974=ORIENTED_EDGE('',*,*,#2890,.F.);
#3975=ORIENTED_EDGE('',*,*,#2483,.F.);
#3976=ORIENTED_EDGE('',*,*,#2890,.T.);
#3977=ORIENTED_EDGE('',*,*,#2597,.F.);
#3978=ORIENTED_EDGE('',*,*,#2891,.F.);
#3979=ORIENTED_EDGE('',*,*,#2484,.F.);
#3980=ORIENTED_EDGE('',*,*,#2891,.T.);
#3981=ORIENTED_EDGE('',*,*,#2596,.F.);
#3982=ORIENTED_EDGE('',*,*,#2892,.F.);
#3983=ORIENTED_EDGE('',*,*,#2485,.F.);
#3984=ORIENTED_EDGE('',*,*,#2892,.T.);
#3985=ORIENTED_EDGE('',*,*,#2595,.F.);
#3986=ORIENTED_EDGE('',*,*,#2893,.F.);
#3987=ORIENTED_EDGE('',*,*,#2478,.F.);
#3988=ORIENTED_EDGE('',*,*,#2893,.T.);
#3989=ORIENTED_EDGE('',*,*,#2594,.F.);
#3990=ORIENTED_EDGE('',*,*,#2886,.F.);
#3991=ORIENTED_EDGE('',*,*,#2486,.F.);
#3992=ORIENTED_EDGE('',*,*,#2894,.T.);
#3993=ORIENTED_EDGE('',*,*,#2593,.F.);
#3994=ORIENTED_EDGE('',*,*,#2894,.F.);
#3995=ORIENTED_EDGE('',*,*,#2487,.F.);
#3996=ORIENTED_EDGE('',*,*,#2895,.T.);
#3997=ORIENTED_EDGE('',*,*,#2592,.F.);
#3998=ORIENTED_EDGE('',*,*,#2895,.F.);
#3999=ORIENTED_EDGE('',*,*,#2488,.F.);
#4000=ORIENTED_EDGE('',*,*,#2896,.T.);
#4001=ORIENTED_EDGE('',*,*,#2591,.F.);
#4002=ORIENTED_EDGE('',*,*,#2896,.F.);
#4003=ORIENTED_EDGE('',*,*,#2489,.F.);
#4004=ORIENTED_EDGE('',*,*,#2897,.T.);
#4005=ORIENTED_EDGE('',*,*,#2590,.F.);
#4006=ORIENTED_EDGE('',*,*,#2897,.F.);
#4007=ORIENTED_EDGE('',*,*,#2490,.F.);
#4008=ORIENTED_EDGE('',*,*,#2898,.T.);
#4009=ORIENTED_EDGE('',*,*,#2589,.F.);
#4010=ORIENTED_EDGE('',*,*,#2898,.F.);
#4011=ORIENTED_EDGE('',*,*,#2491,.F.);
#4012=ORIENTED_EDGE('',*,*,#2899,.T.);
#4013=ORIENTED_EDGE('',*,*,#2588,.F.);
#4014=ORIENTED_EDGE('',*,*,#2899,.F.);
#4015=ORIENTED_EDGE('',*,*,#2492,.F.);
#4016=ORIENTED_EDGE('',*,*,#2900,.T.);
#4017=ORIENTED_EDGE('',*,*,#2587,.F.);
#4018=ORIENTED_EDGE('',*,*,#2900,.F.);
#4019=ORIENTED_EDGE('',*,*,#2493,.F.);
#4020=ORIENTED_EDGE('',*,*,#2901,.T.);
#4021=ORIENTED_EDGE('',*,*,#2586,.F.);
#4022=ORIENTED_EDGE('',*,*,#2901,.F.);
#4023=ORIENTED_EDGE('',*,*,#2494,.F.);
#4024=ORIENTED_EDGE('',*,*,#2902,.T.);
#4025=ORIENTED_EDGE('',*,*,#2585,.F.);
#4026=ORIENTED_EDGE('',*,*,#2902,.F.);
#4027=ORIENTED_EDGE('',*,*,#2495,.F.);
#4028=ORIENTED_EDGE('',*,*,#2903,.T.);
#4029=ORIENTED_EDGE('',*,*,#2584,.F.);
#4030=ORIENTED_EDGE('',*,*,#2903,.F.);
#4031=ORIENTED_EDGE('',*,*,#2496,.F.);
#4032=ORIENTED_EDGE('',*,*,#2904,.T.);
#4033=ORIENTED_EDGE('',*,*,#2583,.F.);
#4034=ORIENTED_EDGE('',*,*,#2904,.F.);
#4035=ORIENTED_EDGE('',*,*,#2497,.F.);
#4036=ORIENTED_EDGE('',*,*,#2905,.T.);
#4037=ORIENTED_EDGE('',*,*,#2582,.F.);
#4038=ORIENTED_EDGE('',*,*,#2905,.F.);
#4039=ORIENTED_EDGE('',*,*,#2751,.F.);
#4040=ORIENTED_EDGE('',*,*,#2906,.F.);
#4041=ORIENTED_EDGE('',*,*,#2336,.F.);
#4042=ORIENTED_EDGE('',*,*,#2503,.T.);
#4043=ORIENTED_EDGE('',*,*,#2750,.F.);
#4044=ORIENTED_EDGE('',*,*,#2907,.F.);
#4045=ORIENTED_EDGE('',*,*,#2337,.F.);
#4046=ORIENTED_EDGE('',*,*,#2906,.T.);
#4047=ORIENTED_EDGE('',*,*,#2748,.F.);
#4048=ORIENTED_EDGE('',*,*,#2908,.F.);
#4049=ORIENTED_EDGE('',*,*,#2338,.F.);
#4050=ORIENTED_EDGE('',*,*,#2907,.T.);
#4051=ORIENTED_EDGE('',*,*,#2746,.F.);
#4052=ORIENTED_EDGE('',*,*,#2909,.F.);
#4053=ORIENTED_EDGE('',*,*,#2339,.F.);
#4054=ORIENTED_EDGE('',*,*,#2908,.T.);
#4055=ORIENTED_EDGE('',*,*,#2744,.F.);
#4056=ORIENTED_EDGE('',*,*,#2910,.F.);
#4057=ORIENTED_EDGE('',*,*,#2340,.F.);
#4058=ORIENTED_EDGE('',*,*,#2909,.T.);
#4059=ORIENTED_EDGE('',*,*,#2742,.F.);
#4060=ORIENTED_EDGE('',*,*,#2911,.F.);
#4061=ORIENTED_EDGE('',*,*,#2341,.F.);
#4062=ORIENTED_EDGE('',*,*,#2910,.T.);
#4063=ORIENTED_EDGE('',*,*,#2740,.F.);
#4064=ORIENTED_EDGE('',*,*,#2912,.F.);
#4065=ORIENTED_EDGE('',*,*,#2342,.F.);
#4066=ORIENTED_EDGE('',*,*,#2911,.T.);
#4067=ORIENTED_EDGE('',*,*,#2738,.F.);
#4068=ORIENTED_EDGE('',*,*,#2913,.F.);
#4069=ORIENTED_EDGE('',*,*,#2343,.F.);
#4070=ORIENTED_EDGE('',*,*,#2912,.T.);
#4071=ORIENTED_EDGE('',*,*,#2736,.F.);
#4072=ORIENTED_EDGE('',*,*,#2914,.F.);
#4073=ORIENTED_EDGE('',*,*,#2344,.F.);
#4074=ORIENTED_EDGE('',*,*,#2913,.T.);
#4075=ORIENTED_EDGE('',*,*,#2734,.F.);
#4076=ORIENTED_EDGE('',*,*,#2915,.F.);
#4077=ORIENTED_EDGE('',*,*,#2345,.F.);
#4078=ORIENTED_EDGE('',*,*,#2914,.T.);
#4079=ORIENTED_EDGE('',*,*,#2732,.F.);
#4080=ORIENTED_EDGE('',*,*,#2916,.F.);
#4081=ORIENTED_EDGE('',*,*,#2346,.F.);
#4082=ORIENTED_EDGE('',*,*,#2915,.T.);
#4083=ORIENTED_EDGE('',*,*,#2730,.F.);
#4084=ORIENTED_EDGE('',*,*,#2917,.F.);
#4085=ORIENTED_EDGE('',*,*,#2347,.F.);
#4086=ORIENTED_EDGE('',*,*,#2916,.T.);
#4087=ORIENTED_EDGE('',*,*,#2728,.F.);
#4088=ORIENTED_EDGE('',*,*,#2918,.F.);
#4089=ORIENTED_EDGE('',*,*,#2348,.F.);
#4090=ORIENTED_EDGE('',*,*,#2917,.T.);
#4091=ORIENTED_EDGE('',*,*,#2726,.F.);
#4092=ORIENTED_EDGE('',*,*,#2919,.F.);
#4093=ORIENTED_EDGE('',*,*,#2349,.F.);
#4094=ORIENTED_EDGE('',*,*,#2918,.T.);
#4095=ORIENTED_EDGE('',*,*,#2724,.F.);
#4096=ORIENTED_EDGE('',*,*,#2920,.F.);
#4097=ORIENTED_EDGE('',*,*,#2350,.F.);
#4098=ORIENTED_EDGE('',*,*,#2919,.T.);
#4099=ORIENTED_EDGE('',*,*,#2722,.F.);
#4100=ORIENTED_EDGE('',*,*,#2921,.F.);
#4101=ORIENTED_EDGE('',*,*,#2351,.F.);
#4102=ORIENTED_EDGE('',*,*,#2920,.T.);
#4103=ORIENTED_EDGE('',*,*,#2720,.F.);
#4104=ORIENTED_EDGE('',*,*,#2922,.F.);
#4105=ORIENTED_EDGE('',*,*,#2352,.F.);
#4106=ORIENTED_EDGE('',*,*,#2921,.T.);
#4107=ORIENTED_EDGE('',*,*,#2718,.F.);
#4108=ORIENTED_EDGE('',*,*,#2923,.F.);
#4109=ORIENTED_EDGE('',*,*,#2353,.F.);
#4110=ORIENTED_EDGE('',*,*,#2922,.T.);
#4111=ORIENTED_EDGE('',*,*,#2716,.F.);
#4112=ORIENTED_EDGE('',*,*,#2924,.F.);
#4113=ORIENTED_EDGE('',*,*,#2354,.F.);
#4114=ORIENTED_EDGE('',*,*,#2923,.T.);
#4115=ORIENTED_EDGE('',*,*,#2714,.F.);
#4116=ORIENTED_EDGE('',*,*,#2925,.F.);
#4117=ORIENTED_EDGE('',*,*,#2355,.F.);
#4118=ORIENTED_EDGE('',*,*,#2924,.T.);
#4119=ORIENTED_EDGE('',*,*,#2712,.F.);
#4120=ORIENTED_EDGE('',*,*,#2926,.F.);
#4121=ORIENTED_EDGE('',*,*,#2356,.F.);
#4122=ORIENTED_EDGE('',*,*,#2925,.T.);
#4123=ORIENTED_EDGE('',*,*,#2710,.F.);
#4124=ORIENTED_EDGE('',*,*,#2927,.F.);
#4125=ORIENTED_EDGE('',*,*,#2357,.F.);
#4126=ORIENTED_EDGE('',*,*,#2926,.T.);
#4127=ORIENTED_EDGE('',*,*,#2708,.F.);
#4128=ORIENTED_EDGE('',*,*,#2928,.F.);
#4129=ORIENTED_EDGE('',*,*,#2358,.F.);
#4130=ORIENTED_EDGE('',*,*,#2927,.T.);
#4131=ORIENTED_EDGE('',*,*,#2706,.F.);
#4132=ORIENTED_EDGE('',*,*,#2929,.F.);
#4133=ORIENTED_EDGE('',*,*,#2359,.F.);
#4134=ORIENTED_EDGE('',*,*,#2928,.T.);
#4135=ORIENTED_EDGE('',*,*,#2704,.F.);
#4136=ORIENTED_EDGE('',*,*,#2930,.F.);
#4137=ORIENTED_EDGE('',*,*,#2360,.F.);
#4138=ORIENTED_EDGE('',*,*,#2929,.T.);
#4139=ORIENTED_EDGE('',*,*,#2802,.F.);
#4140=ORIENTED_EDGE('',*,*,#2931,.F.);
#4141=ORIENTED_EDGE('',*,*,#2361,.F.);
#4142=ORIENTED_EDGE('',*,*,#2930,.T.);
#4143=ORIENTED_EDGE('',*,*,#2699,.F.);
#4144=ORIENTED_EDGE('',*,*,#2809,.F.);
#4145=ORIENTED_EDGE('',*,*,#2362,.F.);
#4146=ORIENTED_EDGE('',*,*,#2931,.T.);
#4147=ORIENTED_EDGE('',*,*,#2677,.F.);
#4148=ORIENTED_EDGE('',*,*,#2932,.F.);
#4149=ORIENTED_EDGE('',*,*,#2372,.T.);
#4150=ORIENTED_EDGE('',*,*,#2697,.T.);
#4151=ORIENTED_EDGE('',*,*,#2680,.F.);
#4152=ORIENTED_EDGE('',*,*,#2548,.F.);
#4153=ORIENTED_EDGE('',*,*,#2811,.F.);
#4154=ORIENTED_EDGE('',*,*,#2373,.T.);
#4155=ORIENTED_EDGE('',*,*,#2932,.T.);
#4156=ORIENTED_EDGE('',*,*,#2806,.F.);
#4157=ORIENTED_EDGE('',*,*,#2933,.F.);
#4158=ORIENTED_EDGE('',*,*,#2375,.T.);
#4159=ORIENTED_EDGE('',*,*,#2810,.T.);
#4160=ORIENTED_EDGE('',*,*,#2805,.F.);
#4161=ORIENTED_EDGE('',*,*,#2934,.F.);
#4162=ORIENTED_EDGE('',*,*,#2376,.T.);
#4163=ORIENTED_EDGE('',*,*,#2933,.T.);
#4164=ORIENTED_EDGE('',*,*,#2807,.F.);
#4165=ORIENTED_EDGE('',*,*,#2935,.F.);
#4166=ORIENTED_EDGE('',*,*,#2377,.T.);
#4167=ORIENTED_EDGE('',*,*,#2934,.T.);
#4168=ORIENTED_EDGE('',*,*,#2801,.F.);
#4169=ORIENTED_EDGE('',*,*,#2936,.F.);
#4170=ORIENTED_EDGE('',*,*,#2378,.T.);
#4171=ORIENTED_EDGE('',*,*,#2935,.T.);
#4172=ORIENTED_EDGE('',*,*,#2799,.F.);
#4173=ORIENTED_EDGE('',*,*,#2937,.F.);
#4174=ORIENTED_EDGE('',*,*,#2379,.T.);
#4175=ORIENTED_EDGE('',*,*,#2936,.T.);
#4176=ORIENTED_EDGE('',*,*,#2797,.F.);
#4177=ORIENTED_EDGE('',*,*,#2938,.F.);
#4178=ORIENTED_EDGE('',*,*,#2380,.T.);
#4179=ORIENTED_EDGE('',*,*,#2937,.T.);
#4180=ORIENTED_EDGE('',*,*,#2795,.F.);
#4181=ORIENTED_EDGE('',*,*,#2939,.F.);
#4182=ORIENTED_EDGE('',*,*,#2381,.T.);
#4183=ORIENTED_EDGE('',*,*,#2938,.T.);
#4184=ORIENTED_EDGE('',*,*,#2793,.F.);
#4185=ORIENTED_EDGE('',*,*,#2940,.F.);
#4186=ORIENTED_EDGE('',*,*,#2382,.T.);
#4187=ORIENTED_EDGE('',*,*,#2939,.T.);
#4188=ORIENTED_EDGE('',*,*,#2791,.F.);
#4189=ORIENTED_EDGE('',*,*,#2941,.F.);
#4190=ORIENTED_EDGE('',*,*,#2383,.T.);
#4191=ORIENTED_EDGE('',*,*,#2940,.T.);
#4192=ORIENTED_EDGE('',*,*,#2789,.F.);
#4193=ORIENTED_EDGE('',*,*,#2942,.F.);
#4194=ORIENTED_EDGE('',*,*,#2384,.T.);
#4195=ORIENTED_EDGE('',*,*,#2941,.T.);
#4196=ORIENTED_EDGE('',*,*,#2787,.F.);
#4197=ORIENTED_EDGE('',*,*,#2943,.F.);
#4198=ORIENTED_EDGE('',*,*,#2385,.T.);
#4199=ORIENTED_EDGE('',*,*,#2942,.T.);
#4200=ORIENTED_EDGE('',*,*,#2785,.F.);
#4201=ORIENTED_EDGE('',*,*,#2944,.F.);
#4202=ORIENTED_EDGE('',*,*,#2386,.T.);
#4203=ORIENTED_EDGE('',*,*,#2943,.T.);
#4204=ORIENTED_EDGE('',*,*,#2783,.F.);
#4205=ORIENTED_EDGE('',*,*,#2945,.F.);
#4206=ORIENTED_EDGE('',*,*,#2387,.T.);
#4207=ORIENTED_EDGE('',*,*,#2944,.T.);
#4208=ORIENTED_EDGE('',*,*,#2781,.F.);
#4209=ORIENTED_EDGE('',*,*,#2946,.F.);
#4210=ORIENTED_EDGE('',*,*,#2388,.T.);
#4211=ORIENTED_EDGE('',*,*,#2945,.T.);
#4212=ORIENTED_EDGE('',*,*,#2779,.F.);
#4213=ORIENTED_EDGE('',*,*,#2947,.F.);
#4214=ORIENTED_EDGE('',*,*,#2389,.T.);
#4215=ORIENTED_EDGE('',*,*,#2946,.T.);
#4216=ORIENTED_EDGE('',*,*,#2777,.F.);
#4217=ORIENTED_EDGE('',*,*,#2948,.F.);
#4218=ORIENTED_EDGE('',*,*,#2390,.T.);
#4219=ORIENTED_EDGE('',*,*,#2947,.T.);
#4220=ORIENTED_EDGE('',*,*,#2775,.F.);
#4221=ORIENTED_EDGE('',*,*,#2949,.F.);
#4222=ORIENTED_EDGE('',*,*,#2391,.T.);
#4223=ORIENTED_EDGE('',*,*,#2948,.T.);
#4224=ORIENTED_EDGE('',*,*,#2773,.F.);
#4225=ORIENTED_EDGE('',*,*,#2950,.F.);
#4226=ORIENTED_EDGE('',*,*,#2392,.T.);
#4227=ORIENTED_EDGE('',*,*,#2949,.T.);
#4228=ORIENTED_EDGE('',*,*,#2771,.F.);
#4229=ORIENTED_EDGE('',*,*,#2951,.F.);
#4230=ORIENTED_EDGE('',*,*,#2393,.T.);
#4231=ORIENTED_EDGE('',*,*,#2950,.T.);
#4232=ORIENTED_EDGE('',*,*,#2769,.F.);
#4233=ORIENTED_EDGE('',*,*,#2952,.F.);
#4234=ORIENTED_EDGE('',*,*,#2394,.T.);
#4235=ORIENTED_EDGE('',*,*,#2951,.T.);
#4236=ORIENTED_EDGE('',*,*,#2767,.F.);
#4237=ORIENTED_EDGE('',*,*,#2953,.F.);
#4238=ORIENTED_EDGE('',*,*,#2395,.T.);
#4239=ORIENTED_EDGE('',*,*,#2952,.T.);
#4240=ORIENTED_EDGE('',*,*,#2765,.F.);
#4241=ORIENTED_EDGE('',*,*,#2954,.F.);
#4242=ORIENTED_EDGE('',*,*,#2396,.T.);
#4243=ORIENTED_EDGE('',*,*,#2953,.T.);
#4244=ORIENTED_EDGE('',*,*,#2763,.F.);
#4245=ORIENTED_EDGE('',*,*,#2955,.F.);
#4246=ORIENTED_EDGE('',*,*,#2397,.T.);
#4247=ORIENTED_EDGE('',*,*,#2954,.T.);
#4248=ORIENTED_EDGE('',*,*,#2761,.F.);
#4249=ORIENTED_EDGE('',*,*,#2956,.F.);
#4250=ORIENTED_EDGE('',*,*,#2398,.T.);
#4251=ORIENTED_EDGE('',*,*,#2955,.T.);
#4252=ORIENTED_EDGE('',*,*,#2759,.F.);
#4253=ORIENTED_EDGE('',*,*,#2957,.F.);
#4254=ORIENTED_EDGE('',*,*,#2399,.T.);
#4255=ORIENTED_EDGE('',*,*,#2956,.T.);
#4256=ORIENTED_EDGE('',*,*,#2757,.F.);
#4257=ORIENTED_EDGE('',*,*,#2958,.F.);
#4258=ORIENTED_EDGE('',*,*,#2400,.T.);
#4259=ORIENTED_EDGE('',*,*,#2957,.T.);
#4260=ORIENTED_EDGE('',*,*,#2755,.F.);
#4261=ORIENTED_EDGE('',*,*,#2959,.F.);
#4262=ORIENTED_EDGE('',*,*,#2401,.T.);
#4263=ORIENTED_EDGE('',*,*,#2958,.T.);
#4264=ORIENTED_EDGE('',*,*,#2753,.F.);
#4265=ORIENTED_EDGE('',*,*,#2676,.F.);
#4266=ORIENTED_EDGE('',*,*,#2402,.T.);
#4267=ORIENTED_EDGE('',*,*,#2959,.T.);
#4268=B_SPLINE_SURFACE_WITH_KNOTS('',3,3,((#6305,#6306,#6307,#6308),(#6309,
#6310,#6311,#6312),(#6313,#6314,#6315,#6316),(#6317,#6318,#6319,#6320)),
 .UNSPECIFIED.,.F.,.F.,.F.,(4,4),(4,4),(0.,1.),(1.03500977669561,1.17944072323269),
 .UNSPECIFIED.);
#4269=B_SPLINE_SURFACE_WITH_KNOTS('',3,3,((#6378,#6379,#6380,#6381),(#6382,
#6383,#6384,#6385),(#6386,#6387,#6388,#6389),(#6390,#6391,#6392,#6393)),
 .UNSPECIFIED.,.F.,.F.,.F.,(4,4),(4,4),(0.,1.),(0.577874129441252,0.722305097905662),
 .UNSPECIFIED.);
#4270=B_SPLINE_SURFACE_WITH_KNOTS('',3,1,((#6832,#6833),(#6834,#6835),(#6836,
#6837),(#6838,#6839)),.UNSPECIFIED.,.F.,.F.,.F.,(4,4),(2,2),(0.,0.144734073874965),
(0.,0.25),.UNSPECIFIED.);
#4271=B_SPLINE_SURFACE_WITH_KNOTS('',3,1,((#6849,#6850),(#6851,#6852),(#6853,
#6854),(#6855,#6856)),.UNSPECIFIED.,.F.,.F.,.F.,(4,4),(2,2),(-0.144734073875516,
0.),(0.,0.25),.UNSPECIFIED.);
#4272=ADVANCED_FACE('',(#1352),#4268,.F.);
#4273=ADVANCED_FACE('',(#1353),#1239,.T.);
#4274=ADVANCED_FACE('',(#1354),#299,.T.);
#4275=ADVANCED_FACE('',(#1355),#4269,.F.);
#4276=ADVANCED_FACE('',(#1356),#55,.F.);
#4277=ADVANCED_FACE('',(#1357),#300,.T.);
#4278=ADVANCED_FACE('',(#1358,#15,#16,#17,#18,#19,#20,#21,#22,#23,#24,#25,
#26,#27,#28,#29,#30,#31,#32,#33,#34),#1240,.F.);
#4279=ADVANCED_FACE('',(#1359),#1241,.F.);
#4280=ADVANCED_FACE('',(#1360),#1242,.T.);
#4281=ADVANCED_FACE('',(#1361),#301,.F.);
#4282=ADVANCED_FACE('',(#1362),#56,.F.);
#4283=ADVANCED_FACE('',(#1363),#57,.F.);
#4284=ADVANCED_FACE('',(#1364),#302,.F.);
#4285=ADVANCED_FACE('',(#1365),#4270,.T.);
#4286=ADVANCED_FACE('',(#1366),#4271,.T.);
#4287=ADVANCED_FACE('',(#1367),#58,.F.);
#4288=ADVANCED_FACE('',(#1368),#59,.F.);
#4289=ADVANCED_FACE('',(#1369),#303,.F.);
#4290=ADVANCED_FACE('',(#1370),#304,.F.);
#4291=ADVANCED_FACE('',(#1371),#1243,.F.);
#4292=ADVANCED_FACE('',(#1372,#35,#36,#37,#38,#39,#40,#41,#42,#43,#44,#45,
#46,#47,#48,#49,#50,#51,#52,#53,#54),#1244,.T.);
#4293=ADVANCED_FACE('',(#1373),#305,.F.);
#4294=ADVANCED_FACE('',(#1374),#1245,.T.);
#4295=ADVANCED_FACE('',(#1375),#60,.T.);
#4296=ADVANCED_FACE('',(#1376),#1246,.T.);
#4297=ADVANCED_FACE('',(#1377),#61,.T.);
#4298=ADVANCED_FACE('',(#1378),#1247,.T.);
#4299=ADVANCED_FACE('',(#1379),#306,.F.);
#4300=ADVANCED_FACE('',(#1380),#1248,.T.);
#4301=ADVANCED_FACE('',(#1381),#1249,.T.);
#4302=ADVANCED_FACE('',(#1382),#307,.T.);
#4303=ADVANCED_FACE('',(#1383),#1250,.T.);
#4304=ADVANCED_FACE('',(#1384),#308,.T.);
#4305=ADVANCED_FACE('',(#1385),#1251,.T.);
#4306=ADVANCED_FACE('',(#1386),#1252,.T.);
#4307=ADVANCED_FACE('',(#1387),#1253,.T.);
#4308=ADVANCED_FACE('',(#1388),#62,.F.);
#4309=ADVANCED_FACE('',(#1389),#1254,.T.);
#4310=ADVANCED_FACE('',(#1390),#63,.T.);
#4311=ADVANCED_FACE('',(#1391),#1255,.T.);
#4312=ADVANCED_FACE('',(#1392),#64,.T.);
#4313=ADVANCED_FACE('',(#1393),#1256,.T.);
#4314=ADVANCED_FACE('',(#1394),#65,.F.);
#4315=ADVANCED_FACE('',(#1395),#1257,.T.);
#4316=ADVANCED_FACE('',(#1396),#66,.F.);
#4317=ADVANCED_FACE('',(#1397),#1258,.T.);
#4318=ADVANCED_FACE('',(#1398),#67,.F.);
#4319=ADVANCED_FACE('',(#1399),#1259,.T.);
#4320=ADVANCED_FACE('',(#1400),#68,.T.);
#4321=ADVANCED_FACE('',(#1401),#1260,.T.);
#4322=ADVANCED_FACE('',(#1402),#69,.T.);
#4323=ADVANCED_FACE('',(#1403),#1261,.T.);
#4324=ADVANCED_FACE('',(#1404),#70,.F.);
#4325=ADVANCED_FACE('',(#1405),#1262,.T.);
#4326=ADVANCED_FACE('',(#1406),#71,.F.);
#4327=ADVANCED_FACE('',(#1407),#1263,.T.);
#4328=ADVANCED_FACE('',(#1408),#72,.T.);
#4329=ADVANCED_FACE('',(#1409),#1264,.T.);
#4330=ADVANCED_FACE('',(#1410),#73,.T.);
#4331=ADVANCED_FACE('',(#1411),#1265,.T.);
#4332=ADVANCED_FACE('',(#1412),#1266,.T.);
#4333=ADVANCED_FACE('',(#1413),#74,.T.);
#4334=ADVANCED_FACE('',(#1414),#1267,.T.);
#4335=ADVANCED_FACE('',(#1415),#75,.T.);
#4336=ADVANCED_FACE('',(#1416),#1268,.T.);
#4337=ADVANCED_FACE('',(#1417),#76,.F.);
#4338=ADVANCED_FACE('',(#1418),#1269,.T.);
#4339=ADVANCED_FACE('',(#1419),#77,.F.);
#4340=ADVANCED_FACE('',(#1420),#1270,.T.);
#4341=ADVANCED_FACE('',(#1421),#78,.T.);
#4342=ADVANCED_FACE('',(#1422),#1271,.T.);
#4343=ADVANCED_FACE('',(#1423),#79,.T.);
#4344=ADVANCED_FACE('',(#1424),#1272,.T.);
#4345=ADVANCED_FACE('',(#1425),#80,.F.);
#4346=ADVANCED_FACE('',(#1426),#1273,.T.);
#4347=ADVANCED_FACE('',(#1427),#81,.F.);
#4348=ADVANCED_FACE('',(#1428),#1274,.T.);
#4349=ADVANCED_FACE('',(#1429),#82,.F.);
#4350=ADVANCED_FACE('',(#1430),#1275,.T.);
#4351=ADVANCED_FACE('',(#1431),#83,.T.);
#4352=ADVANCED_FACE('',(#1432),#1276,.T.);
#4353=ADVANCED_FACE('',(#1433),#84,.T.);
#4354=ADVANCED_FACE('',(#1434),#1277,.T.);
#4355=ADVANCED_FACE('',(#1435),#85,.F.);
#4356=ADVANCED_FACE('',(#1436),#1278,.T.);
#4357=ADVANCED_FACE('',(#1437),#86,.T.);
#4358=ADVANCED_FACE('',(#1438),#1279,.T.);
#4359=ADVANCED_FACE('',(#1439),#87,.T.);
#4360=ADVANCED_FACE('',(#1440),#309,.F.);
#4361=ADVANCED_FACE('',(#1441),#1280,.T.);
#4362=ADVANCED_FACE('',(#1442),#1281,.T.);
#4363=ADVANCED_FACE('',(#1443),#1282,.T.);
#4364=ADVANCED_FACE('',(#1444),#310,.F.);
#4365=ADVANCED_FACE('',(#1445),#1283,.T.);
#4366=ADVANCED_FACE('',(#1446),#311,.F.);
#4367=ADVANCED_FACE('',(#1447),#1284,.T.);
#4368=ADVANCED_FACE('',(#1448),#312,.F.);
#4369=ADVANCED_FACE('',(#1449),#1285,.T.);
#4370=ADVANCED_FACE('',(#1450),#313,.F.);
#4371=ADVANCED_FACE('',(#1451),#1286,.T.);
#4372=ADVANCED_FACE('',(#1452),#314,.F.);
#4373=ADVANCED_FACE('',(#1453),#1287,.T.);
#4374=ADVANCED_FACE('',(#1454),#315,.F.);
#4375=ADVANCED_FACE('',(#1455),#1288,.T.);
#4376=ADVANCED_FACE('',(#1456),#316,.T.);
#4377=ADVANCED_FACE('',(#1457),#317,.F.);
#4378=ADVANCED_FACE('',(#1458),#1289,.T.);
#4379=ADVANCED_FACE('',(#1459),#318,.F.);
#4380=ADVANCED_FACE('',(#1460),#1290,.T.);
#4381=ADVANCED_FACE('',(#1461),#319,.F.);
#4382=ADVANCED_FACE('',(#1462),#1291,.T.);
#4383=ADVANCED_FACE('',(#1463),#320,.F.);
#4384=ADVANCED_FACE('',(#1464),#1292,.T.);
#4385=ADVANCED_FACE('',(#1465),#321,.F.);
#4386=ADVANCED_FACE('',(#1466),#1293,.T.);
#4387=ADVANCED_FACE('',(#1467),#322,.F.);
#4388=ADVANCED_FACE('',(#1468),#1294,.T.);
#4389=ADVANCED_FACE('',(#1469),#323,.T.);
#4390=ADVANCED_FACE('',(#1470),#1295,.T.);
#4391=ADVANCED_FACE('',(#1471),#324,.F.);
#4392=ADVANCED_FACE('',(#1472),#1296,.T.);
#4393=ADVANCED_FACE('',(#1473),#325,.F.);
#4394=ADVANCED_FACE('',(#1474),#1297,.T.);
#4395=ADVANCED_FACE('',(#1475),#326,.F.);
#4396=ADVANCED_FACE('',(#1476),#1298,.T.);
#4397=ADVANCED_FACE('',(#1477),#327,.F.);
#4398=ADVANCED_FACE('',(#1478),#1299,.T.);
#4399=ADVANCED_FACE('',(#1479),#328,.F.);
#4400=ADVANCED_FACE('',(#1480),#1300,.T.);
#4401=ADVANCED_FACE('',(#1481),#329,.F.);
#4402=ADVANCED_FACE('',(#1482),#1301,.T.);
#4403=ADVANCED_FACE('',(#1483),#330,.F.);
#4404=ADVANCED_FACE('',(#1484),#1302,.T.);
#4405=ADVANCED_FACE('',(#1485),#331,.F.);
#4406=ADVANCED_FACE('',(#1486),#1303,.T.);
#4407=ADVANCED_FACE('',(#1487),#332,.F.);
#4408=ADVANCED_FACE('',(#1488),#1304,.T.);
#4409=ADVANCED_FACE('',(#1489),#333,.F.);
#4410=ADVANCED_FACE('',(#1490),#1305,.T.);
#4411=ADVANCED_FACE('',(#1491),#334,.F.);
#4412=ADVANCED_FACE('',(#1492),#1306,.T.);
#4413=ADVANCED_FACE('',(#1493),#1307,.T.);
#4414=ADVANCED_FACE('',(#1494),#335,.F.);
#4415=ADVANCED_FACE('',(#1495),#1308,.T.);
#4416=ADVANCED_FACE('',(#1496),#336,.F.);
#4417=ADVANCED_FACE('',(#1497),#1309,.T.);
#4418=ADVANCED_FACE('',(#1498),#337,.F.);
#4419=ADVANCED_FACE('',(#1499),#1310,.T.);
#4420=ADVANCED_FACE('',(#1500),#338,.F.);
#4421=ADVANCED_FACE('',(#1501),#1311,.T.);
#4422=ADVANCED_FACE('',(#1502),#339,.F.);
#4423=ADVANCED_FACE('',(#1503),#1312,.T.);
#4424=ADVANCED_FACE('',(#1504),#340,.F.);
#4425=ADVANCED_FACE('',(#1505),#1313,.T.);
#4426=ADVANCED_FACE('',(#1506),#341,.F.);
#4427=ADVANCED_FACE('',(#1507),#1314,.T.);
#4428=ADVANCED_FACE('',(#1508),#342,.F.);
#4429=ADVANCED_FACE('',(#1509),#343,.F.);
#4430=ADVANCED_FACE('',(#1510),#1315,.T.);
#4431=ADVANCED_FACE('',(#1511),#344,.F.);
#4432=ADVANCED_FACE('',(#1512),#1316,.T.);
#4433=ADVANCED_FACE('',(#1513),#345,.F.);
#4434=ADVANCED_FACE('',(#1514),#1317,.T.);
#4435=ADVANCED_FACE('',(#1515),#346,.F.);
#4436=ADVANCED_FACE('',(#1516),#1318,.T.);
#4437=ADVANCED_FACE('',(#1517),#1319,.T.);
#4438=ADVANCED_FACE('',(#1518),#347,.F.);
#4439=ADVANCED_FACE('',(#1519),#1320,.T.);
#4440=ADVANCED_FACE('',(#1520),#348,.F.);
#4441=ADVANCED_FACE('',(#1521),#1321,.T.);
#4442=ADVANCED_FACE('',(#1522),#349,.F.);
#4443=ADVANCED_FACE('',(#1523),#1322,.T.);
#4444=ADVANCED_FACE('',(#1524),#350,.F.);
#4445=ADVANCED_FACE('',(#1525),#351,.F.);
#4446=ADVANCED_FACE('',(#1526),#352,.F.);
#4447=ADVANCED_FACE('',(#1527),#353,.F.);
#4448=ADVANCED_FACE('',(#1528),#354,.F.);
#4449=ADVANCED_FACE('',(#1529),#355,.F.);
#4450=ADVANCED_FACE('',(#1530),#356,.F.);
#4451=ADVANCED_FACE('',(#1531),#357,.F.);
#4452=ADVANCED_FACE('',(#1532),#358,.F.);
#4453=ADVANCED_FACE('',(#1533),#359,.F.);
#4454=ADVANCED_FACE('',(#1534),#360,.F.);
#4455=ADVANCED_FACE('',(#1535),#361,.F.);
#4456=ADVANCED_FACE('',(#1536),#362,.F.);
#4457=ADVANCED_FACE('',(#1537),#1323,.T.);
#4458=ADVANCED_FACE('',(#1538),#363,.T.);
#4459=ADVANCED_FACE('',(#1539),#1324,.T.);
#4460=ADVANCED_FACE('',(#1540),#364,.T.);
#4461=ADVANCED_FACE('',(#1541),#1325,.T.);
#4462=ADVANCED_FACE('',(#1542),#365,.F.);
#4463=ADVANCED_FACE('',(#1543),#1326,.T.);
#4464=ADVANCED_FACE('',(#1544),#366,.F.);
#4465=ADVANCED_FACE('',(#1545),#1327,.T.);
#4466=ADVANCED_FACE('',(#1546),#367,.T.);
#4467=ADVANCED_FACE('',(#1547),#1328,.T.);
#4468=ADVANCED_FACE('',(#1548),#368,.T.);
#4469=ADVANCED_FACE('',(#1549),#1329,.T.);
#4470=ADVANCED_FACE('',(#1550),#369,.F.);
#4471=ADVANCED_FACE('',(#1551),#1330,.T.);
#4472=ADVANCED_FACE('',(#1552),#370,.F.);
#4473=ADVANCED_FACE('',(#1553),#1331,.T.);
#4474=ADVANCED_FACE('',(#1554),#371,.F.);
#4475=ADVANCED_FACE('',(#1555),#1332,.T.);
#4476=ADVANCED_FACE('',(#1556),#372,.T.);
#4477=ADVANCED_FACE('',(#1557),#1333,.T.);
#4478=ADVANCED_FACE('',(#1558),#373,.T.);
#4479=ADVANCED_FACE('',(#1559),#1334,.T.);
#4480=ADVANCED_FACE('',(#1560),#374,.F.);
#4481=ADVANCED_FACE('',(#1561),#1335,.T.);
#4482=ADVANCED_FACE('',(#1562),#375,.T.);
#4483=ADVANCED_FACE('',(#1563),#1336,.T.);
#4484=ADVANCED_FACE('',(#1564),#1337,.T.);
#4485=ADVANCED_FACE('',(#1565),#376,.F.);
#4486=ADVANCED_FACE('',(#1566),#377,.F.);
#4487=ADVANCED_FACE('',(#1567),#1338,.T.);
#4488=ADVANCED_FACE('',(#1568),#378,.T.);
#4489=ADVANCED_FACE('',(#1569),#1339,.T.);
#4490=ADVANCED_FACE('',(#1570),#379,.F.);
#4491=ADVANCED_FACE('',(#1571),#1340,.T.);
#4492=ADVANCED_FACE('',(#1572),#380,.T.);
#4493=ADVANCED_FACE('',(#1573),#1341,.T.);
#4494=ADVANCED_FACE('',(#1574),#381,.T.);
#4495=ADVANCED_FACE('',(#1575),#1342,.T.);
#4496=ADVANCED_FACE('',(#1576),#382,.F.);
#4497=ADVANCED_FACE('',(#1577),#1343,.T.);
#4498=ADVANCED_FACE('',(#1578),#383,.F.);
#4499=ADVANCED_FACE('',(#1579),#1344,.T.);
#4500=ADVANCED_FACE('',(#1580),#384,.F.);
#4501=ADVANCED_FACE('',(#1581),#1345,.T.);
#4502=ADVANCED_FACE('',(#1582),#385,.T.);
#4503=ADVANCED_FACE('',(#1583),#1346,.T.);
#4504=ADVANCED_FACE('',(#1584),#386,.T.);
#4505=ADVANCED_FACE('',(#1585),#1347,.T.);
#4506=ADVANCED_FACE('',(#1586),#387,.F.);
#4507=ADVANCED_FACE('',(#1587),#1348,.T.);
#4508=ADVANCED_FACE('',(#1588),#388,.F.);
#4509=ADVANCED_FACE('',(#1589),#1349,.T.);
#4510=ADVANCED_FACE('',(#1590),#389,.T.);
#4511=ADVANCED_FACE('',(#1591),#1350,.T.);
#4512=ADVANCED_FACE('',(#1592),#390,.T.);
#4513=ADVANCED_FACE('',(#1593),#1351,.T.);
#4514=CLOSED_SHELL('',(#4272,#4273,#4274,#4275,#4276,#4277,#4278,#4279,
#4280,#4281,#4282,#4283,#4284,#4285,#4286,#4287,#4288,#4289,#4290,#4291,
#4292,#4293,#4294,#4295,#4296,#4297,#4298,#4299,#4300,#4301,#4302,#4303,
#4304,#4305,#4306,#4307,#4308,#4309,#4310,#4311,#4312,#4313,#4314,#4315,
#4316,#4317,#4318,#4319,#4320,#4321,#4322,#4323,#4324,#4325,#4326,#4327,
#4328,#4329,#4330,#4331,#4332,#4333,#4334,#4335,#4336,#4337,#4338,#4339,
#4340,#4341,#4342,#4343,#4344,#4345,#4346,#4347,#4348,#4349,#4350,#4351,
#4352,#4353,#4354,#4355,#4356,#4357,#4358,#4359,#4360,#4361,#4362,#4363,
#4364,#4365,#4366,#4367,#4368,#4369,#4370,#4371,#4372,#4373,#4374,#4375,
#4376,#4377,#4378,#4379,#4380,#4381,#4382,#4383,#4384,#4385,#4386,#4387,
#4388,#4389,#4390,#4391,#4392,#4393,#4394,#4395,#4396,#4397,#4398,#4399,
#4400,#4401,#4402,#4403,#4404,#4405,#4406,#4407,#4408,#4409,#4410,#4411,
#4412,#4413,#4414,#4415,#4416,#4417,#4418,#4419,#4420,#4421,#4422,#4423,
#4424,#4425,#4426,#4427,#4428,#4429,#4430,#4431,#4432,#4433,#4434,#4435,
#4436,#4437,#4438,#4439,#4440,#4441,#4442,#4443,#4444,#4445,#4446,#4447,
#4448,#4449,#4450,#4451,#4452,#4453,#4454,#4455,#4456,#4457,#4458,#4459,
#4460,#4461,#4462,#4463,#4464,#4465,#4466,#4467,#4468,#4469,#4470,#4471,
#4472,#4473,#4474,#4475,#4476,#4477,#4478,#4479,#4480,#4481,#4482,#4483,
#4484,#4485,#4486,#4487,#4488,#4489,#4490,#4491,#4492,#4493,#4494,#4495,
#4496,#4497,#4498,#4499,#4500,#4501,#4502,#4503,#4504,#4505,#4506,#4507,
#4508,#4509,#4510,#4511,#4512,#4513));
#4515=AXIS2_PLACEMENT_3D('',#6304,#4971,#4972);
#4516=AXIS2_PLACEMENT_3D('',#6359,#4973,#4974);
#4517=AXIS2_PLACEMENT_3D('',#6361,#4975,#4976);
#4518=AXIS2_PLACEMENT_3D('',#6367,#4980,#4981);
#4519=AXIS2_PLACEMENT_3D('',#6376,#4983,#4984);
#4520=AXIS2_PLACEMENT_3D('',#6432,#4986,#4987);
#4521=AXIS2_PLACEMENT_3D('',#6439,#4988,#4989);
#4522=AXIS2_PLACEMENT_3D('',#6442,#4991,#4992);
#4523=AXIS2_PLACEMENT_3D('',#6443,#4993,#4994);
#4524=AXIS2_PLACEMENT_3D('',#6445,#4995,#4996);
#4525=AXIS2_PLACEMENT_3D('',#6449,#4998,#4999);
#4526=AXIS2_PLACEMENT_3D('',#6451,#5001,#5002);
#4527=AXIS2_PLACEMENT_3D('',#6455,#5004,#5005);
#4528=AXIS2_PLACEMENT_3D('',#6457,#5006,#5007);
#4529=AXIS2_PLACEMENT_3D('',#6459,#5008,#5009);
#4530=AXIS2_PLACEMENT_3D('',#6462,#5011,#5012);
#4531=AXIS2_PLACEMENT_3D('',#6466,#5014,#5015);
#4532=AXIS2_PLACEMENT_3D('',#6470,#5017,#5018);
#4533=AXIS2_PLACEMENT_3D('',#6474,#5020,#5021);
#4534=AXIS2_PLACEMENT_3D('',#6478,#5023,#5024);
#4535=AXIS2_PLACEMENT_3D('',#6482,#5026,#5027);
#4536=AXIS2_PLACEMENT_3D('',#6486,#5029,#5030);
#4537=AXIS2_PLACEMENT_3D('',#6490,#5032,#5033);
#4538=AXIS2_PLACEMENT_3D('',#6494,#5035,#5036);
#4539=AXIS2_PLACEMENT_3D('',#6498,#5038,#5039);
#4540=AXIS2_PLACEMENT_3D('',#6502,#5041,#5042);
#4541=AXIS2_PLACEMENT_3D('',#6506,#5044,#5045);
#4542=AXIS2_PLACEMENT_3D('',#6510,#5047,#5048);
#4543=AXIS2_PLACEMENT_3D('',#6514,#5050,#5051);
#4544=AXIS2_PLACEMENT_3D('',#6518,#5053,#5054);
#4545=AXIS2_PLACEMENT_3D('',#6522,#5056,#5057);
#4546=AXIS2_PLACEMENT_3D('',#6528,#5060,#5061);
#4547=AXIS2_PLACEMENT_3D('',#6532,#5063,#5064);
#4548=AXIS2_PLACEMENT_3D('',#6538,#5067,#5068);
#4549=AXIS2_PLACEMENT_3D('',#6542,#5070,#5071);
#4550=AXIS2_PLACEMENT_3D('',#6546,#5073,#5074);
#4551=AXIS2_PLACEMENT_3D('',#6550,#5076,#5077);
#4552=AXIS2_PLACEMENT_3D('',#6554,#5079,#5080);
#4553=AXIS2_PLACEMENT_3D('',#6558,#5082,#5083);
#4554=AXIS2_PLACEMENT_3D('',#6562,#5085,#5086);
#4555=AXIS2_PLACEMENT_3D('',#6566,#5088,#5089);
#4556=AXIS2_PLACEMENT_3D('',#6570,#5091,#5092);
#4557=AXIS2_PLACEMENT_3D('',#6574,#5094,#5095);
#4558=AXIS2_PLACEMENT_3D('',#6578,#5097,#5098);
#4559=AXIS2_PLACEMENT_3D('',#6582,#5100,#5101);
#4560=AXIS2_PLACEMENT_3D('',#6586,#5103,#5104);
#4561=AXIS2_PLACEMENT_3D('',#6590,#5106,#5107);
#4562=AXIS2_PLACEMENT_3D('',#6594,#5109,#5110);
#4563=AXIS2_PLACEMENT_3D('',#6597,#5112,#5113);
#4564=AXIS2_PLACEMENT_3D('',#6600,#5114,#5115);
#4565=AXIS2_PLACEMENT_3D('',#6604,#5117,#5118);
#4566=AXIS2_PLACEMENT_3D('',#6608,#5120,#5121);
#4567=AXIS2_PLACEMENT_3D('',#6612,#5123,#5124);
#4568=AXIS2_PLACEMENT_3D('',#6616,#5126,#5127);
#4569=AXIS2_PLACEMENT_3D('',#6620,#5129,#5130);
#4570=AXIS2_PLACEMENT_3D('',#6624,#5132,#5133);
#4571=AXIS2_PLACEMENT_3D('',#6630,#5136,#5137);
#4572=AXIS2_PLACEMENT_3D('',#6634,#5139,#5140);
#4573=AXIS2_PLACEMENT_3D('',#6638,#5142,#5143);
#4574=AXIS2_PLACEMENT_3D('',#6642,#5145,#5146);
#4575=AXIS2_PLACEMENT_3D('',#6646,#5148,#5149);
#4576=AXIS2_PLACEMENT_3D('',#6650,#5151,#5152);
#4577=AXIS2_PLACEMENT_3D('',#6653,#5154,#5155);
#4578=AXIS2_PLACEMENT_3D('',#6658,#5157,#5158);
#4579=AXIS2_PLACEMENT_3D('',#6662,#5160,#5161);
#4580=AXIS2_PLACEMENT_3D('',#6666,#5163,#5164);
#4581=AXIS2_PLACEMENT_3D('',#6670,#5166,#5167);
#4582=AXIS2_PLACEMENT_3D('',#6674,#5169,#5170);
#4583=AXIS2_PLACEMENT_3D('',#6678,#5172,#5173);
#4584=AXIS2_PLACEMENT_3D('',#6681,#5175,#5176);
#4585=AXIS2_PLACEMENT_3D('',#6686,#5178,#5179);
#4586=AXIS2_PLACEMENT_3D('',#6690,#5181,#5182);
#4587=AXIS2_PLACEMENT_3D('',#6694,#5184,#5185);
#4588=AXIS2_PLACEMENT_3D('',#6697,#5187,#5188);
#4589=AXIS2_PLACEMENT_3D('',#6700,#5189,#5190);
#4590=AXIS2_PLACEMENT_3D('',#6704,#5192,#5193);
#4591=AXIS2_PLACEMENT_3D('',#6708,#5195,#5196);
#4592=AXIS2_PLACEMENT_3D('',#6712,#5198,#5199);
#4593=AXIS2_PLACEMENT_3D('',#6716,#5201,#5202);
#4594=AXIS2_PLACEMENT_3D('',#6720,#5204,#5205);
#4595=AXIS2_PLACEMENT_3D('',#6724,#5207,#5208);
#4596=AXIS2_PLACEMENT_3D('',#6728,#5210,#5211);
#4597=AXIS2_PLACEMENT_3D('',#6734,#5214,#5215);
#4598=AXIS2_PLACEMENT_3D('',#6738,#5217,#5218);
#4599=AXIS2_PLACEMENT_3D('',#6742,#5220,#5221);
#4600=AXIS2_PLACEMENT_3D('',#6745,#5223,#5224);
#4601=AXIS2_PLACEMENT_3D('',#6748,#5225,#5226);
#4602=AXIS2_PLACEMENT_3D('',#6752,#5228,#5229);
#4603=AXIS2_PLACEMENT_3D('',#6756,#5231,#5232);
#4604=AXIS2_PLACEMENT_3D('',#6760,#5234,#5235);
#4605=AXIS2_PLACEMENT_3D('',#6763,#5237,#5238);
#4606=AXIS2_PLACEMENT_3D('',#6765,#5239,#5240);
#4607=AXIS2_PLACEMENT_3D('',#6767,#5241,#5242);
#4608=AXIS2_PLACEMENT_3D('',#6769,#5243,#5244);
#4609=AXIS2_PLACEMENT_3D('',#6771,#5245,#5246);
#4610=AXIS2_PLACEMENT_3D('',#6773,#5247,#5248);
#4611=AXIS2_PLACEMENT_3D('',#6775,#5249,#5250);
#4612=AXIS2_PLACEMENT_3D('',#6777,#5251,#5252);
#4613=AXIS2_PLACEMENT_3D('',#6779,#5253,#5254);
#4614=AXIS2_PLACEMENT_3D('',#6781,#5255,#5256);
#4615=AXIS2_PLACEMENT_3D('',#6783,#5257,#5258);
#4616=AXIS2_PLACEMENT_3D('',#6785,#5259,#5260);
#4617=AXIS2_PLACEMENT_3D('',#6786,#5261,#5262);
#4618=AXIS2_PLACEMENT_3D('',#6790,#5265,#5266);
#4619=AXIS2_PLACEMENT_3D('',#6794,#5269,#5270);
#4620=AXIS2_PLACEMENT_3D('',#6796,#5271,#5272);
#4621=AXIS2_PLACEMENT_3D('',#6798,#5274,#5275);
#4622=AXIS2_PLACEMENT_3D('',#6800,#5276,#5277);
#4623=AXIS2_PLACEMENT_3D('',#6802,#5279,#5280);
#4624=AXIS2_PLACEMENT_3D('',#6816,#5281,#5282);
#4625=AXIS2_PLACEMENT_3D('',#6828,#5283,#5284);
#4626=AXIS2_PLACEMENT_3D('',#6829,#5285,#5286);
#4627=AXIS2_PLACEMENT_3D('',#6866,#5289,#5290);
#4628=AXIS2_PLACEMENT_3D('',#6867,#5291,#5292);
#4629=AXIS2_PLACEMENT_3D('',#6868,#5293,#5294);
#4630=AXIS2_PLACEMENT_3D('',#6869,#5295,#5296);
#4631=AXIS2_PLACEMENT_3D('',#6870,#5297,#5298);
#4632=AXIS2_PLACEMENT_3D('',#6871,#5299,#5300);
#4633=AXIS2_PLACEMENT_3D('',#6872,#5301,#5302);
#4634=AXIS2_PLACEMENT_3D('',#6873,#5303,#5304);
#4635=AXIS2_PLACEMENT_3D('',#6875,#5306,#5307);
#4636=AXIS2_PLACEMENT_3D('',#6876,#5308,#5309);
#4637=AXIS2_PLACEMENT_3D('',#6880,#5311,#5312);
#4638=AXIS2_PLACEMENT_3D('',#6884,#5314,#5315);
#4639=AXIS2_PLACEMENT_3D('',#6888,#5317,#5318);
#4640=AXIS2_PLACEMENT_3D('',#6892,#5320,#5321);
#4641=AXIS2_PLACEMENT_3D('',#6896,#5323,#5324);
#4642=AXIS2_PLACEMENT_3D('',#6900,#5326,#5327);
#4643=AXIS2_PLACEMENT_3D('',#6904,#5329,#5330);
#4644=AXIS2_PLACEMENT_3D('',#6908,#5332,#5333);
#4645=AXIS2_PLACEMENT_3D('',#6912,#5335,#5336);
#4646=AXIS2_PLACEMENT_3D('',#6916,#5338,#5339);
#4647=AXIS2_PLACEMENT_3D('',#6920,#5341,#5342);
#4648=AXIS2_PLACEMENT_3D('',#6924,#5344,#5345);
#4649=AXIS2_PLACEMENT_3D('',#6932,#5349,#5350);
#4650=AXIS2_PLACEMENT_3D('',#6936,#5352,#5353);
#4651=AXIS2_PLACEMENT_3D('',#6940,#5355,#5356);
#4652=AXIS2_PLACEMENT_3D('',#6944,#5358,#5359);
#4653=AXIS2_PLACEMENT_3D('',#6952,#5363,#5364);
#4654=AXIS2_PLACEMENT_3D('',#6956,#5366,#5367);
#4655=AXIS2_PLACEMENT_3D('',#6960,#5369,#5370);
#4656=AXIS2_PLACEMENT_3D('',#6964,#5372,#5373);
#4657=AXIS2_PLACEMENT_3D('',#6968,#5375,#5376);
#4658=AXIS2_PLACEMENT_3D('',#6972,#5378,#5379);
#4659=AXIS2_PLACEMENT_3D('',#6976,#5381,#5382);
#4660=AXIS2_PLACEMENT_3D('',#6980,#5384,#5385);
#4661=AXIS2_PLACEMENT_3D('',#6984,#5387,#5388);
#4662=AXIS2_PLACEMENT_3D('',#6988,#5390,#5391);
#4663=AXIS2_PLACEMENT_3D('',#6992,#5393,#5394);
#4664=AXIS2_PLACEMENT_3D('',#6996,#5396,#5397);
#4665=AXIS2_PLACEMENT_3D('',#6999,#5399,#5400);
#4666=AXIS2_PLACEMENT_3D('',#7001,#5401,#5402);
#4667=AXIS2_PLACEMENT_3D('',#7003,#5403,#5404);
#4668=AXIS2_PLACEMENT_3D('',#7005,#5405,#5406);
#4669=AXIS2_PLACEMENT_3D('',#7007,#5407,#5408);
#4670=AXIS2_PLACEMENT_3D('',#7009,#5409,#5410);
#4671=AXIS2_PLACEMENT_3D('',#7011,#5411,#5412);
#4672=AXIS2_PLACEMENT_3D('',#7013,#5413,#5414);
#4673=AXIS2_PLACEMENT_3D('',#7015,#5415,#5416);
#4674=AXIS2_PLACEMENT_3D('',#7017,#5417,#5418);
#4675=AXIS2_PLACEMENT_3D('',#7019,#5419,#5420);
#4676=AXIS2_PLACEMENT_3D('',#7021,#5421,#5422);
#4677=AXIS2_PLACEMENT_3D('',#7024,#5423,#5424);
#4678=AXIS2_PLACEMENT_3D('',#7028,#5426,#5427);
#4679=AXIS2_PLACEMENT_3D('',#7032,#5429,#5430);
#4680=AXIS2_PLACEMENT_3D('',#7036,#5432,#5433);
#4681=AXIS2_PLACEMENT_3D('',#7042,#5436,#5437);
#4682=AXIS2_PLACEMENT_3D('',#7046,#5439,#5440);
#4683=AXIS2_PLACEMENT_3D('',#7050,#5442,#5443);
#4684=AXIS2_PLACEMENT_3D('',#7053,#5445,#5446);
#4685=AXIS2_PLACEMENT_3D('',#7056,#5447,#5448);
#4686=AXIS2_PLACEMENT_3D('',#7060,#5450,#5451);
#4687=AXIS2_PLACEMENT_3D('',#7064,#5453,#5454);
#4688=AXIS2_PLACEMENT_3D('',#7068,#5456,#5457);
#4689=AXIS2_PLACEMENT_3D('',#7072,#5459,#5460);
#4690=AXIS2_PLACEMENT_3D('',#7076,#5462,#5463);
#4691=AXIS2_PLACEMENT_3D('',#7080,#5465,#5466);
#4692=AXIS2_PLACEMENT_3D('',#7084,#5468,#5469);
#4693=AXIS2_PLACEMENT_3D('',#7090,#5472,#5473);
#4694=AXIS2_PLACEMENT_3D('',#7094,#5475,#5476);
#4695=AXIS2_PLACEMENT_3D('',#7098,#5478,#5479);
#4696=AXIS2_PLACEMENT_3D('',#7101,#5481,#5482);
#4697=AXIS2_PLACEMENT_3D('',#7106,#5484,#5485);
#4698=AXIS2_PLACEMENT_3D('',#7110,#5487,#5488);
#4699=AXIS2_PLACEMENT_3D('',#7114,#5490,#5491);
#4700=AXIS2_PLACEMENT_3D('',#7118,#5493,#5494);
#4701=AXIS2_PLACEMENT_3D('',#7122,#5496,#5497);
#4702=AXIS2_PLACEMENT_3D('',#7126,#5499,#5500);
#4703=AXIS2_PLACEMENT_3D('',#7129,#5502,#5503);
#4704=AXIS2_PLACEMENT_3D('',#7134,#5505,#5506);
#4705=AXIS2_PLACEMENT_3D('',#7138,#5508,#5509);
#4706=AXIS2_PLACEMENT_3D('',#7142,#5511,#5512);
#4707=AXIS2_PLACEMENT_3D('',#7146,#5514,#5515);
#4708=AXIS2_PLACEMENT_3D('',#7150,#5517,#5518);
#4709=AXIS2_PLACEMENT_3D('',#7154,#5520,#5521);
#4710=AXIS2_PLACEMENT_3D('',#7157,#5523,#5524);
#4711=AXIS2_PLACEMENT_3D('',#7160,#5525,#5526);
#4712=AXIS2_PLACEMENT_3D('',#7164,#5528,#5529);
#4713=AXIS2_PLACEMENT_3D('',#7168,#5531,#5532);
#4714=AXIS2_PLACEMENT_3D('',#7172,#5534,#5535);
#4715=AXIS2_PLACEMENT_3D('',#7176,#5537,#5538);
#4716=AXIS2_PLACEMENT_3D('',#7180,#5540,#5541);
#4717=AXIS2_PLACEMENT_3D('',#7184,#5543,#5544);
#4718=AXIS2_PLACEMENT_3D('',#7186,#5546,#5547);
#4719=AXIS2_PLACEMENT_3D('',#7188,#5549,#5550);
#4720=AXIS2_PLACEMENT_3D('',#7195,#5554,#5555);
#4721=AXIS2_PLACEMENT_3D('',#7196,#5556,#5557);
#4722=AXIS2_PLACEMENT_3D('',#7199,#5559,#5560);
#4723=AXIS2_PLACEMENT_3D('',#7200,#5561,#5562);
#4724=AXIS2_PLACEMENT_3D('',#7204,#5565,#5566);
#4725=AXIS2_PLACEMENT_3D('',#7207,#5568,#5569);
#4726=AXIS2_PLACEMENT_3D('',#7208,#5570,#5571);
#4727=AXIS2_PLACEMENT_3D('',#7210,#5572,#5573);
#4728=AXIS2_PLACEMENT_3D('',#7214,#5576,#5577);
#4729=AXIS2_PLACEMENT_3D('',#7217,#5580,#5581);
#4730=AXIS2_PLACEMENT_3D('',#7219,#5583,#5584);
#4731=AXIS2_PLACEMENT_3D('',#7221,#5586,#5587);
#4732=AXIS2_PLACEMENT_3D('',#7223,#5589,#5590);
#4733=AXIS2_PLACEMENT_3D('',#7225,#5592,#5593);
#4734=AXIS2_PLACEMENT_3D('',#7227,#5595,#5596);
#4735=AXIS2_PLACEMENT_3D('',#7229,#5598,#5599);
#4736=AXIS2_PLACEMENT_3D('',#7232,#5600,#5601);
#4737=AXIS2_PLACEMENT_3D('',#7237,#5605,#5606);
#4738=AXIS2_PLACEMENT_3D('',#7243,#5610,#5611);
#4739=AXIS2_PLACEMENT_3D('',#7246,#5613,#5614);
#4740=AXIS2_PLACEMENT_3D('',#7247,#5615,#5616);
#4741=AXIS2_PLACEMENT_3D('',#7251,#5619,#5620);
#4742=AXIS2_PLACEMENT_3D('',#7254,#5622,#5623);
#4743=AXIS2_PLACEMENT_3D('',#7255,#5624,#5625);
#4744=AXIS2_PLACEMENT_3D('',#7259,#5628,#5629);
#4745=AXIS2_PLACEMENT_3D('',#7262,#5631,#5632);
#4746=AXIS2_PLACEMENT_3D('',#7263,#5633,#5634);
#4747=AXIS2_PLACEMENT_3D('',#7267,#5637,#5638);
#4748=AXIS2_PLACEMENT_3D('',#7270,#5640,#5641);
#4749=AXIS2_PLACEMENT_3D('',#7271,#5642,#5643);
#4750=AXIS2_PLACEMENT_3D('',#7275,#5646,#5647);
#4751=AXIS2_PLACEMENT_3D('',#7278,#5649,#5650);
#4752=AXIS2_PLACEMENT_3D('',#7279,#5651,#5652);
#4753=AXIS2_PLACEMENT_3D('',#7283,#5655,#5656);
#4754=AXIS2_PLACEMENT_3D('',#7286,#5658,#5659);
#4755=AXIS2_PLACEMENT_3D('',#7287,#5660,#5661);
#4756=AXIS2_PLACEMENT_3D('',#7291,#5664,#5665);
#4757=AXIS2_PLACEMENT_3D('',#7294,#5667,#5668);
#4758=AXIS2_PLACEMENT_3D('',#7295,#5669,#5670);
#4759=AXIS2_PLACEMENT_3D('',#7299,#5673,#5674);
#4760=AXIS2_PLACEMENT_3D('',#7302,#5676,#5677);
#4761=AXIS2_PLACEMENT_3D('',#7303,#5678,#5679);
#4762=AXIS2_PLACEMENT_3D('',#7307,#5682,#5683);
#4763=AXIS2_PLACEMENT_3D('',#7310,#5685,#5686);
#4764=AXIS2_PLACEMENT_3D('',#7311,#5687,#5688);
#4765=AXIS2_PLACEMENT_3D('',#7315,#5691,#5692);
#4766=AXIS2_PLACEMENT_3D('',#7318,#5694,#5695);
#4767=AXIS2_PLACEMENT_3D('',#7319,#5696,#5697);
#4768=AXIS2_PLACEMENT_3D('',#7323,#5700,#5701);
#4769=AXIS2_PLACEMENT_3D('',#7326,#5703,#5704);
#4770=AXIS2_PLACEMENT_3D('',#7327,#5705,#5706);
#4771=AXIS2_PLACEMENT_3D('',#7331,#5709,#5710);
#4772=AXIS2_PLACEMENT_3D('',#7334,#5712,#5713);
#4773=AXIS2_PLACEMENT_3D('',#7335,#5714,#5715);
#4774=AXIS2_PLACEMENT_3D('',#7337,#5717,#5718);
#4775=AXIS2_PLACEMENT_3D('',#7341,#5721,#5722);
#4776=AXIS2_PLACEMENT_3D('',#7344,#5724,#5725);
#4777=AXIS2_PLACEMENT_3D('',#7345,#5726,#5727);
#4778=AXIS2_PLACEMENT_3D('',#7349,#5730,#5731);
#4779=AXIS2_PLACEMENT_3D('',#7352,#5733,#5734);
#4780=AXIS2_PLACEMENT_3D('',#7353,#5735,#5736);
#4781=AXIS2_PLACEMENT_3D('',#7357,#5739,#5740);
#4782=AXIS2_PLACEMENT_3D('',#7360,#5742,#5743);
#4783=AXIS2_PLACEMENT_3D('',#7361,#5744,#5745);
#4784=AXIS2_PLACEMENT_3D('',#7365,#5748,#5749);
#4785=AXIS2_PLACEMENT_3D('',#7368,#5751,#5752);
#4786=AXIS2_PLACEMENT_3D('',#7369,#5753,#5754);
#4787=AXIS2_PLACEMENT_3D('',#7373,#5757,#5758);
#4788=AXIS2_PLACEMENT_3D('',#7376,#5760,#5761);
#4789=AXIS2_PLACEMENT_3D('',#7377,#5762,#5763);
#4790=AXIS2_PLACEMENT_3D('',#7381,#5766,#5767);
#4791=AXIS2_PLACEMENT_3D('',#7384,#5769,#5770);
#4792=AXIS2_PLACEMENT_3D('',#7385,#5771,#5772);
#4793=AXIS2_PLACEMENT_3D('',#7389,#5775,#5776);
#4794=AXIS2_PLACEMENT_3D('',#7392,#5778,#5779);
#4795=AXIS2_PLACEMENT_3D('',#7393,#5780,#5781);
#4796=AXIS2_PLACEMENT_3D('',#7397,#5784,#5785);
#4797=AXIS2_PLACEMENT_3D('',#7400,#5787,#5788);
#4798=AXIS2_PLACEMENT_3D('',#7401,#5789,#5790);
#4799=AXIS2_PLACEMENT_3D('',#7405,#5793,#5794);
#4800=AXIS2_PLACEMENT_3D('',#7408,#5796,#5797);
#4801=AXIS2_PLACEMENT_3D('',#7409,#5798,#5799);
#4802=AXIS2_PLACEMENT_3D('',#7413,#5802,#5803);
#4803=AXIS2_PLACEMENT_3D('',#7416,#5805,#5806);
#4804=AXIS2_PLACEMENT_3D('',#7417,#5807,#5808);
#4805=AXIS2_PLACEMENT_3D('',#7421,#5811,#5812);
#4806=AXIS2_PLACEMENT_3D('',#7424,#5814,#5815);
#4807=AXIS2_PLACEMENT_3D('',#7425,#5816,#5817);
#4808=AXIS2_PLACEMENT_3D('',#7429,#5820,#5821);
#4809=AXIS2_PLACEMENT_3D('',#7432,#5823,#5824);
#4810=AXIS2_PLACEMENT_3D('',#7433,#5825,#5826);
#4811=AXIS2_PLACEMENT_3D('',#7437,#5829,#5830);
#4812=AXIS2_PLACEMENT_3D('',#7438,#5831,#5832);
#4813=AXIS2_PLACEMENT_3D('',#7439,#5833,#5834);
#4814=AXIS2_PLACEMENT_3D('',#7446,#5838,#5839);
#4815=AXIS2_PLACEMENT_3D('',#7447,#5840,#5841);
#4816=AXIS2_PLACEMENT_3D('',#7448,#5842,#5843);
#4817=AXIS2_PLACEMENT_3D('',#7449,#5844,#5845);
#4818=AXIS2_PLACEMENT_3D('',#7452,#5848,#5849);
#4819=AXIS2_PLACEMENT_3D('',#7453,#5850,#5851);
#4820=AXIS2_PLACEMENT_3D('',#7456,#5854,#5855);
#4821=AXIS2_PLACEMENT_3D('',#7459,#5858,#5859);
#4822=AXIS2_PLACEMENT_3D('',#7461,#5861,#5862);
#4823=AXIS2_PLACEMENT_3D('',#7463,#5864,#5865);
#4824=AXIS2_PLACEMENT_3D('',#7465,#5867,#5868);
#4825=AXIS2_PLACEMENT_3D('',#7467,#5870,#5871);
#4826=AXIS2_PLACEMENT_3D('',#7469,#5873,#5874);
#4827=AXIS2_PLACEMENT_3D('',#7471,#5876,#5877);
#4828=AXIS2_PLACEMENT_3D('',#7473,#5879,#5880);
#4829=AXIS2_PLACEMENT_3D('',#7475,#5882,#5883);
#4830=AXIS2_PLACEMENT_3D('',#7477,#5885,#5886);
#4831=AXIS2_PLACEMENT_3D('',#7479,#5888,#5889);
#4832=AXIS2_PLACEMENT_3D('',#7481,#5891,#5892);
#4833=AXIS2_PLACEMENT_3D('',#7483,#5894,#5895);
#4834=AXIS2_PLACEMENT_3D('',#7484,#5896,#5897);
#4835=AXIS2_PLACEMENT_3D('',#7487,#5900,#5901);
#4836=AXIS2_PLACEMENT_3D('',#7489,#5903,#5904);
#4837=AXIS2_PLACEMENT_3D('',#7491,#5906,#5907);
#4838=AXIS2_PLACEMENT_3D('',#7493,#5909,#5910);
#4839=AXIS2_PLACEMENT_3D('',#7495,#5912,#5913);
#4840=AXIS2_PLACEMENT_3D('',#7497,#5915,#5916);
#4841=AXIS2_PLACEMENT_3D('',#7499,#5918,#5919);
#4842=AXIS2_PLACEMENT_3D('',#7501,#5921,#5922);
#4843=AXIS2_PLACEMENT_3D('',#7503,#5924,#5925);
#4844=AXIS2_PLACEMENT_3D('',#7505,#5927,#5928);
#4845=AXIS2_PLACEMENT_3D('',#7507,#5930,#5931);
#4846=AXIS2_PLACEMENT_3D('',#7509,#5933,#5934);
#4847=AXIS2_PLACEMENT_3D('',#7511,#5936,#5937);
#4848=AXIS2_PLACEMENT_3D('',#7512,#5938,#5939);
#4849=AXIS2_PLACEMENT_3D('',#7515,#5942,#5943);
#4850=AXIS2_PLACEMENT_3D('',#7517,#5945,#5946);
#4851=AXIS2_PLACEMENT_3D('',#7519,#5948,#5949);
#4852=AXIS2_PLACEMENT_3D('',#7521,#5951,#5952);
#4853=AXIS2_PLACEMENT_3D('',#7523,#5954,#5955);
#4854=AXIS2_PLACEMENT_3D('',#7525,#5957,#5958);
#4855=AXIS2_PLACEMENT_3D('',#7527,#5960,#5961);
#4856=AXIS2_PLACEMENT_3D('',#7529,#5963,#5964);
#4857=AXIS2_PLACEMENT_3D('',#7531,#5966,#5967);
#4858=AXIS2_PLACEMENT_3D('',#7533,#5969,#5970);
#4859=AXIS2_PLACEMENT_3D('',#7535,#5972,#5973);
#4860=AXIS2_PLACEMENT_3D('',#7537,#5975,#5976);
#4861=AXIS2_PLACEMENT_3D('',#7539,#5978,#5979);
#4862=AXIS2_PLACEMENT_3D('',#7540,#5980,#5981);
#4863=AXIS2_PLACEMENT_3D('',#7543,#5984,#5985);
#4864=AXIS2_PLACEMENT_3D('',#7545,#5987,#5988);
#4865=AXIS2_PLACEMENT_3D('',#7547,#5990,#5991);
#4866=AXIS2_PLACEMENT_3D('',#7549,#5993,#5994);
#4867=AXIS2_PLACEMENT_3D('',#7551,#5996,#5997);
#4868=AXIS2_PLACEMENT_3D('',#7553,#5999,#6000);
#4869=AXIS2_PLACEMENT_3D('',#7555,#6002,#6003);
#4870=AXIS2_PLACEMENT_3D('',#7556,#6004,#6005);
#4871=AXIS2_PLACEMENT_3D('',#7559,#6008,#6009);
#4872=AXIS2_PLACEMENT_3D('',#7561,#6011,#6012);
#4873=AXIS2_PLACEMENT_3D('',#7563,#6014,#6015);
#4874=AXIS2_PLACEMENT_3D('',#7565,#6017,#6018);
#4875=AXIS2_PLACEMENT_3D('',#7567,#6020,#6021);
#4876=AXIS2_PLACEMENT_3D('',#7569,#6023,#6024);
#4877=AXIS2_PLACEMENT_3D('',#7571,#6026,#6027);
#4878=AXIS2_PLACEMENT_3D('',#7572,#6028,#6029);
#4879=AXIS2_PLACEMENT_3D('',#7575,#6032,#6033);
#4880=AXIS2_PLACEMENT_3D('',#7577,#6035,#6036);
#4881=AXIS2_PLACEMENT_3D('',#7579,#6038,#6039);
#4882=AXIS2_PLACEMENT_3D('',#7581,#6041,#6042);
#4883=AXIS2_PLACEMENT_3D('',#7583,#6044,#6045);
#4884=AXIS2_PLACEMENT_3D('',#7585,#6047,#6048);
#4885=AXIS2_PLACEMENT_3D('',#7587,#6050,#6051);
#4886=AXIS2_PLACEMENT_3D('',#7588,#6052,#6053);
#4887=AXIS2_PLACEMENT_3D('',#7591,#6056,#6057);
#4888=AXIS2_PLACEMENT_3D('',#7593,#6059,#6060);
#4889=AXIS2_PLACEMENT_3D('',#7595,#6062,#6063);
#4890=AXIS2_PLACEMENT_3D('',#7597,#6065,#6066);
#4891=AXIS2_PLACEMENT_3D('',#7599,#6068,#6069);
#4892=AXIS2_PLACEMENT_3D('',#7601,#6071,#6072);
#4893=AXIS2_PLACEMENT_3D('',#7603,#6074,#6075);
#4894=AXIS2_PLACEMENT_3D('',#7604,#6076,#6077);
#4895=AXIS2_PLACEMENT_3D('',#7607,#6080,#6081);
#4896=AXIS2_PLACEMENT_3D('',#7609,#6083,#6084);
#4897=AXIS2_PLACEMENT_3D('',#7611,#6086,#6087);
#4898=AXIS2_PLACEMENT_3D('',#7613,#6089,#6090);
#4899=AXIS2_PLACEMENT_3D('',#7615,#6092,#6093);
#4900=AXIS2_PLACEMENT_3D('',#7617,#6095,#6096);
#4901=AXIS2_PLACEMENT_3D('',#7619,#6098,#6099);
#4902=AXIS2_PLACEMENT_3D('',#7620,#6100,#6101);
#4903=AXIS2_PLACEMENT_3D('',#7622,#6103,#6104);
#4904=AXIS2_PLACEMENT_3D('',#7624,#6106,#6107);
#4905=AXIS2_PLACEMENT_3D('',#7626,#6109,#6110);
#4906=AXIS2_PLACEMENT_3D('',#7628,#6112,#6113);
#4907=AXIS2_PLACEMENT_3D('',#7630,#6115,#6116);
#4908=AXIS2_PLACEMENT_3D('',#7632,#6118,#6119);
#4909=AXIS2_PLACEMENT_3D('',#7634,#6121,#6122);
#4910=AXIS2_PLACEMENT_3D('',#7636,#6124,#6125);
#4911=AXIS2_PLACEMENT_3D('',#7638,#6127,#6128);
#4912=AXIS2_PLACEMENT_3D('',#7640,#6130,#6131);
#4913=AXIS2_PLACEMENT_3D('',#7642,#6133,#6134);
#4914=AXIS2_PLACEMENT_3D('',#7644,#6136,#6137);
#4915=AXIS2_PLACEMENT_3D('',#7646,#6139,#6140);
#4916=AXIS2_PLACEMENT_3D('',#7648,#6142,#6143);
#4917=AXIS2_PLACEMENT_3D('',#7650,#6145,#6146);
#4918=AXIS2_PLACEMENT_3D('',#7652,#6148,#6149);
#4919=AXIS2_PLACEMENT_3D('',#7654,#6151,#6152);
#4920=AXIS2_PLACEMENT_3D('',#7656,#6154,#6155);
#4921=AXIS2_PLACEMENT_3D('',#7658,#6157,#6158);
#4922=AXIS2_PLACEMENT_3D('',#7660,#6160,#6161);
#4923=AXIS2_PLACEMENT_3D('',#7662,#6163,#6164);
#4924=AXIS2_PLACEMENT_3D('',#7664,#6166,#6167);
#4925=AXIS2_PLACEMENT_3D('',#7666,#6169,#6170);
#4926=AXIS2_PLACEMENT_3D('',#7668,#6172,#6173);
#4927=AXIS2_PLACEMENT_3D('',#7670,#6175,#6176);
#4928=AXIS2_PLACEMENT_3D('',#7672,#6178,#6179);
#4929=AXIS2_PLACEMENT_3D('',#7674,#6181,#6182);
#4930=AXIS2_PLACEMENT_3D('',#7676,#6184,#6185);
#4931=AXIS2_PLACEMENT_3D('',#7678,#6187,#6188);
#4932=AXIS2_PLACEMENT_3D('',#7680,#6190,#6191);
#4933=AXIS2_PLACEMENT_3D('',#7682,#6193,#6194);
#4934=AXIS2_PLACEMENT_3D('',#7684,#6196,#6197);
#4935=AXIS2_PLACEMENT_3D('',#7686,#6199,#6200);
#4936=AXIS2_PLACEMENT_3D('',#7688,#6202,#6203);
#4937=AXIS2_PLACEMENT_3D('',#7690,#6205,#6206);
#4938=AXIS2_PLACEMENT_3D('',#7692,#6208,#6209);
#4939=AXIS2_PLACEMENT_3D('',#7694,#6211,#6212);
#4940=AXIS2_PLACEMENT_3D('',#7696,#6214,#6215);
#4941=AXIS2_PLACEMENT_3D('',#7697,#6216,#6217);
#4942=AXIS2_PLACEMENT_3D('',#7699,#6219,#6220);
#4943=AXIS2_PLACEMENT_3D('',#7700,#6221,#6222);
#4944=AXIS2_PLACEMENT_3D('',#7702,#6224,#6225);
#4945=AXIS2_PLACEMENT_3D('',#7704,#6227,#6228);
#4946=AXIS2_PLACEMENT_3D('',#7706,#6230,#6231);
#4947=AXIS2_PLACEMENT_3D('',#7708,#6233,#6234);
#4948=AXIS2_PLACEMENT_3D('',#7710,#6236,#6237);
#4949=AXIS2_PLACEMENT_3D('',#7712,#6239,#6240);
#4950=AXIS2_PLACEMENT_3D('',#7714,#6242,#6243);
#4951=AXIS2_PLACEMENT_3D('',#7716,#6245,#6246);
#4952=AXIS2_PLACEMENT_3D('',#7718,#6248,#6249);
#4953=AXIS2_PLACEMENT_3D('',#7720,#6251,#6252);
#4954=AXIS2_PLACEMENT_3D('',#7722,#6254,#6255);
#4955=AXIS2_PLACEMENT_3D('',#7724,#6257,#6258);
#4956=AXIS2_PLACEMENT_3D('',#7726,#6260,#6261);
#4957=AXIS2_PLACEMENT_3D('',#7728,#6263,#6264);
#4958=AXIS2_PLACEMENT_3D('',#7730,#6266,#6267);
#4959=AXIS2_PLACEMENT_3D('',#7732,#6269,#6270);
#4960=AXIS2_PLACEMENT_3D('',#7734,#6272,#6273);
#4961=AXIS2_PLACEMENT_3D('',#7736,#6275,#6276);
#4962=AXIS2_PLACEMENT_3D('',#7738,#6278,#6279);
#4963=AXIS2_PLACEMENT_3D('',#7740,#6281,#6282);
#4964=AXIS2_PLACEMENT_3D('',#7742,#6284,#6285);
#4965=AXIS2_PLACEMENT_3D('',#7744,#6287,#6288);
#4966=AXIS2_PLACEMENT_3D('',#7746,#6290,#6291);
#4967=AXIS2_PLACEMENT_3D('',#7748,#6293,#6294);
#4968=AXIS2_PLACEMENT_3D('',#7750,#6296,#6297);
#4969=AXIS2_PLACEMENT_3D('',#7752,#6299,#6300);
#4970=AXIS2_PLACEMENT_3D('',#7754,#6302,#6303);
#4971=DIRECTION('axis',(0.,0.,1.));
#4972=DIRECTION('refdir',(1.,0.,0.));
#4973=DIRECTION('center_axis',(-0.303175804850109,-0.638814864693587,-0.70710678118655));
#4974=DIRECTION('ref_axis',(-0.919083820064823,0.,0.394062091167181));
#4975=DIRECTION('center_axis',(0.303175804850109,0.638814864693587,0.70710678118655));
#4976=DIRECTION('ref_axis',(0.303175804850111,0.638814864693591,-0.707106781186545));
#4977=DIRECTION('',(-0.903420645495207,0.428755335002405,-1.10637120178934E-16));
#4978=DIRECTION('',(0.303175804850111,0.63881486469359,-0.707106781186545));
#4979=DIRECTION('',(0.903420645495207,-0.428755335002405,1.10637120178934E-16));
#4980=DIRECTION('center_axis',(-3.00973535961191E-18,1.42839340545692E-18,
1.));
#4981=DIRECTION('ref_axis',(0.428755335002405,0.903420645495207,0.));
#4982=DIRECTION('',(-3.00973535961191E-18,1.42839340545692E-18,1.));
#4983=DIRECTION('center_axis',(1.22464679914735E-16,0.,-1.));
#4984=DIRECTION('ref_axis',(0.428755335002405,0.903420645495207,0.));
#4985=DIRECTION('',(3.00973535961191E-18,-1.42839340545692E-18,-1.));
#4986=DIRECTION('center_axis',(0.,0.,-1.));
#4987=DIRECTION('ref_axis',(0.829391558983692,0.55866773836208,0.));
#4988=DIRECTION('center_axis',(-1.22464679914735E-16,0.,1.));
#4989=DIRECTION('ref_axis',(0.829391558983692,0.55866773836208,1.01571171794921E-16));
#4990=DIRECTION('',(-4.50930554133981E-12,0.707106781186546,-0.707106781186549));
#4991=DIRECTION('center_axis',(1.22464679914735E-16,0.,-1.));
#4992=DIRECTION('ref_axis',(0.829391558983692,0.55866773836208,1.01571171794921E-16));
#4993=DIRECTION('center_axis',(3.00973536264664E-18,1.42839340690205E-18,
-1.));
#4994=DIRECTION('ref_axis',(-0.428755335003599,0.90342064549464,0.));
#4995=DIRECTION('center_axis',(-0.303175804850954,0.638814864693187,0.707106781186548));
#4996=DIRECTION('ref_axis',(-0.303175804850955,0.638814864693189,-0.707106781186547));
#4997=DIRECTION('',(-3.00973536264664E-18,-1.42839340690205E-18,1.));
#4998=DIRECTION('center_axis',(1.22464679914735E-16,0.,-1.));
#4999=DIRECTION('ref_axis',(-0.428755335003599,0.90342064549464,0.));
#5000=DIRECTION('',(3.00973536264664E-18,1.42839340690205E-18,-1.));
#5001=DIRECTION('center_axis',(1.22464679914735E-16,0.,-1.));
#5002=DIRECTION('ref_axis',(-1.,0.,-1.22464679914735E-16));
#5003=DIRECTION('',(0.90342064549464,0.428755335003599,1.10637120178864E-16));
#5004=DIRECTION('center_axis',(1.22464679914735E-16,0.,-1.));
#5005=DIRECTION('ref_axis',(3.219646771413E-15,1.,0.));
#5006=DIRECTION('center_axis',(-5.35463987440031E-33,-7.86037031033375E-32,
1.));
#5007=DIRECTION('ref_axis',(0.0679644642358111,0.997687742533273,7.87858763341638E-32));
#5008=DIRECTION('center_axis',(1.22464679914735E-16,0.,-1.));
#5009=DIRECTION('ref_axis',(0.428755335001961,0.903420645495417,0.));
#5010=DIRECTION('',(0.903420645495207,-0.428755335002405,1.10637120178934E-16));
#5011=DIRECTION('center_axis',(1.22464679914735E-16,0.,-1.));
#5012=DIRECTION('ref_axis',(-0.829391558983691,0.558667738362081,-1.01571171794921E-16));
#5013=DIRECTION('',(1.,-5.75085771433548E-12,1.22464679914735E-16));
#5014=DIRECTION('center_axis',(-1.22464679914735E-16,0.,1.));
#5015=DIRECTION('ref_axis',(3.01092484278505E-13,-1.,3.68731947118995E-29));
#5016=DIRECTION('',(0.594265420940598,0.804268990745195,7.27765245598857E-17));
#5017=DIRECTION('center_axis',(-1.22464679914735E-16,0.,1.));
#5018=DIRECTION('ref_axis',(0.804268990746053,-0.594265420939437,9.84945445170623E-17));
#5019=DIRECTION('',(-0.772351814808469,0.635194989087653,-9.45858177820841E-17));
#5020=DIRECTION('center_axis',(1.22464679914735E-16,0.,-1.));
#5021=DIRECTION('ref_axis',(-0.635194989087865,-0.772351814808295,-7.7788951022089E-17));
#5022=DIRECTION('',(0.,1.,0.));
#5023=DIRECTION('center_axis',(1.22464679914735E-16,0.,-1.));
#5024=DIRECTION('ref_axis',(-1.,5.59746693440253E-13,-1.22464679914735E-16));
#5025=DIRECTION('',(0.77235181480849,0.635194989087628,9.45858177820867E-17));
#5026=DIRECTION('center_axis',(-1.22464679914735E-16,0.,1.));
#5027=DIRECTION('ref_axis',(0.635194989088131,-0.772351814808076,7.77889510221216E-17));
#5028=DIRECTION('',(-0.594265420938996,0.804268990746378,-7.27765245596896E-17));
#5029=DIRECTION('center_axis',(-1.22464679914735E-16,0.,1.));
#5030=DIRECTION('ref_axis',(0.804268990745705,0.594265420939907,9.84945445170197E-17));
#5031=DIRECTION('',(-1.,0.,-1.22464679914735E-16));
#5032=DIRECTION('center_axis',(1.22464679914735E-16,0.,-1.));
#5033=DIRECTION('ref_axis',(3.06421554796409E-13,-1.,3.75258176271177E-29));
#5034=DIRECTION('',(-0.707106781185907,0.707106781187188,-8.65956056234709E-17));
#5035=DIRECTION('center_axis',(1.22464679914735E-16,0.,-1.));
#5036=DIRECTION('ref_axis',(-0.707106781186674,-0.707106781186422,-8.65956056235646E-17));
#5037=DIRECTION('',(-2.41569231363788E-16,1.,-2.95836985962149E-32));
#5038=DIRECTION('center_axis',(1.22464679914735E-16,0.,-1.));
#5039=DIRECTION('ref_axis',(-1.,-3.01980662698044E-13,-1.22464679914735E-16));
#5040=DIRECTION('',(0.70710678118676,0.707106781186336,8.65956056235752E-17));
#5041=DIRECTION('center_axis',(-1.22464679914735E-16,0.,1.));
#5042=DIRECTION('ref_axis',(0.707106781186635,-0.70710678118646,8.65956056235598E-17));
#5043=DIRECTION('',(0.,1.,0.));
#5044=DIRECTION('center_axis',(-1.22464679914735E-16,0.,1.));
#5045=DIRECTION('ref_axis',(1.,-3.55271367880075E-14,1.22464679914735E-16));
#5046=DIRECTION('',(-0.707106781187541,0.707106781185554,-8.6595605623671E-17));
#5047=DIRECTION('center_axis',(1.22464679914735E-16,0.,-1.));
#5048=DIRECTION('ref_axis',(-0.707106781184825,-0.707106781188271,-8.65956056233381E-17));
#5049=DIRECTION('',(0.,1.,0.));
#5050=DIRECTION('center_axis',(-1.22464679914735E-16,0.,1.));
#5051=DIRECTION('ref_axis',(1.,1.77635683940025E-14,1.22464679914735E-16));
#5052=DIRECTION('',(-0.94868490045567,0.31622295876077,-1.16180392674246E-16));
#5053=DIRECTION('center_axis',(1.22464679914735E-16,0.,-1.));
#5054=DIRECTION('ref_axis',(0.895806692426874,-0.444443888250502,1.09704679853535E-16));
#5055=DIRECTION('',(-1.,-7.38201523872658E-10,-1.22464679914735E-16));
#5056=DIRECTION('center_axis',(1.22464679914735E-16,0.,-1.));
#5057=DIRECTION('ref_axis',(-1.66533453693478E-14,-1.,-2.03944661016671E-30));
#5058=DIRECTION('',(1.97928086561092E-9,1.,2.42391997668402E-25));
#5059=DIRECTION('',(-0.962155612804439,0.272500599538633,-1.17830079150262E-16));
#5060=DIRECTION('center_axis',(-1.22464679914735E-16,0.,1.));
#5061=DIRECTION('ref_axis',(0.272500599538781,0.962155612804397,3.33716986990902E-17));
#5062=DIRECTION('',(1.,2.27958124566803E-14,1.22464679914735E-16));
#5063=DIRECTION('center_axis',(1.22464679914735E-16,0.,-1.));
#5064=DIRECTION('ref_axis',(-0.272500599538781,0.962155612804397,-3.33716986990902E-17));
#5065=DIRECTION('',(0.962155612804439,0.272500599538633,1.17830079150262E-16));
#5066=DIRECTION('',(-1.94186450541692E-9,1.,-2.37809815093669E-25));
#5067=DIRECTION('center_axis',(-1.22464679914735E-16,0.,1.));
#5068=DIRECTION('ref_axis',(1.66533453693478E-14,-1.,2.03944661016671E-30));
#5069=DIRECTION('',(1.,-7.38201523872658E-10,1.22464679914735E-16));
#5070=DIRECTION('center_axis',(-1.22464679914735E-16,0.,1.));
#5071=DIRECTION('ref_axis',(-0.895806692426874,-0.444443888250502,-1.09704679853535E-16));
#5072=DIRECTION('',(0.94868490045567,0.31622295876077,1.16180392674246E-16));
#5073=DIRECTION('center_axis',(1.22464679914735E-16,0.,-1.));
#5074=DIRECTION('ref_axis',(-1.,1.77635683940025E-14,-1.22464679914735E-16));
#5075=DIRECTION('',(0.,1.,0.));
#5076=DIRECTION('center_axis',(-1.22464679914735E-16,0.,1.));
#5077=DIRECTION('ref_axis',(0.707106781184825,-0.707106781188271,8.65956056233381E-17));
#5078=DIRECTION('',(0.707106781187541,0.707106781185554,8.6595605623671E-17));
#5079=DIRECTION('center_axis',(1.22464679914735E-16,0.,-1.));
#5080=DIRECTION('ref_axis',(-1.,-3.55271367880075E-14,-1.22464679914735E-16));
#5081=DIRECTION('',(0.,1.,0.));
#5082=DIRECTION('center_axis',(1.22464679914735E-16,0.,-1.));
#5083=DIRECTION('ref_axis',(-0.707106781186635,-0.70710678118646,-8.65956056235598E-17));
#5084=DIRECTION('',(-0.70710678118676,0.707106781186336,-8.65956056235752E-17));
#5085=DIRECTION('center_axis',(-1.22464679914735E-16,0.,1.));
#5086=DIRECTION('ref_axis',(1.,-3.01980662698044E-13,1.22464679914735E-16));
#5087=DIRECTION('',(0.,1.,0.));
#5088=DIRECTION('center_axis',(-1.22464679914735E-16,0.,1.));
#5089=DIRECTION('ref_axis',(0.70710678118667,-0.707106781186425,8.65956056235641E-17));
#5090=DIRECTION('',(0.707106781185907,0.707106781187188,8.65956056234709E-17));
#5091=DIRECTION('center_axis',(-1.22464679914735E-16,0.,1.));
#5092=DIRECTION('ref_axis',(-3.06421554796409E-13,-1.,-3.75258176271177E-29));
#5093=DIRECTION('',(1.,0.,1.22464679914735E-16));
#5094=DIRECTION('center_axis',(1.22464679914735E-16,0.,-1.));
#5095=DIRECTION('ref_axis',(-0.804268990745705,0.594265420939907,-9.84945445170197E-17));
#5096=DIRECTION('',(0.594265420938996,0.804268990746378,7.27765245596896E-17));
#5097=DIRECTION('center_axis',(1.22464679914735E-16,0.,-1.));
#5098=DIRECTION('ref_axis',(-0.63519498908813,-0.772351814808077,-7.77889510221214E-17));
#5099=DIRECTION('',(-0.77235181480849,0.635194989087628,-9.45858177820867E-17));
#5100=DIRECTION('center_axis',(-1.22464679914735E-16,0.,1.));
#5101=DIRECTION('ref_axis',(1.,5.59746693440253E-13,1.22464679914735E-16));
#5102=DIRECTION('',(0.,1.,0.));
#5103=DIRECTION('center_axis',(-1.22464679914735E-16,0.,1.));
#5104=DIRECTION('ref_axis',(0.635194989087867,-0.772351814808294,7.77889510220892E-17));
#5105=DIRECTION('',(0.772351814808469,0.635194989087653,9.45858177820841E-17));
#5106=DIRECTION('center_axis',(1.22464679914735E-16,0.,-1.));
#5107=DIRECTION('ref_axis',(-0.804268990746053,-0.594265420939437,-9.84945445170623E-17));
#5108=DIRECTION('',(-0.594265420940596,0.804268990745196,-7.27765245598855E-17));
#5109=DIRECTION('center_axis',(1.22464679914735E-16,0.,-1.));
#5110=DIRECTION('ref_axis',(-3.01092484278505E-13,-1.,-3.68731947118995E-29));
#5111=DIRECTION('',(-1.,-5.75085771433548E-12,-1.22464679914735E-16));
#5112=DIRECTION('center_axis',(-1.22464679914735E-16,0.,1.));
#5113=DIRECTION('ref_axis',(0.829391558983692,0.55866773836208,1.01571171794921E-16));
#5114=DIRECTION('center_axis',(1.22464679914735E-16,0.,-1.));
#5115=DIRECTION('ref_axis',(1.,0.,1.22464679914735E-16));
#5116=DIRECTION('',(0.,1.,0.));
#5117=DIRECTION('center_axis',(1.22464679914735E-16,0.,-1.));
#5118=DIRECTION('ref_axis',(-1.,0.,-1.22464679914735E-16));
#5119=DIRECTION('',(0.651468883979489,-0.758675354289645,7.9781928350958E-17));
#5120=DIRECTION('center_axis',(1.22464679914735E-16,0.,-1.));
#5121=DIRECTION('ref_axis',(0.758675354289474,0.651468883979689,9.29109344222586E-17));
#5122=DIRECTION('',(0.,-1.,0.));
#5123=DIRECTION('center_axis',(1.22464679914735E-16,0.,-1.));
#5124=DIRECTION('ref_axis',(1.,0.,1.22464679914735E-16));
#5125=DIRECTION('',(-0.651468883980085,-0.758675354289134,-7.97819283510309E-17));
#5126=DIRECTION('center_axis',(1.22464679914735E-16,0.,-1.));
#5127=DIRECTION('ref_axis',(0.758675354288957,-0.651468883980291,9.29109344221953E-17));
#5128=DIRECTION('',(0.707106781186584,-0.707106781186511,8.65956056235538E-17));
#5129=DIRECTION('center_axis',(1.22464679914735E-16,0.,-1.));
#5130=DIRECTION('ref_axis',(-0.7071067811867,-0.707106781186395,-8.65956056235678E-17));
#5131=DIRECTION('',(0.,-1.,0.));
#5132=DIRECTION('center_axis',(1.22464679914735E-16,0.,-1.));
#5133=DIRECTION('ref_axis',(-1.,0.,-1.22464679914735E-16));
#5134=DIRECTION('',(0.651468883980005,0.758675354289202,7.97819283510212E-17));
#5135=DIRECTION('',(-0.651468883980004,0.758675354289203,-7.9781928351021E-17));
#5136=DIRECTION('center_axis',(1.22464679914735E-16,0.,-1.));
#5137=DIRECTION('ref_axis',(0.758675354289298,0.651468883979894,9.2910934422237E-17));
#5138=DIRECTION('',(0.,-1.,0.));
#5139=DIRECTION('center_axis',(1.22464679914735E-16,0.,-1.));
#5140=DIRECTION('ref_axis',(1.,0.,1.22464679914735E-16));
#5141=DIRECTION('',(-0.707106781186584,-0.707106781186511,-8.65956056235538E-17));
#5142=DIRECTION('center_axis',(1.22464679914735E-16,0.,-1.));
#5143=DIRECTION('ref_axis',(0.70710678118558,-0.707106781187515,8.65956056234306E-17));
#5144=DIRECTION('',(0.651468883980084,-0.758675354289135,7.97819283510307E-17));
#5145=DIRECTION('center_axis',(1.22464679914735E-16,0.,-1.));
#5146=DIRECTION('ref_axis',(-0.758675354289137,-0.651468883980082,-9.29109344222173E-17));
#5147=DIRECTION('',(0.,-1.,0.));
#5148=DIRECTION('center_axis',(1.22464679914735E-16,0.,-1.));
#5149=DIRECTION('ref_axis',(-1.,0.,-1.22464679914735E-16));
#5150=DIRECTION('',(-0.651468883979489,-0.758675354289645,-7.9781928350958E-17));
#5151=DIRECTION('center_axis',(1.22464679914735E-16,0.,-1.));
#5152=DIRECTION('ref_axis',(-0.758675354289791,0.65146888397932,-9.29109344222974E-17));
#5153=DIRECTION('',(0.,1.,0.));
#5154=DIRECTION('center_axis',(1.22464679914735E-16,0.,-1.));
#5155=DIRECTION('ref_axis',(-0.758675354288967,-0.651468883980279,-9.29109344221965E-17));
#5156=DIRECTION('',(0.651468883980445,0.758675354288824,7.9781928351075E-17));
#5157=DIRECTION('center_axis',(1.22464679914735E-16,0.,-1.));
#5158=DIRECTION('ref_axis',(0.758675354289248,-0.651468883979952,9.29109344222309E-17));
#5159=DIRECTION('',(-0.651468883980445,0.758675354288824,-7.97819283510751E-17));
#5160=DIRECTION('center_axis',(1.22464679914735E-16,0.,-1.));
#5161=DIRECTION('ref_axis',(-0.758675354289022,-0.651468883980216,-9.29109344222032E-17));
#5162=DIRECTION('',(4.20169807159139E-16,1.,5.145596094358E-32));
#5163=DIRECTION('center_axis',(1.22464679914735E-16,0.,-1.));
#5164=DIRECTION('ref_axis',(-1.,0.,-1.22464679914735E-16));
#5165=DIRECTION('',(0.921449972931803,0.388497036518915,1.12845075992535E-16));
#5166=DIRECTION('center_axis',(1.22464679914735E-16,0.,-1.));
#5167=DIRECTION('ref_axis',(-0.388497036518095,0.921449972932149,-4.75771652250116E-17));
#5168=DIRECTION('',(-1.,-7.28602929017613E-14,-1.22464679914735E-16));
#5169=DIRECTION('center_axis',(1.22464679914735E-16,0.,-1.));
#5170=DIRECTION('ref_axis',(0.,1.,0.));
#5171=DIRECTION('',(-0.921449972931803,0.388497036518915,-1.12845075992535E-16));
#5172=DIRECTION('center_axis',(1.22464679914735E-16,0.,-1.));
#5173=DIRECTION('ref_axis',(0.388497036518098,0.921449972932148,4.7577165225012E-17));
#5174=DIRECTION('',(0.,1.,0.));
#5175=DIRECTION('center_axis',(1.22464679914735E-16,0.,-1.));
#5176=DIRECTION('ref_axis',(1.,0.,1.22464679914735E-16));
#5177=DIRECTION('',(0.771157142057749,0.636644847818094,9.44395125660643E-17));
#5178=DIRECTION('center_axis',(1.22464679914735E-16,0.,-1.));
#5179=DIRECTION('ref_axis',(0.636644847818383,-0.771157142057511,7.79665075074435E-17));
#5180=DIRECTION('',(-0.771157142057721,0.636644847818128,-9.44395125660609E-17));
#5181=DIRECTION('center_axis',(1.22464679914735E-16,0.,-1.));
#5182=DIRECTION('ref_axis',(-0.636644847818714,-0.771157142057237,-7.7966507507484E-17));
#5183=DIRECTION('',(0.486297375993231,0.873793374947475,5.95542524943867E-17));
#5184=DIRECTION('center_axis',(1.22464679914735E-16,0.,-1.));
#5185=DIRECTION('ref_axis',(-0.87379337494745,0.486297375993276,-1.07008825974555E-16));
#5186=DIRECTION('',(-0.486297375993198,0.873793374947493,-5.95542524943826E-17));
#5187=DIRECTION('center_axis',(1.22464679914735E-16,0.,-1.));
#5188=DIRECTION('ref_axis',(0.873793374947833,0.486297375992587,1.07008825974602E-16));
#5189=DIRECTION('center_axis',(-1.22464679914735E-16,0.,1.));
#5190=DIRECTION('ref_axis',(4.16333634234627E-15,-1.,5.09861652542819E-31));
#5191=DIRECTION('',(1.,0.,1.22464679914735E-16));
#5192=DIRECTION('center_axis',(-1.22464679914735E-16,0.,1.));
#5193=DIRECTION('ref_axis',(2.77555756156418E-15,1.,3.3990776836188E-31));
#5194=DIRECTION('',(-4.59405306615152E-15,-1.,-5.62609238257555E-31));
#5195=DIRECTION('center_axis',(-1.22464679914735E-16,0.,1.));
#5196=DIRECTION('ref_axis',(-8.32667268469264E-15,1.,-1.01972330508565E-30));
#5197=DIRECTION('',(-1.,0.,-1.22464679914735E-16));
#5198=DIRECTION('center_axis',(-1.22464679914735E-16,0.,1.));
#5199=DIRECTION('ref_axis',(-4.59340385172925E-8,-0.999999999999999,-5.62529732421133E-24));
#5200=DIRECTION('',(1.25455932481487E-12,1.,1.536392061475E-28));
#5201=DIRECTION('center_axis',(-1.22464679914735E-16,0.,1.));
#5202=DIRECTION('ref_axis',(-5.55111512312843E-15,1.,-6.79815536723768E-31));
#5203=DIRECTION('',(-1.,0.,-1.22464679914735E-16));
#5204=DIRECTION('center_axis',(-1.22464679914735E-16,0.,1.));
#5205=DIRECTION('ref_axis',(-4.59340288028406E-8,-0.999999999999999,-5.62529613453409E-24));
#5206=DIRECTION('',(1.25379364930385E-12,1.,1.53545437941124E-28));
#5207=DIRECTION('center_axis',(-1.22464679914735E-16,0.,1.));
#5208=DIRECTION('ref_axis',(-1.38777878078212E-15,-1.,-1.69953884180944E-31));
#5209=DIRECTION('',(1.,0.,1.22464679914735E-16));
#5210=DIRECTION('center_axis',(-1.22464679914735E-16,0.,1.));
#5211=DIRECTION('ref_axis',(0.,1.,0.));
#5212=DIRECTION('',(0.,-1.,0.));
#5213=DIRECTION('',(4.59405306615152E-15,-1.,5.62609238257555E-31));
#5214=DIRECTION('center_axis',(1.22464679914735E-16,0.,-1.));
#5215=DIRECTION('ref_axis',(-2.77555756156418E-15,1.,-3.3990776836188E-31));
#5216=DIRECTION('',(-1.,0.,-1.22464679914735E-16));
#5217=DIRECTION('center_axis',(1.22464679914735E-16,0.,-1.));
#5218=DIRECTION('ref_axis',(-4.16333634234627E-15,-1.,-5.09861652542819E-31));
#5219=DIRECTION('',(-1.25455932481487E-12,1.,-1.536392061475E-28));
#5220=DIRECTION('center_axis',(1.22464679914735E-16,0.,-1.));
#5221=DIRECTION('ref_axis',(4.59340385172925E-8,-0.999999999999999,5.62529732421133E-24));
#5222=DIRECTION('',(1.,0.,1.22464679914735E-16));
#5223=DIRECTION('center_axis',(1.22464679914735E-16,0.,-1.));
#5224=DIRECTION('ref_axis',(8.32667268469264E-15,1.,1.01972330508565E-30));
#5225=DIRECTION('center_axis',(1.22464679914735E-16,0.,-1.));
#5226=DIRECTION('ref_axis',(4.59340288028406E-8,-0.999999999999999,5.62529613453409E-24));
#5227=DIRECTION('',(1.,0.,1.22464679914735E-16));
#5228=DIRECTION('center_axis',(1.22464679914735E-16,0.,-1.));
#5229=DIRECTION('ref_axis',(5.55111512312843E-15,1.,6.79815536723768E-31));
#5230=DIRECTION('',(3.06270204410101E-15,-1.,3.75072825505035E-31));
#5231=DIRECTION('center_axis',(1.22464679914735E-16,0.,-1.));
#5232=DIRECTION('ref_axis',(0.,1.,0.));
#5233=DIRECTION('',(-1.,0.,-1.22464679914735E-16));
#5234=DIRECTION('center_axis',(1.22464679914735E-16,0.,-1.));
#5235=DIRECTION('ref_axis',(1.38777878078212E-15,-1.,1.69953884180944E-31));
#5236=DIRECTION('',(-1.25379364930385E-12,1.,-1.53545437941124E-28));
#5237=DIRECTION('center_axis',(1.22464679914735E-16,0.,-1.));
#5238=DIRECTION('ref_axis',(-1.,0.,-1.22464679914735E-16));
#5239=DIRECTION('center_axis',(1.22464679914735E-16,0.,-1.));
#5240=DIRECTION('ref_axis',(-1.,0.,-1.22464679914735E-16));
#5241=DIRECTION('center_axis',(1.22464679914735E-16,0.,-1.));
#5242=DIRECTION('ref_axis',(-1.,0.,-1.22464679914735E-16));
#5243=DIRECTION('center_axis',(1.22464679914735E-16,0.,-1.));
#5244=DIRECTION('ref_axis',(-1.,0.,-1.22464679914735E-16));
#5245=DIRECTION('center_axis',(1.22464679914735E-16,0.,-1.));
#5246=DIRECTION('ref_axis',(-1.,0.,-1.22464679914735E-16));
#5247=DIRECTION('center_axis',(1.22464679914735E-16,0.,-1.));
#5248=DIRECTION('ref_axis',(-1.,0.,-1.22464679914735E-16));
#5249=DIRECTION('center_axis',(1.22464679914735E-16,0.,-1.));
#5250=DIRECTION('ref_axis',(-1.,0.,-1.22464679914735E-16));
#5251=DIRECTION('center_axis',(1.22464679914735E-16,0.,-1.));
#5252=DIRECTION('ref_axis',(-1.,0.,-1.22464679914735E-16));
#5253=DIRECTION('center_axis',(1.22464679914735E-16,0.,-1.));
#5254=DIRECTION('ref_axis',(-1.,0.,-1.22464679914735E-16));
#5255=DIRECTION('center_axis',(1.22464679914735E-16,0.,-1.));
#5256=DIRECTION('ref_axis',(-1.,0.,-1.22464679914735E-16));
#5257=DIRECTION('center_axis',(1.22464679914735E-16,0.,-1.));
#5258=DIRECTION('ref_axis',(-1.,0.,-1.22464679914735E-16));
#5259=DIRECTION('center_axis',(1.22464679914735E-16,0.,-1.));
#5260=DIRECTION('ref_axis',(-1.,0.,-1.22464679914735E-16));
#5261=DIRECTION('center_axis',(-0.428755335003599,0.90342064549464,0.));
#5262=DIRECTION('ref_axis',(0.90342064549464,0.428755335003599,0.));
#5263=DIRECTION('',(-0.90342064549464,-0.428755335003599,-1.10637120178864E-16));
#5264=DIRECTION('',(0.,0.,-1.));
#5265=DIRECTION('center_axis',(0.303175804850954,-0.638814864693187,-0.707106781186548));
#5266=DIRECTION('ref_axis',(-0.919083820064425,0.,-0.394062091168109));
#5267=DIRECTION('',(0.90342064549464,0.428755335003599,1.10637120178864E-16));
#5268=DIRECTION('',(-0.303175804851182,0.63881486469308,-0.707106781186548));
#5269=DIRECTION('center_axis',(1.22464679914735E-16,0.,-1.));
#5270=DIRECTION('ref_axis',(-0.829391558983691,0.558667738362081,-1.01571171794921E-16));
#5271=DIRECTION('center_axis',(-1.22464679914735E-16,0.,1.));
#5272=DIRECTION('ref_axis',(-0.829391558983691,0.558667738362081,-1.01571171794921E-16));
#5273=DIRECTION('',(1.22464679914735E-16,0.,-1.));
#5274=DIRECTION('center_axis',(0.,0.,-1.));
#5275=DIRECTION('ref_axis',(-0.829391558983691,0.558667738362081,0.));
#5276=DIRECTION('center_axis',(1.22464679914735E-16,0.,-1.));
#5277=DIRECTION('ref_axis',(-0.829391558983691,0.558667738362081,-1.01571171794921E-16));
#5278=DIRECTION('',(4.06339928307361E-12,0.707106781186548,-0.707106781186547));
#5279=DIRECTION('center_axis',(1.22464679910924E-16,0.,-1.));
#5280=DIRECTION('ref_axis',(0.0679644642358111,0.997687742533273,4.19900440073406E-18));
#5281=DIRECTION('center_axis',(1.22464679914735E-16,0.,-1.));
#5282=DIRECTION('ref_axis',(0.0679644642358111,0.997687742533273,8.32324635821506E-18));
#5283=DIRECTION('center_axis',(-1.22464679914735E-16,0.,1.));
#5284=DIRECTION('ref_axis',(0.0679644642358111,0.997687742533273,0.));
#5285=DIRECTION('center_axis',(0.,0.,-1.));
#5286=DIRECTION('ref_axis',(0.0679644642358111,0.997687742533273,0.));
#5287=DIRECTION('',(0.,0.,1.));
#5288=DIRECTION('',(0.,0.,-1.));
#5289=DIRECTION('center_axis',(0.,0.,-1.));
#5290=DIRECTION('ref_axis',(3.219646771413E-15,1.,2.06534434490268E-31));
#5291=DIRECTION('center_axis',(-1.22464679914735E-16,0.,1.));
#5292=DIRECTION('ref_axis',(3.219646771413E-15,1.,0.));
#5293=DIRECTION('center_axis',(1.22464679914735E-16,0.,-1.));
#5294=DIRECTION('ref_axis',(3.219646771413E-15,1.,3.94293011299603E-31));
#5295=DIRECTION('center_axis',(0.,0.,-1.));
#5296=DIRECTION('ref_axis',(0.428755335001961,0.903420645495417,2.75038682614405E-17));
#5297=DIRECTION('center_axis',(1.22464679914735E-16,0.,-1.));
#5298=DIRECTION('ref_axis',(0.428755335001961,0.903420645495417,5.25073848627501E-17));
#5299=DIRECTION('center_axis',(-1.22464679914735E-16,0.,1.));
#5300=DIRECTION('ref_axis',(0.428755335001961,0.903420645495417,0.));
#5301=DIRECTION('center_axis',(0.,0.,-1.));
#5302=DIRECTION('ref_axis',(3.219646771413E-15,1.,0.));
#5303=DIRECTION('center_axis',(0.,0.,-1.));
#5304=DIRECTION('ref_axis',(0.428755335001961,0.903420645495417,0.));
#5305=DIRECTION('',(0.,0.,-1.));
#5306=DIRECTION('center_axis',(0.428755335002405,0.903420645495207,0.));
#5307=DIRECTION('ref_axis',(0.903420645495207,-0.428755335002405,0.));
#5308=DIRECTION('center_axis',(1.22464679914735E-16,0.,-1.));
#5309=DIRECTION('ref_axis',(-1.,0.,-1.22464679914735E-16));
#5310=DIRECTION('',(1.,5.75085771433548E-12,1.22464679914735E-16));
#5311=DIRECTION('center_axis',(-1.22464679914735E-16,0.,1.));
#5312=DIRECTION('ref_axis',(-3.01092484278505E-13,-1.,-3.68731947118995E-29));
#5313=DIRECTION('',(0.594265420940596,-0.804268990745196,7.27765245598855E-17));
#5314=DIRECTION('center_axis',(-1.22464679914735E-16,0.,1.));
#5315=DIRECTION('ref_axis',(-0.804268990746053,-0.594265420939437,-9.84945445170623E-17));
#5316=DIRECTION('',(-0.772351814808469,-0.635194989087653,-9.45858177820841E-17));
#5317=DIRECTION('center_axis',(1.22464679914735E-16,0.,-1.));
#5318=DIRECTION('ref_axis',(0.635194989087867,-0.772351814808294,7.77889510220892E-17));
#5319=DIRECTION('',(0.,-1.,0.));
#5320=DIRECTION('center_axis',(1.22464679914735E-16,0.,-1.));
#5321=DIRECTION('ref_axis',(1.,5.59746693440253E-13,1.22464679914735E-16));
#5322=DIRECTION('',(0.77235181480849,-0.635194989087628,9.45858177820867E-17));
#5323=DIRECTION('center_axis',(-1.22464679914735E-16,0.,1.));
#5324=DIRECTION('ref_axis',(-0.635194989088131,-0.772351814808077,-7.77889510221215E-17));
#5325=DIRECTION('',(-0.594265420938996,-0.804268990746378,-7.27765245596896E-17));
#5326=DIRECTION('center_axis',(-1.22464679914735E-16,0.,1.));
#5327=DIRECTION('ref_axis',(-0.804268990745705,0.594265420939907,-9.84945445170197E-17));
#5328=DIRECTION('',(-1.,0.,-1.22464679914735E-16));
#5329=DIRECTION('center_axis',(1.22464679914735E-16,0.,-1.));
#5330=DIRECTION('ref_axis',(-3.06421554796409E-13,-1.,-3.75258176271177E-29));
#5331=DIRECTION('',(-0.707106781185907,-0.707106781187188,-8.65956056234709E-17));
#5332=DIRECTION('center_axis',(1.22464679914735E-16,0.,-1.));
#5333=DIRECTION('ref_axis',(0.70710678118667,-0.707106781186425,8.65956056235641E-17));
#5334=DIRECTION('',(0.,-1.,0.));
#5335=DIRECTION('center_axis',(1.22464679914735E-16,0.,-1.));
#5336=DIRECTION('ref_axis',(1.,-3.01980662698044E-13,1.22464679914735E-16));
#5337=DIRECTION('',(0.70710678118676,-0.707106781186336,8.65956056235752E-17));
#5338=DIRECTION('center_axis',(-1.22464679914735E-16,0.,1.));
#5339=DIRECTION('ref_axis',(-0.707106781186635,-0.70710678118646,-8.65956056235598E-17));
#5340=DIRECTION('',(0.,-1.,0.));
#5341=DIRECTION('center_axis',(-1.22464679914735E-16,0.,1.));
#5342=DIRECTION('ref_axis',(-1.,-3.55271367880075E-14,-1.22464679914735E-16));
#5343=DIRECTION('',(-0.707106781187541,-0.707106781185554,-8.6595605623671E-17));
#5344=DIRECTION('center_axis',(1.22464679914735E-16,0.,-1.));
#5345=DIRECTION('ref_axis',(0.707106781184824,-0.707106781188271,8.65956056233381E-17));
#5346=DIRECTION('',(0.,-1.,0.));
#5347=DIRECTION('',(-0.94868490045567,-0.31622295876077,-1.16180392674246E-16));
#5348=DIRECTION('',(1.,-7.38201523872658E-10,1.22464679914735E-16));
#5349=DIRECTION('center_axis',(-1.22464679914735E-16,0.,1.));
#5350=DIRECTION('ref_axis',(1.66533453693478E-14,-1.,2.03944661016671E-30));
#5351=DIRECTION('',(-0.962155612804439,-0.272500599538633,-1.17830079150262E-16));
#5352=DIRECTION('center_axis',(-1.22464679914735E-16,0.,1.));
#5353=DIRECTION('ref_axis',(-0.272500599538781,0.962155612804397,-3.33716986990902E-17));
#5354=DIRECTION('',(-1.,-2.27958124566803E-14,-1.22464679914735E-16));
#5355=DIRECTION('center_axis',(-1.22464679914735E-16,0.,1.));
#5356=DIRECTION('ref_axis',(0.272500599538781,0.962155612804397,3.33716986990902E-17));
#5357=DIRECTION('',(-0.962155612804439,0.272500599538633,-1.17830079150262E-16));
#5358=DIRECTION('center_axis',(-1.22464679914735E-16,0.,1.));
#5359=DIRECTION('ref_axis',(-1.66533453693478E-14,-1.,-2.03944661016671E-30));
#5360=DIRECTION('',(1.,7.38201523872658E-10,1.22464679914735E-16));
#5361=DIRECTION('',(-0.94868490045567,0.31622295876077,-1.16180392674246E-16));
#5362=DIRECTION('',(0.,1.,0.));
#5363=DIRECTION('center_axis',(1.22464679914735E-16,0.,-1.));
#5364=DIRECTION('ref_axis',(-0.707106781184824,-0.707106781188271,-8.6595605623338E-17));
#5365=DIRECTION('',(-0.707106781187541,0.707106781185554,-8.6595605623671E-17));
#5366=DIRECTION('center_axis',(-1.22464679914735E-16,0.,1.));
#5367=DIRECTION('ref_axis',(1.,-3.55271367880075E-14,1.22464679914735E-16));
#5368=DIRECTION('',(0.,1.,0.));
#5369=DIRECTION('center_axis',(-1.22464679914735E-16,0.,1.));
#5370=DIRECTION('ref_axis',(0.707106781186635,-0.70710678118646,8.65956056235598E-17));
#5371=DIRECTION('',(0.70710678118676,0.707106781186336,8.65956056235752E-17));
#5372=DIRECTION('center_axis',(1.22464679914735E-16,0.,-1.));
#5373=DIRECTION('ref_axis',(-1.,-3.01980662698044E-13,-1.22464679914735E-16));
#5374=DIRECTION('',(-2.41569231363788E-16,1.,-2.95836985962149E-32));
#5375=DIRECTION('center_axis',(1.22464679914735E-16,0.,-1.));
#5376=DIRECTION('ref_axis',(-0.707106781186674,-0.707106781186421,-8.65956056235646E-17));
#5377=DIRECTION('',(-0.707106781185907,0.707106781187188,-8.65956056234709E-17));
#5378=DIRECTION('center_axis',(1.22464679914735E-16,0.,-1.));
#5379=DIRECTION('ref_axis',(3.06421554796409E-13,-1.,3.75258176271177E-29));
#5380=DIRECTION('',(-1.,0.,-1.22464679914735E-16));
#5381=DIRECTION('center_axis',(-1.22464679914735E-16,0.,1.));
#5382=DIRECTION('ref_axis',(0.804268990745705,0.594265420939907,9.84945445170197E-17));
#5383=DIRECTION('',(-0.594265420938996,0.804268990746378,-7.27765245596896E-17));
#5384=DIRECTION('center_axis',(-1.22464679914735E-16,0.,1.));
#5385=DIRECTION('ref_axis',(0.635194989088131,-0.772351814808076,7.77889510221216E-17));
#5386=DIRECTION('',(0.77235181480849,0.635194989087628,9.45858177820867E-17));
#5387=DIRECTION('center_axis',(1.22464679914735E-16,0.,-1.));
#5388=DIRECTION('ref_axis',(-1.,5.59746693440253E-13,-1.22464679914735E-16));
#5389=DIRECTION('',(0.,1.,0.));
#5390=DIRECTION('center_axis',(1.22464679914735E-16,0.,-1.));
#5391=DIRECTION('ref_axis',(-0.635194989087865,-0.772351814808295,-7.7788951022089E-17));
#5392=DIRECTION('',(-0.772351814808469,0.635194989087653,-9.45858177820841E-17));
#5393=DIRECTION('center_axis',(-1.22464679914735E-16,0.,1.));
#5394=DIRECTION('ref_axis',(0.804268990746053,-0.594265420939437,9.84945445170623E-17));
#5395=DIRECTION('',(0.594265420940598,0.804268990745195,7.27765245598857E-17));
#5396=DIRECTION('center_axis',(-1.22464679914735E-16,0.,1.));
#5397=DIRECTION('ref_axis',(3.01092484278505E-13,-1.,3.68731947118995E-29));
#5398=DIRECTION('',(1.,-5.75085771433548E-12,1.22464679914735E-16));
#5399=DIRECTION('center_axis',(-1.22464679914735E-16,0.,1.));
#5400=DIRECTION('ref_axis',(-1.,0.,-1.22464679914735E-16));
#5401=DIRECTION('center_axis',(-1.22464679914735E-16,0.,1.));
#5402=DIRECTION('ref_axis',(-1.,0.,-1.22464679914735E-16));
#5403=DIRECTION('center_axis',(-1.22464679914735E-16,0.,1.));
#5404=DIRECTION('ref_axis',(-1.,0.,-1.22464679914735E-16));
#5405=DIRECTION('center_axis',(-1.22464679914735E-16,0.,1.));
#5406=DIRECTION('ref_axis',(-1.,0.,-1.22464679914735E-16));
#5407=DIRECTION('center_axis',(-1.22464679914735E-16,0.,1.));
#5408=DIRECTION('ref_axis',(-1.,0.,-1.22464679914735E-16));
#5409=DIRECTION('center_axis',(-1.22464679914735E-16,0.,1.));
#5410=DIRECTION('ref_axis',(-1.,0.,-1.22464679914735E-16));
#5411=DIRECTION('center_axis',(-1.22464679914735E-16,0.,1.));
#5412=DIRECTION('ref_axis',(-1.,0.,-1.22464679914735E-16));
#5413=DIRECTION('center_axis',(-1.22464679914735E-16,0.,1.));
#5414=DIRECTION('ref_axis',(-1.,0.,-1.22464679914735E-16));
#5415=DIRECTION('center_axis',(-1.22464679914735E-16,0.,1.));
#5416=DIRECTION('ref_axis',(-1.,0.,-1.22464679914735E-16));
#5417=DIRECTION('center_axis',(-1.22464679914735E-16,0.,1.));
#5418=DIRECTION('ref_axis',(-1.,0.,-1.22464679914735E-16));
#5419=DIRECTION('center_axis',(-1.22464679914735E-16,0.,1.));
#5420=DIRECTION('ref_axis',(-1.,0.,-1.22464679914735E-16));
#5421=DIRECTION('center_axis',(-1.22464679914735E-16,0.,1.));
#5422=DIRECTION('ref_axis',(-1.,0.,-1.22464679914735E-16));
#5423=DIRECTION('center_axis',(-1.22464679914735E-16,0.,1.));
#5424=DIRECTION('ref_axis',(4.59340288028406E-8,-0.999999999999999,5.62529613453409E-24));
#5425=DIRECTION('',(1.25379364930385E-12,-1.,1.53545437941124E-28));
#5426=DIRECTION('center_axis',(-1.22464679914735E-16,0.,1.));
#5427=DIRECTION('ref_axis',(1.38777878078212E-15,-1.,1.69953884180944E-31));
#5428=DIRECTION('',(1.,0.,1.22464679914735E-16));
#5429=DIRECTION('center_axis',(-1.22464679914735E-16,0.,1.));
#5430=DIRECTION('ref_axis',(0.,1.,0.));
#5431=DIRECTION('',(-3.06270204410101E-15,1.,-3.75072825505035E-31));
#5432=DIRECTION('center_axis',(-1.22464679914735E-16,0.,1.));
#5433=DIRECTION('ref_axis',(5.55111512312843E-15,1.,6.79815536723768E-31));
#5434=DIRECTION('',(-1.,0.,-1.22464679914735E-16));
#5435=DIRECTION('',(-4.59405306615152E-15,1.,-5.62609238257555E-31));
#5436=DIRECTION('center_axis',(-1.22464679914735E-16,0.,1.));
#5437=DIRECTION('ref_axis',(8.32667268469264E-15,1.,1.01972330508565E-30));
#5438=DIRECTION('',(-1.,0.,-1.22464679914735E-16));
#5439=DIRECTION('center_axis',(-1.22464679914735E-16,0.,1.));
#5440=DIRECTION('ref_axis',(4.59340385172925E-8,-0.999999999999999,5.62529732421133E-24));
#5441=DIRECTION('',(1.25455932481487E-12,-1.,1.536392061475E-28));
#5442=DIRECTION('center_axis',(-1.22464679914735E-16,0.,1.));
#5443=DIRECTION('ref_axis',(-4.16333634234627E-15,-1.,-5.09861652542819E-31));
#5444=DIRECTION('',(1.,0.,1.22464679914735E-16));
#5445=DIRECTION('center_axis',(-1.22464679914735E-16,0.,1.));
#5446=DIRECTION('ref_axis',(-2.77555756156418E-15,1.,-3.3990776836188E-31));
#5447=DIRECTION('center_axis',(-1.22464679914735E-16,0.,1.));
#5448=DIRECTION('ref_axis',(-5.55111512312843E-15,1.,-6.79815536723768E-31));
#5449=DIRECTION('',(0.,-1.,0.));
#5450=DIRECTION('center_axis',(-1.22464679914735E-16,0.,1.));
#5451=DIRECTION('ref_axis',(0.,1.,0.));
#5452=DIRECTION('',(1.,0.,1.22464679914735E-16));
#5453=DIRECTION('center_axis',(-1.22464679914735E-16,0.,1.));
#5454=DIRECTION('ref_axis',(-1.38777878078212E-15,-1.,-1.69953884180944E-31));
#5455=DIRECTION('',(1.25379364930385E-12,1.,1.53545437941124E-28));
#5456=DIRECTION('center_axis',(-1.22464679914735E-16,0.,1.));
#5457=DIRECTION('ref_axis',(-4.59340288028406E-8,-0.999999999999999,-5.62529613453409E-24));
#5458=DIRECTION('',(-1.,0.,-1.22464679914735E-16));
#5459=DIRECTION('center_axis',(-1.22464679914735E-16,0.,1.));
#5460=DIRECTION('ref_axis',(4.16333634234627E-15,-1.,5.09861652542819E-31));
#5461=DIRECTION('',(1.25455932481487E-12,1.,1.536392061475E-28));
#5462=DIRECTION('center_axis',(-1.22464679914735E-16,0.,1.));
#5463=DIRECTION('ref_axis',(-4.59340385172925E-8,-0.999999999999999,-5.62529732421133E-24));
#5464=DIRECTION('',(-1.,0.,-1.22464679914735E-16));
#5465=DIRECTION('center_axis',(-1.22464679914735E-16,0.,1.));
#5466=DIRECTION('ref_axis',(-8.32667268469264E-15,1.,-1.01972330508565E-30));
#5467=DIRECTION('',(-4.59405306615152E-15,-1.,-5.62609238257555E-31));
#5468=DIRECTION('center_axis',(-1.22464679914735E-16,0.,1.));
#5469=DIRECTION('ref_axis',(2.77555756156418E-15,1.,3.3990776836188E-31));
#5470=DIRECTION('',(1.,0.,1.22464679914735E-16));
#5471=DIRECTION('',(0.771157142057749,0.636644847818094,9.44395125660643E-17));
#5472=DIRECTION('center_axis',(-1.22464679914735E-16,0.,1.));
#5473=DIRECTION('ref_axis',(0.873793374947833,0.486297375992587,1.07008825974602E-16));
#5474=DIRECTION('',(-0.486297375993198,0.873793374947493,-5.95542524943826E-17));
#5475=DIRECTION('center_axis',(-1.22464679914735E-16,0.,1.));
#5476=DIRECTION('ref_axis',(-0.87379337494745,0.486297375993276,-1.07008825974555E-16));
#5477=DIRECTION('',(-0.486297375993231,-0.873793374947475,-5.95542524943867E-17));
#5478=DIRECTION('center_axis',(-1.22464679914735E-16,0.,1.));
#5479=DIRECTION('ref_axis',(-0.636644847818714,-0.771157142057237,-7.7966507507484E-17));
#5480=DIRECTION('',(0.771157142057721,-0.636644847818128,9.44395125660609E-17));
#5481=DIRECTION('center_axis',(-1.22464679914735E-16,0.,1.));
#5482=DIRECTION('ref_axis',(0.636644847818383,-0.771157142057511,7.79665075074435E-17));
#5483=DIRECTION('',(0.651468883980445,0.758675354288824,7.9781928351075E-17));
#5484=DIRECTION('center_axis',(-1.22464679914735E-16,0.,1.));
#5485=DIRECTION('ref_axis',(1.,0.,1.22464679914735E-16));
#5486=DIRECTION('',(0.,1.,0.));
#5487=DIRECTION('center_axis',(-1.22464679914735E-16,0.,1.));
#5488=DIRECTION('ref_axis',(0.388497036518098,0.921449972932148,4.7577165225012E-17));
#5489=DIRECTION('',(-0.921449972931803,0.388497036518915,-1.12845075992535E-16));
#5490=DIRECTION('center_axis',(-1.22464679914735E-16,0.,1.));
#5491=DIRECTION('ref_axis',(0.,1.,0.));
#5492=DIRECTION('',(-1.,-7.28602929017613E-14,-1.22464679914735E-16));
#5493=DIRECTION('center_axis',(-1.22464679914735E-16,0.,1.));
#5494=DIRECTION('ref_axis',(-0.388497036518095,0.921449972932149,-4.75771652250116E-17));
#5495=DIRECTION('',(-0.921449972931803,-0.388497036518915,-1.12845075992535E-16));
#5496=DIRECTION('center_axis',(-1.22464679914735E-16,0.,1.));
#5497=DIRECTION('ref_axis',(-1.,0.,-1.22464679914735E-16));
#5498=DIRECTION('',(-4.20169807159139E-16,-1.,-5.145596094358E-32));
#5499=DIRECTION('center_axis',(-1.22464679914735E-16,0.,1.));
#5500=DIRECTION('ref_axis',(-0.758675354289022,-0.651468883980216,-9.29109344222032E-17));
#5501=DIRECTION('',(0.651468883980445,-0.758675354288824,7.97819283510751E-17));
#5502=DIRECTION('center_axis',(-1.22464679914735E-16,0.,1.));
#5503=DIRECTION('ref_axis',(0.758675354289248,-0.651468883979952,9.29109344222309E-17));
#5504=DIRECTION('',(-0.651468883980004,0.758675354289203,-7.9781928351021E-17));
#5505=DIRECTION('center_axis',(1.22464679914735E-16,0.,-1.));
#5506=DIRECTION('ref_axis',(-0.758675354288967,-0.651468883980279,-9.29109344221965E-17));
#5507=DIRECTION('',(0.,1.,0.));
#5508=DIRECTION('center_axis',(-1.22464679914735E-16,0.,1.));
#5509=DIRECTION('ref_axis',(-0.758675354289791,0.65146888397932,-9.29109344222974E-17));
#5510=DIRECTION('',(-0.651468883979489,-0.758675354289645,-7.9781928350958E-17));
#5511=DIRECTION('center_axis',(-1.22464679914735E-16,0.,1.));
#5512=DIRECTION('ref_axis',(-1.,0.,-1.22464679914735E-16));
#5513=DIRECTION('',(0.,-1.,0.));
#5514=DIRECTION('center_axis',(-1.22464679914735E-16,0.,1.));
#5515=DIRECTION('ref_axis',(-0.758675354289137,-0.651468883980082,-9.29109344222173E-17));
#5516=DIRECTION('',(0.651468883980084,-0.758675354289135,7.97819283510307E-17));
#5517=DIRECTION('center_axis',(-1.22464679914735E-16,0.,1.));
#5518=DIRECTION('ref_axis',(0.70710678118558,-0.707106781187515,8.65956056234306E-17));
#5519=DIRECTION('',(0.707106781186584,0.707106781186511,8.65956056235538E-17));
#5520=DIRECTION('center_axis',(-1.22464679914735E-16,0.,1.));
#5521=DIRECTION('ref_axis',(1.,0.,1.22464679914735E-16));
#5522=DIRECTION('',(0.,1.,0.));
#5523=DIRECTION('center_axis',(-1.22464679914735E-16,0.,1.));
#5524=DIRECTION('ref_axis',(0.758675354289298,0.651468883979894,9.2910934422237E-17));
#5525=DIRECTION('center_axis',(1.22464679914735E-16,0.,-1.));
#5526=DIRECTION('ref_axis',(1.,0.,1.22464679914735E-16));
#5527=DIRECTION('',(-0.651468883980005,-0.758675354289202,-7.97819283510212E-17));
#5528=DIRECTION('center_axis',(-1.22464679914735E-16,0.,1.));
#5529=DIRECTION('ref_axis',(-1.,0.,-1.22464679914735E-16));
#5530=DIRECTION('',(0.,-1.,0.));
#5531=DIRECTION('center_axis',(-1.22464679914735E-16,0.,1.));
#5532=DIRECTION('ref_axis',(-0.7071067811867,-0.707106781186395,-8.65956056235678E-17));
#5533=DIRECTION('',(0.707106781186584,-0.707106781186511,8.65956056235538E-17));
#5534=DIRECTION('center_axis',(-1.22464679914735E-16,0.,1.));
#5535=DIRECTION('ref_axis',(0.758675354288957,-0.651468883980291,9.29109344221953E-17));
#5536=DIRECTION('',(0.651468883980085,0.758675354289134,7.97819283510309E-17));
#5537=DIRECTION('center_axis',(-1.22464679914735E-16,0.,1.));
#5538=DIRECTION('ref_axis',(1.,0.,1.22464679914735E-16));
#5539=DIRECTION('',(0.,1.,0.));
#5540=DIRECTION('center_axis',(-1.22464679914735E-16,0.,1.));
#5541=DIRECTION('ref_axis',(0.758675354289474,0.651468883979689,9.29109344222586E-17));
#5542=DIRECTION('',(-0.651468883979489,0.758675354289645,-7.9781928350958E-17));
#5543=DIRECTION('center_axis',(-1.22464679914735E-16,0.,1.));
#5544=DIRECTION('ref_axis',(-1.,0.,-1.22464679914735E-16));
#5545=DIRECTION('',(0.,-1.,0.));
#5546=DIRECTION('center_axis',(1.22464679914735E-16,0.,-1.));
#5547=DIRECTION('ref_axis',(0.829391558983692,0.55866773836208,1.01571171794921E-16));
#5548=DIRECTION('',(1.22464679914735E-16,0.,-1.));
#5549=DIRECTION('center_axis',(-0.192687021811166,0.680346758370712,-0.707106781186553));
#5550=DIRECTION('ref_axis',(-0.964819315579536,-2.22044604925031E-16,0.262913841941873));
#5551=DIRECTION('',(-1.39932868886653E-9,0.720610835644509,0.693339760544369));
#5552=DIRECTION('',(0.962155612804439,0.272500599538633,1.17830079150262E-16));
#5553=DIRECTION('',(0.192687021811174,-0.680346758370721,-0.707106781186542));
#5554=DIRECTION('center_axis',(0.192687021811166,-0.680346758370712,0.707106781186553));
#5555=DIRECTION('ref_axis',(0.192687021811169,-0.680346758370722,-0.707106781186542));
#5556=DIRECTION('center_axis',(0.,0.,1.));
#5557=DIRECTION('ref_axis',(-0.272500599538781,0.962155612804397,0.));
#5558=DIRECTION('',(-3.76822190084103E-14,-0.707106781186552,-0.707106781186543));
#5559=DIRECTION('center_axis',(1.22464679914735E-16,0.,-1.));
#5560=DIRECTION('ref_axis',(-0.272500599538781,0.962155612804397,-3.33716986990902E-17));
#5561=DIRECTION('center_axis',(-1.60324779651518E-14,0.707106781186542,
-0.707106781186553));
#5562=DIRECTION('ref_axis',(-1.,0.,2.26733477767653E-14));
#5563=DIRECTION('',(1.88411095042077E-14,-0.707106781186459,-0.707106781186636));
#5564=DIRECTION('',(1.,2.27958124566803E-14,1.22464679914735E-16));
#5565=DIRECTION('center_axis',(0.,0.,1.));
#5566=DIRECTION('ref_axis',(0.272500599538781,0.962155612804397,0.));
#5567=DIRECTION('',(-0.19268702181127,-0.680346758370688,-0.707106781186547));
#5568=DIRECTION('center_axis',(1.22464679914735E-16,0.,-1.));
#5569=DIRECTION('ref_axis',(0.272500599538781,0.962155612804397,3.33716986990902E-17));
#5570=DIRECTION('center_axis',(0.192687021811166,0.680346758370712,-0.707106781186552));
#5571=DIRECTION('ref_axis',(-0.964819315579535,-1.94289029309402E-16,-0.262913841941874));
#5572=DIRECTION('center_axis',(-0.192687021811166,-0.680346758370712,0.707106781186552));
#5573=DIRECTION('ref_axis',(-0.192687021811169,-0.680346758370721,-0.707106781186543));
#5574=DIRECTION('',(0.962155612804439,-0.272500599538633,1.17830079150262E-16));
#5575=DIRECTION('',(-1.42629115362617E-9,-0.720610835640838,-0.693339760548184));
#5576=DIRECTION('center_axis',(1.22464679914735E-16,0.,-1.));
#5577=DIRECTION('ref_axis',(-1.66533453693478E-14,-1.,-2.03944661016671E-30));
#5578=DIRECTION('',(1.22464679914735E-16,0.,-1.));
#5579=DIRECTION('',(1.22464679914735E-16,0.,-1.));
#5580=DIRECTION('center_axis',(1.,-1.97928086561092E-9,1.22464679914735E-16));
#5581=DIRECTION('ref_axis',(-1.97928086561092E-9,-1.,-2.42391997668402E-25));
#5582=DIRECTION('',(1.22464679914735E-16,0.,-1.));
#5583=DIRECTION('center_axis',(0.272500599538633,0.962155612804439,3.33716986990722E-17));
#5584=DIRECTION('ref_axis',(0.962155612804439,-0.272500599538633,1.17830079150262E-16));
#5585=DIRECTION('',(1.22464679914735E-16,0.,-1.));
#5586=DIRECTION('center_axis',(1.22464679914735E-16,0.,-1.));
#5587=DIRECTION('ref_axis',(0.272500599538781,0.962155612804397,3.33716986990902E-17));
#5588=DIRECTION('',(1.22464679914735E-16,0.,-1.));
#5589=DIRECTION('center_axis',(-2.27958124566803E-14,1.,-2.79168187590369E-30));
#5590=DIRECTION('ref_axis',(1.,2.27958124566803E-14,1.22464679914735E-16));
#5591=DIRECTION('',(1.22464679914735E-16,0.,-1.));
#5592=DIRECTION('center_axis',(1.22464679914735E-16,0.,-1.));
#5593=DIRECTION('ref_axis',(-0.272500599538781,0.962155612804397,-3.33716986990902E-17));
#5594=DIRECTION('',(1.22464679914735E-16,0.,-1.));
#5595=DIRECTION('center_axis',(-0.272500599538633,0.962155612804439,-3.33716986990722E-17));
#5596=DIRECTION('ref_axis',(0.962155612804439,0.272500599538633,1.17830079150262E-16));
#5597=DIRECTION('',(1.22464679914735E-16,0.,-1.));
#5598=DIRECTION('center_axis',(0.223603398506615,0.670821526321493,-0.707106781186544));
#5599=DIRECTION('ref_axis',(-0.953463906913072,-3.33066907387547E-16,-0.301507177715658));
#5600=DIRECTION('center_axis',(-0.223603398506615,-0.670821526321493,0.707106781186544));
#5601=DIRECTION('ref_axis',(-0.223603398506613,-0.670821526321486,-0.707106781186551));
#5602=DIRECTION('',(0.94868490045567,-0.31622295876077,1.16180392674246E-16));
#5603=DIRECTION('',(-0.223603398506616,-0.670821526321485,-0.707106781186551));
#5604=DIRECTION('',(0.953463906721115,7.03848508899105E-10,0.301507178322687));
#5605=DIRECTION('center_axis',(0.707106781186549,0.,-0.707106781186546));
#5606=DIRECTION('ref_axis',(-0.707106781186546,0.,-0.707106781186549));
#5607=DIRECTION('',(-0.707106781186543,0.,-0.707106781186552));
#5608=DIRECTION('',(0.707106781186546,0.,0.707106781186549));
#5609=DIRECTION('',(0.,-1.,0.));
#5610=DIRECTION('center_axis',(0.,0.,-1.));
#5611=DIRECTION('ref_axis',(-0.707106781184825,-0.707106781188271,0.));
#5612=DIRECTION('',(-0.499999999998781,-0.500000000001218,-0.707106781186548));
#5613=DIRECTION('center_axis',(-1.22464679914735E-16,0.,1.));
#5614=DIRECTION('ref_axis',(-0.707106781184825,-0.707106781188271,-8.65956056233381E-17));
#5615=DIRECTION('center_axis',(0.499999999999298,0.500000000000703,-0.707106781186547));
#5616=DIRECTION('ref_axis',(-0.816496580928108,1.94289029309402E-16,-0.577350269189086));
#5617=DIRECTION('',(-0.499999999999296,-0.500000000000703,-0.707106781186548));
#5618=DIRECTION('',(0.707106781187541,-0.707106781185554,8.6595605623671E-17));
#5619=DIRECTION('center_axis',(0.,0.,1.));
#5620=DIRECTION('ref_axis',(1.,-3.55271367880075E-14,0.));
#5621=DIRECTION('',(-0.707106781186546,2.51214793389404E-14,-0.707106781186549));
#5622=DIRECTION('center_axis',(1.22464679914735E-16,0.,-1.));
#5623=DIRECTION('ref_axis',(1.,-3.55271367880075E-14,1.22464679914735E-16));
#5624=DIRECTION('center_axis',(0.707106781186549,0.,-0.707106781186546));
#5625=DIRECTION('ref_axis',(-0.707106781186546,0.,-0.707106781186549));
#5626=DIRECTION('',(-0.707106781186546,0.,-0.707106781186549));
#5627=DIRECTION('',(0.,-1.,0.));
#5628=DIRECTION('center_axis',(0.,0.,1.));
#5629=DIRECTION('ref_axis',(0.707106781186635,-0.707106781186461,0.));
#5630=DIRECTION('',(-0.500000000000067,0.499999999999935,-0.707106781186546));
#5631=DIRECTION('center_axis',(1.22464679914735E-16,0.,-1.));
#5632=DIRECTION('ref_axis',(0.707106781186635,-0.70710678118646,8.65956056235598E-17));
#5633=DIRECTION('center_axis',(0.499999999999851,-0.50000000000015,-0.707106781186547));
#5634=DIRECTION('ref_axis',(-0.816496580927807,-1.11022302462516E-16,-0.577350269189511));
#5635=DIRECTION('',(-0.499999999999849,0.50000000000015,-0.707106781186549));
#5636=DIRECTION('',(-0.70710678118676,-0.707106781186336,-8.65956056235752E-17));
#5637=DIRECTION('center_axis',(0.,0.,-1.));
#5638=DIRECTION('ref_axis',(-1.,-3.01980662698044E-13,0.));
#5639=DIRECTION('',(-0.707106781186549,-2.13532574380993E-13,-0.707106781186546));
#5640=DIRECTION('center_axis',(-1.22464679914735E-16,0.,1.));
#5641=DIRECTION('ref_axis',(-1.,-3.01980662698044E-13,-1.22464679914735E-16));
#5642=DIRECTION('center_axis',(0.707106781186546,1.70815241623356E-16,-0.707106781186549));
#5643=DIRECTION('ref_axis',(-0.707106781186549,0.,-0.707106781186546));
#5644=DIRECTION('',(-0.707106781186546,0.,-0.707106781186549));
#5645=DIRECTION('',(2.41569231363788E-16,-1.,2.95836985962149E-32));
#5646=DIRECTION('center_axis',(0.,0.,-1.));
#5647=DIRECTION('ref_axis',(-0.707106781186674,-0.707106781186421,0.));
#5648=DIRECTION('',(-0.500000000000087,-0.499999999999912,-0.707106781186548));
#5649=DIRECTION('center_axis',(-1.22464679914735E-16,0.,1.));
#5650=DIRECTION('ref_axis',(-0.707106781186673,-0.707106781186421,-8.65956056235646E-17));
#5651=DIRECTION('center_axis',(0.500000000000453,0.499999999999548,-0.707106781186547));
#5652=DIRECTION('ref_axis',(-0.816496580927479,-1.66533453693773E-16,-0.577350269189975));
#5653=DIRECTION('',(-0.500000000000451,-0.49999999999955,-0.707106781186547));
#5654=DIRECTION('',(0.707106781185907,-0.707106781187188,8.65956056234709E-17));
#5655=DIRECTION('center_axis',(0.,0.,-1.));
#5656=DIRECTION('ref_axis',(3.06421554796409E-13,-1.,0.));
#5657=DIRECTION('',(2.13532574380994E-13,-0.707106781186546,-0.707106781186549));
#5658=DIRECTION('center_axis',(-1.22464679914735E-16,0.,1.));
#5659=DIRECTION('ref_axis',(3.06421554796409E-13,-1.,3.75258176271177E-29));
#5660=DIRECTION('center_axis',(8.65956056235494E-17,0.707106781186547,-0.707106781186548));
#5661=DIRECTION('ref_axis',(-1.,1.72563323017096E-31,-1.22464679914735E-16));
#5662=DIRECTION('',(0.,-0.707106781186548,-0.707106781186547));
#5663=DIRECTION('',(1.,0.,1.22464679914735E-16));
#5664=DIRECTION('center_axis',(0.,0.,1.));
#5665=DIRECTION('ref_axis',(0.804268990745705,0.594265420939907,0.));
#5666=DIRECTION('',(-0.568704057254348,-0.420209108971287,-0.707106781186548));
#5667=DIRECTION('center_axis',(1.22464679914735E-16,0.,-1.));
#5668=DIRECTION('ref_axis',(0.804268990745705,0.594265420939907,9.84945445170197E-17));
#5669=DIRECTION('center_axis',(0.568704057254819,0.420209108970638,-0.707106781186554));
#5670=DIRECTION('ref_axis',(-0.779243451466377,8.32667268468867E-17,-0.626721344256575));
#5671=DIRECTION('',(-0.568704057254827,-0.420209108970645,-0.707106781186544));
#5672=DIRECTION('',(0.594265420938996,-0.804268990746378,7.27765245596896E-17));
#5673=DIRECTION('center_axis',(0.,0.,1.));
#5674=DIRECTION('ref_axis',(0.635194989088131,-0.772351814808076,0.));
#5675=DIRECTION('',(-0.449150684159933,0.546135205712527,-0.707106781186547));
#5676=DIRECTION('center_axis',(1.22464679914735E-16,0.,-1.));
#5677=DIRECTION('ref_axis',(0.635194989088131,-0.772351814808076,7.77889510221216E-17));
#5678=DIRECTION('center_axis',(0.449150684159578,-0.546135205712821,-0.707106781186546));
#5679=DIRECTION('ref_axis',(-0.844108005961773,1.38777878078145E-16,-0.53617317563567));
#5680=DIRECTION('',(-0.449150684159576,0.54613520571282,-0.707106781186548));
#5681=DIRECTION('',(-0.77235181480849,-0.635194989087628,-9.45858177820867E-17));
#5682=DIRECTION('center_axis',(0.,0.,-1.));
#5683=DIRECTION('ref_axis',(-1.,5.59746693440253E-13,0.));
#5684=DIRECTION('',(-0.707106781186549,3.95761430366978E-13,-0.707106781186546));
#5685=DIRECTION('center_axis',(-1.22464679914735E-16,0.,1.));
#5686=DIRECTION('ref_axis',(-1.,5.59746693440253E-13,-1.22464679914735E-16));
#5687=DIRECTION('center_axis',(0.707106781186549,0.,-0.707106781186546));
#5688=DIRECTION('ref_axis',(-0.707106781186546,0.,-0.707106781186549));
#5689=DIRECTION('',(-0.707106781186546,1.96261557335472E-16,-0.707106781186549));
#5690=DIRECTION('',(0.,-1.,0.));
#5691=DIRECTION('center_axis',(0.,0.,-1.));
#5692=DIRECTION('ref_axis',(-0.635194989087865,-0.772351814808295,0.));
#5693=DIRECTION('',(-0.449150684159749,-0.546135205712682,-0.707106781186545));
#5694=DIRECTION('center_axis',(-1.22464679914735E-16,0.,1.));
#5695=DIRECTION('ref_axis',(-0.635194989087865,-0.772351814808295,-7.7788951022089E-17));
#5696=DIRECTION('center_axis',(0.449150684159595,0.546135205712805,-0.707106781186548));
#5697=DIRECTION('ref_axis',(-0.844108005961765,4.16333634234434E-16,-0.536173175635684));
#5698=DIRECTION('',(-0.449150684159592,-0.546135205712807,-0.707106781186548));
#5699=DIRECTION('',(0.772351814808469,-0.635194989087653,9.45858177820841E-17));
#5700=DIRECTION('center_axis',(0.,0.,1.));
#5701=DIRECTION('ref_axis',(0.804268990746053,-0.594265420939437,0.));
#5702=DIRECTION('',(-0.568704057254594,0.420209108970954,-0.707106781186548));
#5703=DIRECTION('center_axis',(1.22464679914735E-16,0.,-1.));
#5704=DIRECTION('ref_axis',(0.804268990746053,-0.594265420939437,9.84945445170623E-17));
#5705=DIRECTION('center_axis',(0.568704057253988,-0.420209108971775,-0.707106781186547));
#5706=DIRECTION('ref_axis',(-0.779243451466821,5.55111512312578E-17,-0.626721344256023));
#5707=DIRECTION('',(-0.568704057253988,0.420209108971774,-0.707106781186548));
#5708=DIRECTION('',(-0.594265420940598,-0.804268990745195,-7.27765245598857E-17));
#5709=DIRECTION('center_axis',(0.,0.,1.));
#5710=DIRECTION('ref_axis',(3.01092484278505E-13,-1.,0.));
#5711=DIRECTION('',(-2.07252204546258E-13,0.707106781186548,-0.707106781186547));
#5712=DIRECTION('center_axis',(1.22464679914735E-16,0.,-1.));
#5713=DIRECTION('ref_axis',(3.01092484278505E-13,-1.,3.68731947118995E-29));
#5714=DIRECTION('center_axis',(-4.06638389183996E-12,-0.707106781186547,
-0.707106781186548));
#5715=DIRECTION('ref_axis',(-1.,-1.61558713389263E-27,5.75073524965556E-12));
#5716=DIRECTION('',(-1.,5.75085771433548E-12,-1.22464679914735E-16));
#5717=DIRECTION('center_axis',(4.06655708305122E-12,-0.707106781186549,
-0.707106781186546));
#5718=DIRECTION('ref_axis',(-1.,-4.03896783473158E-28,-5.75098017901542E-12));
#5719=DIRECTION('',(-4.06967965290835E-12,0.707106781186546,-0.707106781186549));
#5720=DIRECTION('',(-1.,-5.75085771433548E-12,-1.22464679914735E-16));
#5721=DIRECTION('center_axis',(0.,0.,1.));
#5722=DIRECTION('ref_axis',(-3.01092484278505E-13,-1.,0.));
#5723=DIRECTION('',(0.568704057254509,0.420209108971077,-0.707106781186543));
#5724=DIRECTION('center_axis',(1.22464679914735E-16,0.,-1.));
#5725=DIRECTION('ref_axis',(-3.01092484278505E-13,-1.,-3.68731947118995E-29));
#5726=DIRECTION('center_axis',(-0.568704057253991,-0.420209108971775,-0.707106781186545));
#5727=DIRECTION('ref_axis',(-0.779243451466818,-1.66533453693774E-16,0.626721344256026));
#5728=DIRECTION('',(0.568704057253986,0.420209108971775,-0.707106781186549));
#5729=DIRECTION('',(-0.594265420940596,0.804268990745196,-7.27765245598855E-17));
#5730=DIRECTION('center_axis',(0.,0.,1.));
#5731=DIRECTION('ref_axis',(-0.804268990746053,-0.594265420939437,0.));
#5732=DIRECTION('',(0.44915068415935,-0.546135205713005,-0.707106781186548));
#5733=DIRECTION('center_axis',(1.22464679914735E-16,0.,-1.));
#5734=DIRECTION('ref_axis',(-0.804268990746053,-0.594265420939437,-9.84945445170623E-17));
#5735=DIRECTION('center_axis',(-0.449150684159591,0.546135205712801,-0.707106781186553));
#5736=DIRECTION('ref_axis',(-0.844108005961768,2.22044604925031E-16,0.536173175635678));
#5737=DIRECTION('',(0.449150684159598,-0.546135205712808,-0.707106781186543));
#5738=DIRECTION('',(0.772351814808469,0.635194989087653,9.45858177820841E-17));
#5739=DIRECTION('center_axis',(0.,0.,-1.));
#5740=DIRECTION('ref_axis',(0.635194989087866,-0.772351814808294,0.));
#5741=DIRECTION('',(0.707106781186547,1.43859721526901E-13,-0.707106781186548));
#5742=DIRECTION('center_axis',(-1.22464679914735E-16,0.,1.));
#5743=DIRECTION('ref_axis',(0.635194989087867,-0.772351814808294,7.77889510220892E-17));
#5744=DIRECTION('center_axis',(-0.707106781186549,0.,-0.707106781186546));
#5745=DIRECTION('ref_axis',(-0.707106781186546,0.,0.707106781186549));
#5746=DIRECTION('',(0.707106781186546,0.,-0.707106781186549));
#5747=DIRECTION('',(0.,1.,0.));
#5748=DIRECTION('center_axis',(0.,0.,-1.));
#5749=DIRECTION('ref_axis',(1.,5.59746693440253E-13,0.));
#5750=DIRECTION('',(0.449150684159314,0.546135205713033,-0.70710678118655));
#5751=DIRECTION('center_axis',(-1.22464679914735E-16,0.,1.));
#5752=DIRECTION('ref_axis',(1.,5.59746693440253E-13,1.22464679914735E-16));
#5753=DIRECTION('center_axis',(-0.449150684159578,-0.546135205712822,-0.707106781186545));
#5754=DIRECTION('ref_axis',(-0.844108005961773,5.55111512312578E-17,0.536173175635671));
#5755=DIRECTION('',(0.449150684159568,0.546135205712818,-0.707106781186555));
#5756=DIRECTION('',(-0.77235181480849,0.635194989087628,-9.45858177820867E-17));
#5757=DIRECTION('center_axis',(0.,0.,1.));
#5758=DIRECTION('ref_axis',(-0.635194989088131,-0.772351814808077,0.));
#5759=DIRECTION('',(0.568704057254157,-0.420209108971552,-0.707106781186544));
#5760=DIRECTION('center_axis',(1.22464679914735E-16,0.,-1.));
#5761=DIRECTION('ref_axis',(-0.635194989088131,-0.772351814808077,-7.77889510221215E-17));
#5762=DIRECTION('center_axis',(-0.568704057254824,0.420209108970642,-0.707106781186548));
#5763=DIRECTION('ref_axis',(-0.779243451466372,1.66533453693774E-16,0.626721344256582));
#5764=DIRECTION('',(0.568704057254825,-0.420209108970643,-0.707106781186547));
#5765=DIRECTION('',(0.594265420938996,0.804268990746378,7.27765245596896E-17));
#5766=DIRECTION('center_axis',(0.,0.,1.));
#5767=DIRECTION('ref_axis',(-0.804268990745705,0.594265420939907,0.));
#5768=DIRECTION('',(-5.02429586778808E-14,-0.707106781186548,-0.707106781186547));
#5769=DIRECTION('center_axis',(1.22464679914735E-16,0.,-1.));
#5770=DIRECTION('ref_axis',(-0.804268990745705,0.594265420939907,-9.84945445170197E-17));
#5771=DIRECTION('center_axis',(8.65956056235494E-17,0.707106781186547,-0.707106781186548));
#5772=DIRECTION('ref_axis',(-1.,1.72563323017096E-31,-1.22464679914735E-16));
#5773=DIRECTION('',(0.,-0.707106781186548,-0.707106781186547));
#5774=DIRECTION('',(1.,0.,1.22464679914735E-16));
#5775=DIRECTION('center_axis',(0.,0.,-1.));
#5776=DIRECTION('ref_axis',(-3.06421554796409E-13,-1.,0.));
#5777=DIRECTION('',(0.499999999999909,-0.500000000000094,-0.707106781186545));
#5778=DIRECTION('center_axis',(-1.22464679914735E-16,0.,1.));
#5779=DIRECTION('ref_axis',(-3.06421554796409E-13,-1.,-3.75258176271177E-29));
#5780=DIRECTION('center_axis',(-0.500000000000454,0.499999999999548,-0.707106781186546));
#5781=DIRECTION('ref_axis',(-0.816496580927478,5.55111512312579E-17,0.577350269189976));
#5782=DIRECTION('',(0.500000000000453,-0.499999999999543,-0.70710678118655));
#5783=DIRECTION('',(0.707106781185907,0.707106781187188,8.65956056234709E-17));
#5784=DIRECTION('center_axis',(0.,0.,-1.));
#5785=DIRECTION('ref_axis',(0.70710678118667,-0.707106781186425,0.));
#5786=DIRECTION('',(0.707106781186546,5.6523328512616E-14,-0.707106781186549));
#5787=DIRECTION('center_axis',(-1.22464679914735E-16,0.,1.));
#5788=DIRECTION('ref_axis',(0.70710678118667,-0.707106781186425,8.65956056235641E-17));
#5789=DIRECTION('center_axis',(-0.707106781186549,0.,-0.707106781186546));
#5790=DIRECTION('ref_axis',(-0.707106781186546,0.,0.707106781186549));
#5791=DIRECTION('',(0.707106781186546,0.,-0.707106781186549));
#5792=DIRECTION('',(0.,1.,0.));
#5793=DIRECTION('center_axis',(0.,0.,-1.));
#5794=DIRECTION('ref_axis',(1.,-3.01980662698044E-13,0.));
#5795=DIRECTION('',(0.500000000000086,0.499999999999916,-0.707106781186546));
#5796=DIRECTION('center_axis',(-1.22464679914735E-16,0.,1.));
#5797=DIRECTION('ref_axis',(1.,-3.01980662698044E-13,1.22464679914735E-16));
#5798=DIRECTION('center_axis',(-0.49999999999985,-0.50000000000015,-0.707106781186547));
#5799=DIRECTION('ref_axis',(-0.816496580927807,-3.05311331771918E-16,0.577350269189511));
#5800=DIRECTION('',(0.499999999999849,0.50000000000015,-0.707106781186548));
#5801=DIRECTION('',(-0.70710678118676,0.707106781186336,-8.65956056235752E-17));
#5802=DIRECTION('center_axis',(0.,0.,1.));
#5803=DIRECTION('ref_axis',(-0.707106781186635,-0.707106781186461,0.));
#5804=DIRECTION('',(0.707106781186546,-3.76822190084107E-14,-0.707106781186549));
#5805=DIRECTION('center_axis',(1.22464679914735E-16,0.,-1.));
#5806=DIRECTION('ref_axis',(-0.707106781186635,-0.70710678118646,-8.65956056235598E-17));
#5807=DIRECTION('center_axis',(-0.707106781186549,0.,-0.707106781186546));
#5808=DIRECTION('ref_axis',(-0.707106781186546,0.,0.707106781186549));
#5809=DIRECTION('',(0.707106781186546,0.,-0.707106781186549));
#5810=DIRECTION('',(0.,1.,0.));
#5811=DIRECTION('center_axis',(0.,0.,1.));
#5812=DIRECTION('ref_axis',(-1.,-3.55271367880075E-14,0.));
#5813=DIRECTION('',(0.500000000000073,-0.499999999999929,-0.707106781186546));
#5814=DIRECTION('center_axis',(1.22464679914735E-16,0.,-1.));
#5815=DIRECTION('ref_axis',(-1.,-3.55271367880075E-14,-1.22464679914735E-16));
#5816=DIRECTION('center_axis',(-0.499999999999299,0.500000000000705,-0.707106781186545));
#5817=DIRECTION('ref_axis',(-0.816496580928107,3.60822483003176E-16,0.577350269189088));
#5818=DIRECTION('',(0.499999999999298,-0.500000000000698,-0.70710678118655));
#5819=DIRECTION('',(0.707106781187541,0.707106781185554,8.6595605623671E-17));
#5820=DIRECTION('center_axis',(0.,0.,-1.));
#5821=DIRECTION('ref_axis',(0.707106781184824,-0.707106781188271,0.));
#5822=DIRECTION('',(0.707106781186546,-6.53158462812452E-13,-0.707106781186549));
#5823=DIRECTION('center_axis',(-1.22464679914735E-16,0.,1.));
#5824=DIRECTION('ref_axis',(0.707106781184825,-0.707106781188271,8.65956056233381E-17));
#5825=DIRECTION('center_axis',(-0.707106781186549,0.,-0.707106781186546));
#5826=DIRECTION('ref_axis',(-0.707106781186546,0.,0.707106781186549));
#5827=DIRECTION('',(0.707106781186546,0.,-0.707106781186549));
#5828=DIRECTION('',(0.,1.,0.));
#5829=DIRECTION('center_axis',(-1.22464679914735E-16,0.,1.));
#5830=DIRECTION('ref_axis',(1.,1.77635683940026E-14,1.22464679914735E-16));
#5831=DIRECTION('center_axis',(1.22464679914735E-16,0.,-1.));
#5832=DIRECTION('ref_axis',(1.,1.77635683940026E-14,1.22464679914735E-16));
#5833=DIRECTION('center_axis',(-0.223603398506614,0.670821526321491,-0.707106781186546));
#5834=DIRECTION('ref_axis',(-0.953463906913072,4.16333634234434E-16,0.301507177715656));
#5835=DIRECTION('',(0.953463906721116,-7.03848508899105E-10,-0.301507178322685));
#5836=DIRECTION('',(-0.223603398506609,0.670821526321489,0.707106781186549));
#5837=DIRECTION('',(0.94868490045567,0.31622295876077,1.16180392674246E-16));
#5838=DIRECTION('center_axis',(0.223603398506614,-0.670821526321491,0.707106781186546));
#5839=DIRECTION('ref_axis',(0.223603398506614,-0.670821526321488,-0.707106781186549));
#5840=DIRECTION('center_axis',(-1.22464679914735E-16,0.,1.));
#5841=DIRECTION('ref_axis',(-1.,1.77635683940026E-14,-1.22464679914735E-16));
#5842=DIRECTION('center_axis',(1.22464679914735E-16,0.,-1.));
#5843=DIRECTION('ref_axis',(-1.,1.77635683940026E-14,-1.22464679914735E-16));
#5844=DIRECTION('center_axis',(1.22464679914735E-16,0.,-1.));
#5845=DIRECTION('ref_axis',(0.895806692426874,-0.444443888250502,1.09704679853535E-16));
#5846=DIRECTION('',(1.22464679914735E-16,0.,-1.));
#5847=DIRECTION('',(1.22464679914735E-16,0.,-1.));
#5848=DIRECTION('center_axis',(-7.38201523872658E-10,1.,-9.04036133336349E-26));
#5849=DIRECTION('ref_axis',(1.,7.38201523872658E-10,1.22464679914735E-16));
#5850=DIRECTION('center_axis',(7.38201523872658E-10,1.,9.04036133336349E-26));
#5851=DIRECTION('ref_axis',(1.,-7.38201523872658E-10,1.22464679914735E-16));
#5852=DIRECTION('',(1.22464679914735E-16,0.,-1.));
#5853=DIRECTION('',(1.22464679914735E-16,0.,-1.));
#5854=DIRECTION('center_axis',(1.,0.,1.22464679914735E-16));
#5855=DIRECTION('ref_axis',(0.,-1.,0.));
#5856=DIRECTION('',(1.22464679914735E-16,0.,-1.));
#5857=DIRECTION('',(1.22464679914735E-16,0.,-1.));
#5858=DIRECTION('center_axis',(1.22464679914735E-16,0.,-1.));
#5859=DIRECTION('ref_axis',(-1.,0.,-1.22464679914735E-16));
#5860=DIRECTION('',(1.22464679914735E-16,0.,-1.));
#5861=DIRECTION('center_axis',(-0.758675354289645,-0.651468883979489,-9.29109344222798E-17));
#5862=DIRECTION('ref_axis',(-0.651468883979489,0.758675354289645,-7.9781928350958E-17));
#5863=DIRECTION('',(1.22464679914735E-16,0.,-1.));
#5864=DIRECTION('center_axis',(1.22464679914735E-16,0.,-1.));
#5865=DIRECTION('ref_axis',(0.758675354289474,0.651468883979689,9.29109344222586E-17));
#5866=DIRECTION('',(1.22464679914735E-16,0.,-1.));
#5867=DIRECTION('center_axis',(-1.,0.,-1.22464679914735E-16));
#5868=DIRECTION('ref_axis',(0.,1.,0.));
#5869=DIRECTION('',(1.22464679914735E-16,0.,-1.));
#5870=DIRECTION('center_axis',(1.22464679914735E-16,0.,-1.));
#5871=DIRECTION('ref_axis',(1.,0.,1.22464679914735E-16));
#5872=DIRECTION('',(1.22464679914735E-16,0.,-1.));
#5873=DIRECTION('center_axis',(-0.758675354289134,0.651468883980085,-9.29109344222172E-17));
#5874=DIRECTION('ref_axis',(0.651468883980085,0.758675354289134,7.97819283510309E-17));
#5875=DIRECTION('',(1.22464679914735E-16,0.,-1.));
#5876=DIRECTION('center_axis',(1.22464679914735E-16,0.,-1.));
#5877=DIRECTION('ref_axis',(0.758675354288957,-0.651468883980291,9.29109344221953E-17));
#5878=DIRECTION('',(1.22464679914735E-16,0.,-1.));
#5879=DIRECTION('center_axis',(0.707106781186511,0.707106781186584,8.65956056235449E-17));
#5880=DIRECTION('ref_axis',(0.707106781186584,-0.707106781186511,8.65956056235538E-17));
#5881=DIRECTION('',(1.22464679914735E-16,0.,-1.));
#5882=DIRECTION('center_axis',(1.22464679914735E-16,0.,-1.));
#5883=DIRECTION('ref_axis',(-0.7071067811867,-0.707106781186395,-8.65956056235678E-17));
#5884=DIRECTION('',(1.22464679914735E-16,0.,-1.));
#5885=DIRECTION('center_axis',(1.,0.,1.22464679914735E-16));
#5886=DIRECTION('ref_axis',(0.,-1.,0.));
#5887=DIRECTION('',(1.22464679914735E-16,0.,-1.));
#5888=DIRECTION('center_axis',(1.22464679914735E-16,0.,-1.));
#5889=DIRECTION('ref_axis',(-1.,0.,-1.22464679914735E-16));
#5890=DIRECTION('',(1.22464679914735E-16,0.,-1.));
#5891=DIRECTION('center_axis',(0.758675354289202,-0.651468883980005,9.29109344222256E-17));
#5892=DIRECTION('ref_axis',(-0.651468883980005,-0.758675354289202,-7.97819283510212E-17));
#5893=DIRECTION('',(1.22464679914735E-16,0.,-1.));
#5894=DIRECTION('center_axis',(1.22464679914735E-16,0.,-1.));
#5895=DIRECTION('ref_axis',(1.,0.,1.22464679914735E-16));
#5896=DIRECTION('center_axis',(1.22464679914735E-16,0.,-1.));
#5897=DIRECTION('ref_axis',(0.758675354289298,0.651468883979894,9.2910934422237E-17));
#5898=DIRECTION('',(1.22464679914735E-16,0.,-1.));
#5899=DIRECTION('',(1.22464679914735E-16,0.,-1.));
#5900=DIRECTION('center_axis',(-1.,0.,-1.22464679914735E-16));
#5901=DIRECTION('ref_axis',(0.,1.,0.));
#5902=DIRECTION('',(1.22464679914735E-16,0.,-1.));
#5903=DIRECTION('center_axis',(1.22464679914735E-16,0.,-1.));
#5904=DIRECTION('ref_axis',(1.,0.,1.22464679914735E-16));
#5905=DIRECTION('',(1.22464679914735E-16,0.,-1.));
#5906=DIRECTION('center_axis',(-0.707106781186511,0.707106781186584,-8.65956056235448E-17));
#5907=DIRECTION('ref_axis',(0.707106781186584,0.707106781186511,8.65956056235538E-17));
#5908=DIRECTION('',(1.22464679914735E-16,0.,-1.));
#5909=DIRECTION('center_axis',(1.22464679914735E-16,0.,-1.));
#5910=DIRECTION('ref_axis',(0.70710678118558,-0.707106781187515,8.65956056234306E-17));
#5911=DIRECTION('',(1.22464679914735E-16,0.,-1.));
#5912=DIRECTION('center_axis',(0.758675354289135,0.651468883980084,9.29109344222173E-17));
#5913=DIRECTION('ref_axis',(0.651468883980084,-0.758675354289135,7.97819283510308E-17));
#5914=DIRECTION('',(1.22464679914735E-16,0.,-1.));
#5915=DIRECTION('center_axis',(1.22464679914735E-16,0.,-1.));
#5916=DIRECTION('ref_axis',(-0.758675354289137,-0.651468883980082,-9.29109344222173E-17));
#5917=DIRECTION('',(1.22464679914735E-16,0.,-1.));
#5918=DIRECTION('center_axis',(1.,0.,1.22464679914735E-16));
#5919=DIRECTION('ref_axis',(0.,-1.,0.));
#5920=DIRECTION('',(1.22464679914735E-16,0.,-1.));
#5921=DIRECTION('center_axis',(1.22464679914735E-16,0.,-1.));
#5922=DIRECTION('ref_axis',(-1.,0.,-1.22464679914735E-16));
#5923=DIRECTION('',(1.22464679914735E-16,0.,-1.));
#5924=DIRECTION('center_axis',(0.758675354289645,-0.651468883979489,9.29109344222798E-17));
#5925=DIRECTION('ref_axis',(-0.651468883979489,-0.758675354289645,-7.9781928350958E-17));
#5926=DIRECTION('',(1.22464679914735E-16,0.,-1.));
#5927=DIRECTION('center_axis',(1.22464679914735E-16,0.,-1.));
#5928=DIRECTION('ref_axis',(-0.758675354289791,0.65146888397932,-9.29109344222974E-17));
#5929=DIRECTION('',(1.22464679914735E-16,0.,-1.));
#5930=DIRECTION('center_axis',(-1.,0.,-1.22464679914735E-16));
#5931=DIRECTION('ref_axis',(0.,1.,0.));
#5932=DIRECTION('',(1.22464679914735E-16,0.,-1.));
#5933=DIRECTION('center_axis',(1.22464679914735E-16,0.,-1.));
#5934=DIRECTION('ref_axis',(-0.758675354288967,-0.651468883980279,-9.29109344221965E-17));
#5935=DIRECTION('',(1.22464679914735E-16,0.,-1.));
#5936=DIRECTION('center_axis',(-0.758675354289203,-0.651468883980004,-9.29109344222257E-17));
#5937=DIRECTION('ref_axis',(-0.651468883980004,0.758675354289203,-7.9781928351021E-17));
#5938=DIRECTION('center_axis',(1.22464679914735E-16,0.,-1.));
#5939=DIRECTION('ref_axis',(0.758675354289248,-0.651468883979952,9.29109344222309E-17));
#5940=DIRECTION('',(1.22464679914735E-16,0.,-1.));
#5941=DIRECTION('',(1.22464679914735E-16,0.,-1.));
#5942=DIRECTION('center_axis',(0.758675354288824,0.651468883980445,9.29109344221793E-17));
#5943=DIRECTION('ref_axis',(0.651468883980445,-0.758675354288824,7.97819283510751E-17));
#5944=DIRECTION('',(1.22464679914735E-16,0.,-1.));
#5945=DIRECTION('center_axis',(1.22464679914735E-16,0.,-1.));
#5946=DIRECTION('ref_axis',(-0.758675354289022,-0.651468883980216,-9.29109344222032E-17));
#5947=DIRECTION('',(1.22464679914735E-16,0.,-1.));
#5948=DIRECTION('center_axis',(1.,-4.20169807159139E-16,1.22464679914735E-16));
#5949=DIRECTION('ref_axis',(-4.20169807159139E-16,-1.,-5.145596094358E-32));
#5950=DIRECTION('',(1.22464679914735E-16,0.,-1.));
#5951=DIRECTION('center_axis',(1.22464679914735E-16,0.,-1.));
#5952=DIRECTION('ref_axis',(-1.,0.,-1.22464679914735E-16));
#5953=DIRECTION('',(1.22464679914735E-16,0.,-1.));
#5954=DIRECTION('center_axis',(0.388497036518915,-0.921449972931803,4.75771652251122E-17));
#5955=DIRECTION('ref_axis',(-0.921449972931803,-0.388497036518915,-1.12845075992535E-16));
#5956=DIRECTION('',(1.22464679914735E-16,0.,-1.));
#5957=DIRECTION('center_axis',(1.22464679914735E-16,0.,-1.));
#5958=DIRECTION('ref_axis',(-0.388497036518095,0.921449972932149,-4.75771652250116E-17));
#5959=DIRECTION('',(1.22464679914735E-16,0.,-1.));
#5960=DIRECTION('center_axis',(7.28602929017613E-14,-1.,8.92281244870806E-30));
#5961=DIRECTION('ref_axis',(-1.,-7.28602929017613E-14,-1.22464679914735E-16));
#5962=DIRECTION('',(1.22464679914735E-16,0.,-1.));
#5963=DIRECTION('center_axis',(1.22464679914735E-16,0.,-1.));
#5964=DIRECTION('ref_axis',(0.,1.,0.));
#5965=DIRECTION('',(1.22464679914735E-16,0.,-1.));
#5966=DIRECTION('center_axis',(-0.388497036518915,-0.921449972931803,-4.75771652251122E-17));
#5967=DIRECTION('ref_axis',(-0.921449972931803,0.388497036518915,-1.12845075992535E-16));
#5968=DIRECTION('',(1.22464679914735E-16,0.,-1.));
#5969=DIRECTION('center_axis',(1.22464679914735E-16,0.,-1.));
#5970=DIRECTION('ref_axis',(0.388497036518098,0.921449972932148,4.7577165225012E-17));
#5971=DIRECTION('',(1.22464679914735E-16,0.,-1.));
#5972=DIRECTION('center_axis',(-1.,0.,-1.22464679914735E-16));
#5973=DIRECTION('ref_axis',(0.,1.,0.));
#5974=DIRECTION('',(1.22464679914735E-16,0.,-1.));
#5975=DIRECTION('center_axis',(1.22464679914735E-16,0.,-1.));
#5976=DIRECTION('ref_axis',(1.,0.,1.22464679914735E-16));
#5977=DIRECTION('',(1.22464679914735E-16,0.,-1.));
#5978=DIRECTION('center_axis',(-0.758675354288824,0.651468883980445,-9.29109344221793E-17));
#5979=DIRECTION('ref_axis',(0.651468883980445,0.758675354288824,7.97819283510751E-17));
#5980=DIRECTION('center_axis',(1.22464679914735E-16,0.,-1.));
#5981=DIRECTION('ref_axis',(0.636644847818383,-0.771157142057511,7.79665075074435E-17));
#5982=DIRECTION('',(1.22464679914735E-16,0.,-1.));
#5983=DIRECTION('',(1.22464679914735E-16,0.,-1.));
#5984=DIRECTION('center_axis',(0.636644847818128,0.771157142057721,7.79665075074125E-17));
#5985=DIRECTION('ref_axis',(0.771157142057721,-0.636644847818128,9.44395125660609E-17));
#5986=DIRECTION('',(1.22464679914735E-16,0.,-1.));
#5987=DIRECTION('center_axis',(1.22464679914735E-16,0.,-1.));
#5988=DIRECTION('ref_axis',(-0.636644847818714,-0.771157142057237,-7.7966507507484E-17));
#5989=DIRECTION('',(1.22464679914735E-16,0.,-1.));
#5990=DIRECTION('center_axis',(0.873793374947475,-0.486297375993231,1.07008825974559E-16));
#5991=DIRECTION('ref_axis',(-0.486297375993231,-0.873793374947475,-5.95542524943867E-17));
#5992=DIRECTION('',(1.22464679914735E-16,0.,-1.));
#5993=DIRECTION('center_axis',(1.22464679914735E-16,0.,-1.));
#5994=DIRECTION('ref_axis',(-0.87379337494745,0.486297375993276,-1.07008825974555E-16));
#5995=DIRECTION('',(1.22464679914735E-16,0.,-1.));
#5996=DIRECTION('center_axis',(-0.873793374947493,-0.486297375993198,-1.07008825974561E-16));
#5997=DIRECTION('ref_axis',(-0.486297375993198,0.873793374947493,-5.95542524943826E-17));
#5998=DIRECTION('',(1.22464679914735E-16,0.,-1.));
#5999=DIRECTION('center_axis',(1.22464679914735E-16,0.,-1.));
#6000=DIRECTION('ref_axis',(0.873793374947833,0.486297375992587,1.07008825974602E-16));
#6001=DIRECTION('',(1.22464679914735E-16,0.,-1.));
#6002=DIRECTION('center_axis',(-0.636644847818094,0.771157142057749,-7.79665075074083E-17));
#6003=DIRECTION('ref_axis',(0.771157142057749,0.636644847818094,9.44395125660643E-17));
#6004=DIRECTION('center_axis',(0.,1.,0.));
#6005=DIRECTION('ref_axis',(1.,0.,1.22464679914735E-16));
#6006=DIRECTION('',(1.22464679914735E-16,0.,-1.));
#6007=DIRECTION('',(1.22464679914735E-16,0.,-1.));
#6008=DIRECTION('center_axis',(1.22464679914735E-16,0.,-1.));
#6009=DIRECTION('ref_axis',(2.77555756156418E-15,1.,3.3990776836188E-31));
#6010=DIRECTION('',(1.22464679914735E-16,0.,-1.));
#6011=DIRECTION('center_axis',(1.,-4.59405306615152E-15,1.22464679914735E-16));
#6012=DIRECTION('ref_axis',(-4.59405306615152E-15,-1.,-5.62609238257555E-31));
#6013=DIRECTION('',(1.22464679914735E-16,0.,-1.));
#6014=DIRECTION('center_axis',(1.22464679914735E-16,0.,-1.));
#6015=DIRECTION('ref_axis',(-8.32667268469264E-15,1.,-1.01972330508565E-30));
#6016=DIRECTION('',(1.22464679914735E-16,0.,-1.));
#6017=DIRECTION('center_axis',(0.,-1.,0.));
#6018=DIRECTION('ref_axis',(-1.,0.,-1.22464679914735E-16));
#6019=DIRECTION('',(1.22464679914735E-16,0.,-1.));
#6020=DIRECTION('center_axis',(1.22464679914735E-16,0.,-1.));
#6021=DIRECTION('ref_axis',(1.,-2.35822929901104E-8,1.22464679914735E-16));
#6022=DIRECTION('',(1.22464679914735E-16,0.,-1.));
#6023=DIRECTION('center_axis',(-1.,1.25455932481487E-12,-1.22464679914735E-16));
#6024=DIRECTION('ref_axis',(1.25455932481487E-12,1.,1.536392061475E-28));
#6025=DIRECTION('',(1.22464679914735E-16,0.,-1.));
#6026=DIRECTION('center_axis',(1.22464679914735E-16,0.,-1.));
#6027=DIRECTION('ref_axis',(1.,2.2351744361448E-8,1.22464679914735E-16));
#6028=DIRECTION('center_axis',(0.,-1.,0.));
#6029=DIRECTION('ref_axis',(-1.,0.,-1.22464679914735E-16));
#6030=DIRECTION('',(1.22464679914735E-16,0.,-1.));
#6031=DIRECTION('',(1.22464679914735E-16,0.,-1.));
#6032=DIRECTION('center_axis',(1.22464679914735E-16,0.,-1.));
#6033=DIRECTION('ref_axis',(1.,-2.29670172153364E-8,1.22464679914735E-16));
#6034=DIRECTION('',(1.22464679914735E-16,0.,-1.));
#6035=DIRECTION('center_axis',(-1.,1.25379364930385E-12,-1.22464679914735E-16));
#6036=DIRECTION('ref_axis',(1.25379364930385E-12,1.,1.53545437941124E-28));
#6037=DIRECTION('',(1.22464679914735E-16,0.,-1.));
#6038=DIRECTION('center_axis',(1.22464679914735E-16,0.,-1.));
#6039=DIRECTION('ref_axis',(1.,2.29692928182641E-8,1.22464679914735E-16));
#6040=DIRECTION('',(1.22464679914735E-16,0.,-1.));
#6041=DIRECTION('center_axis',(0.,1.,0.));
#6042=DIRECTION('ref_axis',(1.,0.,1.22464679914735E-16));
#6043=DIRECTION('',(1.22464679914735E-16,0.,-1.));
#6044=DIRECTION('center_axis',(1.22464679914735E-16,0.,-1.));
#6045=DIRECTION('ref_axis',(0.,1.,0.));
#6046=DIRECTION('',(1.22464679914735E-16,0.,-1.));
#6047=DIRECTION('center_axis',(1.,0.,1.22464679914735E-16));
#6048=DIRECTION('ref_axis',(0.,-1.,0.));
#6049=DIRECTION('',(1.22464679914735E-16,0.,-1.));
#6050=DIRECTION('center_axis',(1.22464679914735E-16,0.,-1.));
#6051=DIRECTION('ref_axis',(-5.55111512312843E-15,1.,-6.79815536723768E-31));
#6052=DIRECTION('center_axis',(1.22464679914735E-16,0.,-1.));
#6053=DIRECTION('ref_axis',(-2.77555756156418E-15,1.,-3.3990776836188E-31));
#6054=DIRECTION('',(1.22464679914735E-16,0.,-1.));
#6055=DIRECTION('',(1.22464679914735E-16,0.,-1.));
#6056=DIRECTION('center_axis',(0.,1.,0.));
#6057=DIRECTION('ref_axis',(1.,0.,1.22464679914735E-16));
#6058=DIRECTION('',(1.22464679914735E-16,0.,-1.));
#6059=DIRECTION('center_axis',(1.22464679914735E-16,0.,-1.));
#6060=DIRECTION('ref_axis',(-1.,2.23517481133215E-8,-1.22464679914735E-16));
#6061=DIRECTION('',(1.22464679914735E-16,0.,-1.));
#6062=DIRECTION('center_axis',(1.,1.25455932481487E-12,1.22464679914735E-16));
#6063=DIRECTION('ref_axis',(1.25455932481487E-12,-1.,1.536392061475E-28));
#6064=DIRECTION('',(1.22464679914735E-16,0.,-1.));
#6065=DIRECTION('center_axis',(1.22464679914735E-16,0.,-1.));
#6066=DIRECTION('ref_axis',(-1.,-2.35822974538872E-8,-1.22464679914735E-16));
#6067=DIRECTION('',(1.22464679914735E-16,0.,-1.));
#6068=DIRECTION('center_axis',(0.,-1.,0.));
#6069=DIRECTION('ref_axis',(-1.,0.,-1.22464679914735E-16));
#6070=DIRECTION('',(1.22464679914735E-16,0.,-1.));
#6071=DIRECTION('center_axis',(1.22464679914735E-16,0.,-1.));
#6072=DIRECTION('ref_axis',(8.32667268469264E-15,1.,1.01972330508565E-30));
#6073=DIRECTION('',(1.22464679914735E-16,0.,-1.));
#6074=DIRECTION('center_axis',(-1.,-4.59405306615152E-15,-1.22464679914735E-16));
#6075=DIRECTION('ref_axis',(-4.59405306615152E-15,1.,-5.62609238257555E-31));
#6076=DIRECTION('center_axis',(0.,-1.,0.));
#6077=DIRECTION('ref_axis',(-1.,0.,-1.22464679914735E-16));
#6078=DIRECTION('',(1.22464679914735E-16,0.,-1.));
#6079=DIRECTION('',(1.22464679914735E-16,0.,-1.));
#6080=DIRECTION('center_axis',(1.22464679914735E-16,0.,-1.));
#6081=DIRECTION('ref_axis',(5.55111512312843E-15,1.,6.79815536723768E-31));
#6082=DIRECTION('',(1.22464679914735E-16,0.,-1.));
#6083=DIRECTION('center_axis',(-1.,-3.06270204410101E-15,-1.22464679914735E-16));
#6084=DIRECTION('ref_axis',(-3.06270204410101E-15,1.,-3.75072825505035E-31));
#6085=DIRECTION('',(1.22464679914735E-16,0.,-1.));
#6086=DIRECTION('center_axis',(1.22464679914735E-16,0.,-1.));
#6087=DIRECTION('ref_axis',(0.,1.,0.));
#6088=DIRECTION('',(1.22464679914735E-16,0.,-1.));
#6089=DIRECTION('center_axis',(0.,1.,0.));
#6090=DIRECTION('ref_axis',(1.,0.,1.22464679914735E-16));
#6091=DIRECTION('',(1.22464679914735E-16,0.,-1.));
#6092=DIRECTION('center_axis',(1.22464679914735E-16,0.,-1.));
#6093=DIRECTION('ref_axis',(-1.,2.2969286800175E-8,-1.22464679914735E-16));
#6094=DIRECTION('',(1.22464679914735E-16,0.,-1.));
#6095=DIRECTION('center_axis',(1.,1.25379364930385E-12,1.22464679914735E-16));
#6096=DIRECTION('ref_axis',(1.25379364930385E-12,-1.,1.53545437941124E-28));
#6097=DIRECTION('',(1.22464679914735E-16,0.,-1.));
#6098=DIRECTION('center_axis',(1.22464679914735E-16,0.,-1.));
#6099=DIRECTION('ref_axis',(-1.,-2.29670174602657E-8,-1.22464679914735E-16));
#6100=DIRECTION('center_axis',(1.22464679914735E-16,0.,-1.));
#6101=DIRECTION('ref_axis',(-1.,0.,-1.22464679914735E-16));
#6102=DIRECTION('',(1.22464679914735E-16,0.,-1.));
#6103=DIRECTION('center_axis',(1.22464679914735E-16,0.,-1.));
#6104=DIRECTION('ref_axis',(-1.,0.,-1.22464679914735E-16));
#6105=DIRECTION('',(1.22464679914735E-16,0.,-1.));
#6106=DIRECTION('center_axis',(1.22464679914735E-16,0.,-1.));
#6107=DIRECTION('ref_axis',(-1.,0.,-1.22464679914735E-16));
#6108=DIRECTION('',(1.22464679914735E-16,0.,-1.));
#6109=DIRECTION('center_axis',(1.22464679914735E-16,0.,-1.));
#6110=DIRECTION('ref_axis',(-1.,0.,-1.22464679914735E-16));
#6111=DIRECTION('',(1.22464679914735E-16,0.,-1.));
#6112=DIRECTION('center_axis',(1.22464679914735E-16,0.,-1.));
#6113=DIRECTION('ref_axis',(-1.,0.,-1.22464679914735E-16));
#6114=DIRECTION('',(1.22464679914735E-16,0.,-1.));
#6115=DIRECTION('center_axis',(1.22464679914735E-16,0.,-1.));
#6116=DIRECTION('ref_axis',(-1.,0.,-1.22464679914735E-16));
#6117=DIRECTION('',(1.22464679914735E-16,0.,-1.));
#6118=DIRECTION('center_axis',(1.22464679914735E-16,0.,-1.));
#6119=DIRECTION('ref_axis',(-1.,0.,-1.22464679914735E-16));
#6120=DIRECTION('',(1.22464679914735E-16,0.,-1.));
#6121=DIRECTION('center_axis',(1.22464679914735E-16,0.,-1.));
#6122=DIRECTION('ref_axis',(-1.,0.,-1.22464679914735E-16));
#6123=DIRECTION('',(1.22464679914735E-16,0.,-1.));
#6124=DIRECTION('center_axis',(1.22464679914735E-16,0.,-1.));
#6125=DIRECTION('ref_axis',(-1.,0.,-1.22464679914735E-16));
#6126=DIRECTION('',(1.22464679914735E-16,0.,-1.));
#6127=DIRECTION('center_axis',(1.22464679914735E-16,0.,-1.));
#6128=DIRECTION('ref_axis',(-1.,0.,-1.22464679914735E-16));
#6129=DIRECTION('',(1.22464679914735E-16,0.,-1.));
#6130=DIRECTION('center_axis',(1.22464679914735E-16,0.,-1.));
#6131=DIRECTION('ref_axis',(-1.,0.,-1.22464679914735E-16));
#6132=DIRECTION('',(1.22464679914735E-16,0.,-1.));
#6133=DIRECTION('center_axis',(1.22464679914735E-16,0.,-1.));
#6134=DIRECTION('ref_axis',(-1.,0.,-1.22464679914735E-16));
#6135=DIRECTION('',(1.22464679914735E-16,0.,-1.));
#6136=DIRECTION('center_axis',(-5.75085771433548E-12,-1.,-7.04276949221281E-28));
#6137=DIRECTION('ref_axis',(-1.,5.75085771433548E-12,-1.22464679914735E-16));
#6138=DIRECTION('',(1.22464679914735E-16,0.,-1.));
#6139=DIRECTION('center_axis',(1.22464679914735E-16,0.,-1.));
#6140=DIRECTION('ref_axis',(3.01092484278505E-13,-1.,3.68731947118995E-29));
#6141=DIRECTION('',(1.22464679914735E-16,0.,-1.));
#6142=DIRECTION('center_axis',(0.804268990745195,-0.594265420940598,9.84945445169575E-17));
#6143=DIRECTION('ref_axis',(-0.594265420940598,-0.804268990745195,-7.27765245598857E-17));
#6144=DIRECTION('',(1.22464679914735E-16,0.,-1.));
#6145=DIRECTION('center_axis',(1.22464679914735E-16,0.,-1.));
#6146=DIRECTION('ref_axis',(0.804268990746053,-0.594265420939437,9.84945445170623E-17));
#6147=DIRECTION('',(1.22464679914735E-16,0.,-1.));
#6148=DIRECTION('center_axis',(0.635194989087653,0.772351814808469,7.77889510220632E-17));
#6149=DIRECTION('ref_axis',(0.772351814808469,-0.635194989087653,9.45858177820841E-17));
#6150=DIRECTION('',(1.22464679914735E-16,0.,-1.));
#6151=DIRECTION('center_axis',(1.22464679914735E-16,0.,-1.));
#6152=DIRECTION('ref_axis',(-0.635194989087865,-0.772351814808295,-7.7788951022089E-17));
#6153=DIRECTION('',(1.22464679914735E-16,0.,-1.));
#6154=DIRECTION('center_axis',(1.,0.,1.22464679914735E-16));
#6155=DIRECTION('ref_axis',(0.,-1.,0.));
#6156=DIRECTION('',(1.22464679914735E-16,0.,-1.));
#6157=DIRECTION('center_axis',(1.22464679914735E-16,0.,-1.));
#6158=DIRECTION('ref_axis',(-1.,5.59746693440253E-13,-1.22464679914735E-16));
#6159=DIRECTION('',(1.22464679914735E-16,0.,-1.));
#6160=DIRECTION('center_axis',(0.635194989087628,-0.77235181480849,7.77889510220602E-17));
#6161=DIRECTION('ref_axis',(-0.77235181480849,-0.635194989087628,-9.45858177820867E-17));
#6162=DIRECTION('',(1.22464679914735E-16,0.,-1.));
#6163=DIRECTION('center_axis',(1.22464679914735E-16,0.,-1.));
#6164=DIRECTION('ref_axis',(0.635194989088131,-0.772351814808076,7.77889510221216E-17));
#6165=DIRECTION('',(1.22464679914735E-16,0.,-1.));
#6166=DIRECTION('center_axis',(0.804268990746378,0.594265420938996,9.84945445171024E-17));
#6167=DIRECTION('ref_axis',(0.594265420938996,-0.804268990746378,7.27765245596896E-17));
#6168=DIRECTION('',(1.22464679914735E-16,0.,-1.));
#6169=DIRECTION('center_axis',(1.22464679914735E-16,0.,-1.));
#6170=DIRECTION('ref_axis',(0.804268990745705,0.594265420939907,9.84945445170197E-17));
#6171=DIRECTION('',(1.22464679914735E-16,0.,-1.));
#6172=DIRECTION('center_axis',(0.,1.,0.));
#6173=DIRECTION('ref_axis',(1.,0.,1.22464679914735E-16));
#6174=DIRECTION('',(1.22464679914735E-16,0.,-1.));
#6175=DIRECTION('center_axis',(1.22464679914735E-16,0.,-1.));
#6176=DIRECTION('ref_axis',(3.06421554796409E-13,-1.,3.75258176271177E-29));
#6177=DIRECTION('',(1.22464679914735E-16,0.,-1.));
#6178=DIRECTION('center_axis',(0.707106781187188,0.707106781185907,8.65956056236278E-17));
#6179=DIRECTION('ref_axis',(0.707106781185907,-0.707106781187188,8.65956056234709E-17));
#6180=DIRECTION('',(1.22464679914735E-16,0.,-1.));
#6181=DIRECTION('center_axis',(1.22464679914735E-16,0.,-1.));
#6182=DIRECTION('ref_axis',(-0.707106781186674,-0.707106781186422,-8.65956056235646E-17));
#6183=DIRECTION('',(1.22464679914735E-16,0.,-1.));
#6184=DIRECTION('center_axis',(1.,2.41569231363788E-16,1.22464679914735E-16));
#6185=DIRECTION('ref_axis',(2.41569231363788E-16,-1.,2.95836985962149E-32));
#6186=DIRECTION('',(1.22464679914735E-16,0.,-1.));
#6187=DIRECTION('center_axis',(1.22464679914735E-16,0.,-1.));
#6188=DIRECTION('ref_axis',(-1.,-3.01980662698044E-13,-1.22464679914735E-16));
#6189=DIRECTION('',(1.22464679914735E-16,0.,-1.));
#6190=DIRECTION('center_axis',(0.707106781186336,-0.70710678118676,8.65956056235233E-17));
#6191=DIRECTION('ref_axis',(-0.70710678118676,-0.707106781186336,-8.65956056235752E-17));
#6192=DIRECTION('',(1.22464679914735E-16,0.,-1.));
#6193=DIRECTION('center_axis',(1.22464679914735E-16,0.,-1.));
#6194=DIRECTION('ref_axis',(0.707106781186635,-0.70710678118646,8.65956056235598E-17));
#6195=DIRECTION('',(1.22464679914735E-16,0.,-1.));
#6196=DIRECTION('center_axis',(1.,0.,1.22464679914735E-16));
#6197=DIRECTION('ref_axis',(0.,-1.,0.));
#6198=DIRECTION('',(1.22464679914735E-16,0.,-1.));
#6199=DIRECTION('center_axis',(1.22464679914735E-16,0.,-1.));
#6200=DIRECTION('ref_axis',(1.,-3.55271367880075E-14,1.22464679914735E-16));
#6201=DIRECTION('',(1.22464679914735E-16,0.,-1.));
#6202=DIRECTION('center_axis',(0.707106781185554,0.707106781187541,8.65956056234276E-17));
#6203=DIRECTION('ref_axis',(0.707106781187541,-0.707106781185554,8.6595605623671E-17));
#6204=DIRECTION('',(1.22464679914735E-16,0.,-1.));
#6205=DIRECTION('center_axis',(1.22464679914735E-16,0.,-1.));
#6206=DIRECTION('ref_axis',(-0.707106781184825,-0.707106781188271,-8.65956056233381E-17));
#6207=DIRECTION('',(1.22464679914735E-16,0.,-1.));
#6208=DIRECTION('center_axis',(1.,0.,1.22464679914735E-16));
#6209=DIRECTION('ref_axis',(0.,-1.,0.));
#6210=DIRECTION('',(1.22464679914735E-16,0.,-1.));
#6211=DIRECTION('center_axis',(1.22464679914735E-16,0.,-1.));
#6212=DIRECTION('ref_axis',(1.,1.77635683940025E-14,1.22464679914735E-16));
#6213=DIRECTION('',(1.22464679914735E-16,0.,-1.));
#6214=DIRECTION('center_axis',(0.31622295876077,0.94868490045567,3.87261434263282E-17));
#6215=DIRECTION('ref_axis',(0.94868490045567,-0.31622295876077,1.16180392674246E-16));
#6216=DIRECTION('center_axis',(-1.,-1.94186450541692E-9,-1.22464679914735E-16));
#6217=DIRECTION('ref_axis',(-1.94186450541692E-9,1.,-2.37809815093669E-25));
#6218=DIRECTION('',(1.22464679914735E-16,0.,-1.));
#6219=DIRECTION('center_axis',(1.22464679914735E-16,0.,-1.));
#6220=DIRECTION('ref_axis',(1.66533453693478E-14,-1.,2.03944661016671E-30));
#6221=DIRECTION('center_axis',(1.22464679914735E-16,0.,-1.));
#6222=DIRECTION('ref_axis',(-0.895806692426874,-0.444443888250502,-1.09704679853535E-16));
#6223=DIRECTION('',(1.22464679914735E-16,0.,-1.));
#6224=DIRECTION('center_axis',(-0.31622295876077,0.94868490045567,-3.87261434263282E-17));
#6225=DIRECTION('ref_axis',(0.94868490045567,0.31622295876077,1.16180392674246E-16));
#6226=DIRECTION('',(1.22464679914735E-16,0.,-1.));
#6227=DIRECTION('center_axis',(1.22464679914735E-16,0.,-1.));
#6228=DIRECTION('ref_axis',(-1.,1.77635683940025E-14,-1.22464679914735E-16));
#6229=DIRECTION('',(1.22464679914735E-16,0.,-1.));
#6230=DIRECTION('center_axis',(-1.,0.,-1.22464679914735E-16));
#6231=DIRECTION('ref_axis',(0.,1.,0.));
#6232=DIRECTION('',(1.22464679914735E-16,0.,-1.));
#6233=DIRECTION('center_axis',(1.22464679914735E-16,0.,-1.));
#6234=DIRECTION('ref_axis',(0.707106781184825,-0.707106781188271,8.65956056233381E-17));
#6235=DIRECTION('',(1.22464679914735E-16,0.,-1.));
#6236=DIRECTION('center_axis',(-0.707106781185554,0.707106781187541,-8.65956056234276E-17));
#6237=DIRECTION('ref_axis',(0.707106781187541,0.707106781185554,8.6595605623671E-17));
#6238=DIRECTION('',(1.22464679914735E-16,0.,-1.));
#6239=DIRECTION('center_axis',(1.22464679914735E-16,0.,-1.));
#6240=DIRECTION('ref_axis',(-1.,-3.55271367880075E-14,-1.22464679914735E-16));
#6241=DIRECTION('',(1.22464679914735E-16,0.,-1.));
#6242=DIRECTION('center_axis',(-1.,0.,-1.22464679914735E-16));
#6243=DIRECTION('ref_axis',(0.,1.,0.));
#6244=DIRECTION('',(1.22464679914735E-16,0.,-1.));
#6245=DIRECTION('center_axis',(1.22464679914735E-16,0.,-1.));
#6246=DIRECTION('ref_axis',(-0.707106781186635,-0.70710678118646,-8.65956056235598E-17));
#6247=DIRECTION('',(1.22464679914735E-16,0.,-1.));
#6248=DIRECTION('center_axis',(-0.707106781186336,-0.70710678118676,-8.65956056235233E-17));
#6249=DIRECTION('ref_axis',(-0.70710678118676,0.707106781186336,-8.65956056235752E-17));
#6250=DIRECTION('',(1.22464679914735E-16,0.,-1.));
#6251=DIRECTION('center_axis',(1.22464679914735E-16,0.,-1.));
#6252=DIRECTION('ref_axis',(1.,-3.01980662698044E-13,1.22464679914735E-16));
#6253=DIRECTION('',(1.22464679914735E-16,0.,-1.));
#6254=DIRECTION('center_axis',(-1.,0.,-1.22464679914735E-16));
#6255=DIRECTION('ref_axis',(0.,1.,0.));
#6256=DIRECTION('',(1.22464679914735E-16,0.,-1.));
#6257=DIRECTION('center_axis',(1.22464679914735E-16,0.,-1.));
#6258=DIRECTION('ref_axis',(0.70710678118667,-0.707106781186425,8.65956056235641E-17));
#6259=DIRECTION('',(1.22464679914735E-16,0.,-1.));
#6260=DIRECTION('center_axis',(-0.707106781187188,0.707106781185907,-8.65956056236278E-17));
#6261=DIRECTION('ref_axis',(0.707106781185907,0.707106781187188,8.65956056234709E-17));
#6262=DIRECTION('',(1.22464679914735E-16,0.,-1.));
#6263=DIRECTION('center_axis',(1.22464679914735E-16,0.,-1.));
#6264=DIRECTION('ref_axis',(-3.06421554796409E-13,-1.,-3.75258176271177E-29));
#6265=DIRECTION('',(1.22464679914735E-16,0.,-1.));
#6266=DIRECTION('center_axis',(0.,1.,0.));
#6267=DIRECTION('ref_axis',(1.,0.,1.22464679914735E-16));
#6268=DIRECTION('',(1.22464679914735E-16,0.,-1.));
#6269=DIRECTION('center_axis',(1.22464679914735E-16,0.,-1.));
#6270=DIRECTION('ref_axis',(-0.804268990745705,0.594265420939907,-9.84945445170197E-17));
#6271=DIRECTION('',(1.22464679914735E-16,0.,-1.));
#6272=DIRECTION('center_axis',(-0.804268990746378,0.594265420938996,-9.84945445171024E-17));
#6273=DIRECTION('ref_axis',(0.594265420938996,0.804268990746378,7.27765245596896E-17));
#6274=DIRECTION('',(1.22464679914735E-16,0.,-1.));
#6275=DIRECTION('center_axis',(1.22464679914735E-16,0.,-1.));
#6276=DIRECTION('ref_axis',(-0.63519498908813,-0.772351814808077,-7.77889510221214E-17));
#6277=DIRECTION('',(1.22464679914735E-16,0.,-1.));
#6278=DIRECTION('center_axis',(-0.635194989087628,-0.77235181480849,-7.77889510220602E-17));
#6279=DIRECTION('ref_axis',(-0.77235181480849,0.635194989087628,-9.45858177820867E-17));
#6280=DIRECTION('',(1.22464679914735E-16,0.,-1.));
#6281=DIRECTION('center_axis',(1.22464679914735E-16,0.,-1.));
#6282=DIRECTION('ref_axis',(1.,5.59746693440253E-13,1.22464679914735E-16));
#6283=DIRECTION('',(1.22464679914735E-16,0.,-1.));
#6284=DIRECTION('center_axis',(-1.,0.,-1.22464679914735E-16));
#6285=DIRECTION('ref_axis',(0.,1.,0.));
#6286=DIRECTION('',(1.22464679914735E-16,0.,-1.));
#6287=DIRECTION('center_axis',(1.22464679914735E-16,0.,-1.));
#6288=DIRECTION('ref_axis',(0.635194989087867,-0.772351814808294,7.77889510220892E-17));
#6289=DIRECTION('',(1.22464679914735E-16,0.,-1.));
#6290=DIRECTION('center_axis',(-0.635194989087653,0.772351814808469,-7.77889510220632E-17));
#6291=DIRECTION('ref_axis',(0.772351814808469,0.635194989087653,9.45858177820841E-17));
#6292=DIRECTION('',(1.22464679914735E-16,0.,-1.));
#6293=DIRECTION('center_axis',(1.22464679914735E-16,0.,-1.));
#6294=DIRECTION('ref_axis',(-0.804268990746053,-0.594265420939437,-9.84945445170623E-17));
#6295=DIRECTION('',(1.22464679914735E-16,0.,-1.));
#6296=DIRECTION('center_axis',(-0.804268990745196,-0.594265420940596,-9.84945445169577E-17));
#6297=DIRECTION('ref_axis',(-0.594265420940596,0.804268990745196,-7.27765245598855E-17));
#6298=DIRECTION('',(1.22464679914735E-16,0.,-1.));
#6299=DIRECTION('center_axis',(1.22464679914735E-16,0.,-1.));
#6300=DIRECTION('ref_axis',(-3.01092484278505E-13,-1.,-3.68731947118995E-29));
#6301=DIRECTION('',(1.22464679914735E-16,0.,-1.));
#6302=DIRECTION('center_axis',(5.75085771433548E-12,-1.,7.04276949221281E-28));
#6303=DIRECTION('ref_axis',(-1.,-5.75085771433548E-12,-1.22464679914735E-16));
#6304=CARTESIAN_POINT('',(0.,0.,0.));
#6305=CARTESIAN_POINT('Ctrl Pts',(27.6421063506537,-27.0816316595307,-2.50000000000013));
#6306=CARTESIAN_POINT('Ctrl Pts',(27.5882680811049,-27.4181507365793,-2.16397450523494));
#6307=CARTESIAN_POINT('Ctrl Pts',(27.5386312994896,-27.7551598065169,-1.8282335369079));
#6308=CARTESIAN_POINT('Ctrl Pts',(27.4944544511942,-28.0925684246029,-1.49287881954996));
#6309=CARTESIAN_POINT('Ctrl Pts',(27.3224179637751,-27.0477623713853,-2.53671931862225));
#6310=CARTESIAN_POINT('Ctrl Pts',(27.2617885566314,-27.3858341884654,-2.20223802791135));
#6311=CARTESIAN_POINT('Ctrl Pts',(27.2047583280975,-27.7246548594253,-1.86821009096323));
#6312=CARTESIAN_POINT('Ctrl Pts',(27.15236187753,-28.0643354689246,-1.53487205133575));
#6313=CARTESIAN_POINT('Ctrl Pts',(27.0024565276913,-26.9771872374957,-2.53671931862225));
#6314=CARTESIAN_POINT('Ctrl Pts',(26.9346803001652,-27.3152718954297,-2.20223802791135));
#6315=CARTESIAN_POINT('Ctrl Pts',(26.869826688889,-27.6542001771254,-1.86821009096324));
#6316=CARTESIAN_POINT('Ctrl Pts',(26.8086536391176,-27.9941589543287,-1.53487205133575));
#6317=CARTESIAN_POINT('Ctrl Pts',(26.6981842361249,-26.8734271007888,-2.50000000000014));
#6318=CARTESIAN_POINT('Ctrl Pts',(26.6239167261068,-27.2101283984006,-2.16397450523495));
#6319=CARTESIAN_POINT('Ctrl Pts',(26.5519693924716,-27.547615887437,-1.82823353690791));
#6320=CARTESIAN_POINT('Ctrl Pts',(26.4828739445061,-27.8860293130575,-1.49287881954997));
#6321=CARTESIAN_POINT('',(27.4960738704709,-28.0802187457924,-1.50515366971379));
#6322=CARTESIAN_POINT('',(26.4858551179028,-27.8714374903788,-1.50733956741176));
#6323=CARTESIAN_POINT('Ctrl Pts',(27.4960738513589,-28.0802187484883,-1.50515366953553));
#6324=CARTESIAN_POINT('Ctrl Pts',(27.3941999919915,-28.0767664571525,-1.51266460017811));
#6325=CARTESIAN_POINT('Ctrl Pts',(27.2925328526968,-28.0681772100294,-1.51800569357018));
#6326=CARTESIAN_POINT('Ctrl Pts',(27.191448600351,-28.0545149177269,-1.52120057733948));
#6327=CARTESIAN_POINT('Ctrl Pts',(27.1215158476112,-28.0450629834515,-1.52341088222362));
#6328=CARTESIAN_POINT('Ctrl Pts',(27.0518620264074,-28.0331821496942,-1.52459319905875));
#6329=CARTESIAN_POINT('Ctrl Pts',(26.9826144035895,-28.0188834990254,-1.52474515023281));
#6330=CARTESIAN_POINT('Ctrl Pts',(26.8821155751623,-27.9981319182226,-1.52496567643068));
#6331=CARTESIAN_POINT('Ctrl Pts',(26.782838542338,-27.9723651770182,-1.52301662441869));
#6332=CARTESIAN_POINT('Ctrl Pts',(26.6851559745045,-27.9416975523164,-1.51890656678481));
#6333=CARTESIAN_POINT('Ctrl Pts',(26.6179261965632,-27.9205906379055,-1.51607783011069));
#6334=CARTESIAN_POINT('Ctrl Pts',(26.5514515528895,-27.8971614580192,-1.51222469003117));
#6335=CARTESIAN_POINT('Ctrl Pts',(26.485855108885,-27.8714374863731,-1.50733956716413));
#6336=CARTESIAN_POINT('',(26.6981842361249,-26.8734271007889,-2.50000000000004));
#6337=CARTESIAN_POINT('Ctrl Pts',(26.485855108885,-27.8714374863731,-1.50733956716413));
#6338=CARTESIAN_POINT('Ctrl Pts',(26.5540381196971,-27.5379144007093,-1.83788503814429));
#6339=CARTESIAN_POINT('Ctrl Pts',(26.6249841987521,-27.2052888740276,-2.16880431605959));
#6340=CARTESIAN_POINT('Ctrl Pts',(26.6981842361249,-26.8734271007888,-2.50000000000014));
#6341=CARTESIAN_POINT('',(27.6421063506537,-27.0816316595308,-2.50000000000017));
#6342=CARTESIAN_POINT('Ctrl Pts',(26.6981842361249,-26.8734271007889,-2.5));
#6343=CARTESIAN_POINT('Ctrl Pts',(26.7873727904752,-26.9157551886952,-2.5));
#6344=CARTESIAN_POINT('Ctrl Pts',(26.8789802530476,-26.9518949699286,-2.49997381053667));
#6345=CARTESIAN_POINT('Ctrl Pts',(26.9727240659768,-26.9816170129969,-2.49995821790465));
#6346=CARTESIAN_POINT('Ctrl Pts',(27.0339536150048,-27.0010302119739,-2.4999480334477));
#6347=CARTESIAN_POINT('Ctrl Pts',(27.0960943363629,-27.0177048039466,-2.49994163684655));
#6348=CARTESIAN_POINT('Ctrl Pts',(27.1590627832691,-27.0315688113516,-2.49994163550046));
#6349=CARTESIAN_POINT('Ctrl Pts',(27.2538447752095,-27.0524373304699,-2.49994163347428));
#6350=CARTESIAN_POINT('Ctrl Pts',(27.3495951113053,-27.0667391246177,-2.49995804719177));
#6351=CARTESIAN_POINT('Ctrl Pts',(27.4459634248296,-27.0745763844274,-2.49997585581436));
#6352=CARTESIAN_POINT('Ctrl Pts',(27.5110943711481,-27.0798732307588,-2.49998789184985));
#6353=CARTESIAN_POINT('Ctrl Pts',(27.5765084851931,-27.0822167659626,-2.5));
#6354=CARTESIAN_POINT('Ctrl Pts',(27.6421063506537,-27.0816316595308,-2.5));
#6355=CARTESIAN_POINT('Ctrl Pts',(27.6421063506537,-27.0816316595307,-2.50000000000013));
#6356=CARTESIAN_POINT('Ctrl Pts',(27.5889249451869,-27.4140449713593,-2.16807424841004));
#6357=CARTESIAN_POINT('Ctrl Pts',(27.5398431309632,-27.7469363925123,-1.8364261227736));
#6358=CARTESIAN_POINT('Ctrl Pts',(27.4960738513589,-28.0802187484883,-1.50515366953553));
#6359=CARTESIAN_POINT('Origin',(-0.0240005613511438,-14.744769924893,-2.));
#6360=CARTESIAN_POINT('',(26.2916662947201,-27.7874014138244,-1.5));
#6361=CARTESIAN_POINT('Origin',(27.5993700664774,-25.031968445064,-4.54999999999998));
#6362=CARTESIAN_POINT('',(7.34214578307047,-18.7941289491977,-1.5));
#6363=CARTESIAN_POINT('',(-0.238378228852348,-15.1964802476406,-1.5));
#6364=CARTESIAN_POINT('',(7.77090111807287,-17.8907083037025,-2.5));
#6365=CARTESIAN_POINT('',(7.34214578307047,-18.7941289491977,-1.5));
#6366=CARTESIAN_POINT('',(0.19037710615006,-14.2930596021454,-2.5));
#6367=CARTESIAN_POINT('Origin',(27.5993700664774,-25.031968445064,-3.9145509904215E-16));
#6368=CARTESIAN_POINT('',(27.6358381128546,-28.0817504178603,-1.5));
#6369=CARTESIAN_POINT('Ctrl Pts',(27.4960738704709,-28.0802187457924,-1.50515366971379));
#6370=CARTESIAN_POINT('Ctrl Pts',(27.5428234719208,-28.0818029516541,-1.50170688732424));
#6371=CARTESIAN_POINT('Ctrl Pts',(27.5894710757351,-28.0823048559399,-1.5));
#6372=CARTESIAN_POINT('Ctrl Pts',(27.6358381128546,-28.0817504178603,-1.5));
#6373=CARTESIAN_POINT('',(27.6358381128546,-28.0817504178603,-7.32138955196895E-18));
#6374=CARTESIAN_POINT('',(27.6358381128546,-28.0817504178603,-3.86989051415449E-16));
#6375=CARTESIAN_POINT('',(26.2916662947201,-27.7874014138244,-8.16756631725063E-17));
#6376=CARTESIAN_POINT('Origin',(27.5993700664774,-25.031968445064,-3.20488164317487E-15));
#6377=CARTESIAN_POINT('',(26.2916662947201,-27.7874014138244,-3.9145509904215E-16));
#6378=CARTESIAN_POINT('Ctrl Pts',(-27.4944544310074,-28.0925685782796,-1.49287866681141));
#6379=CARTESIAN_POINT('Ctrl Pts',(-27.5386312843358,-27.7551599088488,-1.82823343496478));
#6380=CARTESIAN_POINT('Ctrl Pts',(-27.5882680728599,-27.4181507876703,-2.16397445422024));
#6381=CARTESIAN_POINT('Ctrl Pts',(-27.6421063505799,-27.0816316595314,-2.50000000000013));
#6382=CARTESIAN_POINT('Ctrl Pts',(-27.1523618535896,-28.0643356236349,-1.53487189951446));
#6383=CARTESIAN_POINT('Ctrl Pts',(-27.2047583106909,-27.7246549623094,-1.86820998954374));
#6384=CARTESIAN_POINT('Ctrl Pts',(-27.2617885473454,-27.3858342397941,-2.20223797713339));
#6385=CARTESIAN_POINT('Ctrl Pts',(-27.3224179636915,-27.0477623713878,-2.53671931862446));
#6386=CARTESIAN_POINT('Ctrl Pts',(-26.8086536111691,-27.9941591091656,-1.53487189951446));
#6387=CARTESIAN_POINT('Ctrl Pts',(-26.8698266690995,-27.6542002800406,-1.86820998954374));
#6388=CARTESIAN_POINT('Ctrl Pts',(-26.9346802897837,-27.31527194676,-2.20223797713339));
#6389=CARTESIAN_POINT('Ctrl Pts',(-27.0024565275976,-26.9771872374978,-2.53671931862446));
#6390=CARTESIAN_POINT('Ctrl Pts',(-26.4828739129389,-27.8860294671918,-1.49287866681142));
#6391=CARTESIAN_POINT('Ctrl Pts',(-26.5519693705218,-27.5476159899099,-1.82823343496478));
#6392=CARTESIAN_POINT('Ctrl Pts',(-26.6239167147304,-27.2101284495186,-2.16397445422024));
#6393=CARTESIAN_POINT('Ctrl Pts',(-26.698184236022,-26.8734271007885,-2.50000000000013));
#6394=CARTESIAN_POINT('',(-27.6421063505799,-27.0816316595314,-2.50000000000017));
#6395=CARTESIAN_POINT('',(-26.6981842360219,-26.8734271007886,-2.50000000000005));
#6396=CARTESIAN_POINT('Ctrl Pts',(-27.6421063505798,-27.0816316595315,-2.5));
#6397=CARTESIAN_POINT('Ctrl Pts',(-27.5450478428971,-27.0824973821702,-2.5));
#6398=CARTESIAN_POINT('Ctrl Pts',(-27.4483901595408,-27.0769529603155,-2.4999748378606));
#6399=CARTESIAN_POINT('Ctrl Pts',(-27.352460345058,-27.0649139080923,-2.49995914920351));
#6400=CARTESIAN_POINT('Ctrl Pts',(-27.2876386460812,-27.0567788791299,-2.49994854806337));
#6401=CARTESIAN_POINT('Ctrl Pts',(-27.2231498305113,-27.045677779612,-2.49994163686958));
#6402=CARTESIAN_POINT('Ctrl Pts',(-27.1591038964468,-27.0315778629972,-2.49994163550046));
#6403=CARTESIAN_POINT('Ctrl Pts',(-27.0626967377296,-27.0103535195812,-2.49994163343955));
#6404=CARTESIAN_POINT('Ctrl Pts',(-26.9682308504253,-26.9825426463318,-2.49995816510028));
#6405=CARTESIAN_POINT('Ctrl Pts',(-26.876001636603,-26.9483974498418,-2.49997628236431));
#6406=CARTESIAN_POINT('Ctrl Pts',(-26.8157491490279,-26.9260907105561,-2.4999881182044));
#6407=CARTESIAN_POINT('Ctrl Pts',(-26.7564506736271,-26.9010798294477,-2.5));
#6408=CARTESIAN_POINT('Ctrl Pts',(-26.6981842360219,-26.8734271007886,-2.5));
#6409=CARTESIAN_POINT('',(-26.4858551178053,-27.8714374903809,-1.50733956741222));
#6410=CARTESIAN_POINT('Ctrl Pts',(-26.698184236022,-26.8734271007885,-2.50000000000013));
#6411=CARTESIAN_POINT('Ctrl Pts',(-26.6249841986509,-27.2052888740281,-2.16880431605972));
#6412=CARTESIAN_POINT('Ctrl Pts',(-26.5540381195933,-27.5379144007086,-1.83788503814446));
#6413=CARTESIAN_POINT('Ctrl Pts',(-26.4858551087873,-27.8714374863751,-1.50733956716459));
#6414=CARTESIAN_POINT('',(-27.4960738704046,-28.0802187457947,-1.50515366971412));
#6415=CARTESIAN_POINT('Ctrl Pts',(-26.4858551087873,-27.8714374863751,-1.50733956716459));
#6416=CARTESIAN_POINT('Ctrl Pts',(-26.5811644949814,-27.9088135360254,-1.51443748335426));
#6417=CARTESIAN_POINT('Ctrl Pts',(-26.6783274493719,-27.9413465556915,-1.51935843375957));
#6418=CARTESIAN_POINT('Ctrl Pts',(-26.7769679574444,-27.9689468540147,-1.52211975718369));
#6419=CARTESIAN_POINT('Ctrl Pts',(-26.8448538396061,-27.9879417946959,-1.52402014152114));
#6420=CARTESIAN_POINT('Ctrl Pts',(-26.913439890849,-28.0045997098251,-1.52489684433416));
#6421=CARTESIAN_POINT('Ctrl Pts',(-26.9826046484188,-28.0188814847237,-1.52474517163043));
#6422=CARTESIAN_POINT('Ctrl Pts',(-27.0826985231246,-28.0395497880258,-1.52452567388132));
#6423=CARTESIAN_POINT('Ctrl Pts',(-27.1836405193655,-28.0551680105079,-1.52215498808146));
#6424=CARTESIAN_POINT('Ctrl Pts',(-27.2850483383567,-28.0656972950365,-1.51763469190761));
#6425=CARTESIAN_POINT('Ctrl Pts',(-27.3552082304527,-28.0729820732097,-1.51450728521496));
#6426=CARTESIAN_POINT('Ctrl Pts',(-27.4255915179956,-28.0778302501058,-1.51035017352762));
#6427=CARTESIAN_POINT('Ctrl Pts',(-27.4960738512921,-28.0802187484907,-1.50515366953586));
#6428=CARTESIAN_POINT('Ctrl Pts',(-27.4960738512921,-28.0802187484907,-1.50515366953586));
#6429=CARTESIAN_POINT('Ctrl Pts',(-27.5398431308812,-27.7469363925159,-1.83642612277368));
#6430=CARTESIAN_POINT('Ctrl Pts',(-27.5889249451154,-27.4140449713606,-2.16807424841013));
#6431=CARTESIAN_POINT('Ctrl Pts',(-27.6421063505799,-27.0816316595314,-2.50000000000013));
#6432=CARTESIAN_POINT('Origin',(-27.6956217954402,-33.0813929962147,-2.00000000000001));
#6433=CARTESIAN_POINT('',(-27.6358381127926,-28.0817504178611,-1.50000000000001));
#6434=CARTESIAN_POINT('Ctrl Pts',(-27.6358381127926,-28.0817504178611,-1.50000000000001));
#6435=CARTESIAN_POINT('Ctrl Pts',(-27.5894710756686,-28.0823048559412,-1.50000000000001));
#6436=CARTESIAN_POINT('Ctrl Pts',(-27.5428234718533,-28.0818029516559,-1.50170688732454));
#6437=CARTESIAN_POINT('Ctrl Pts',(-27.4960738704046,-28.0802187457947,-1.50515366971412));
#6438=CARTESIAN_POINT('',(-27.6956217954721,-28.081392996215,-1.50000000000001));
#6439=CARTESIAN_POINT('Origin',(-27.6956217954402,-33.0813929962147,-1.50000000000001));
#6440=CARTESIAN_POINT('',(-27.6956217954785,-27.081392996215,-2.50000000000001));
#6441=CARTESIAN_POINT('',(-27.6956217954721,-28.081392996215,-1.50000000000001));
#6442=CARTESIAN_POINT('Origin',(-27.6956217954402,-33.0813929962147,-2.50000000000001));
#6443=CARTESIAN_POINT('Origin',(-27.5993700663776,-25.0319684450652,-6.26988304869806E-15));
#6444=CARTESIAN_POINT('',(-26.2916662946166,-27.7874014138238,-1.5));
#6445=CARTESIAN_POINT('Origin',(-27.5993700663776,-25.0319684450652,-4.55));
#6446=CARTESIAN_POINT('',(-26.2916662946166,-27.7874014138238,-6.21744640289591E-15));
#6447=CARTESIAN_POINT('',(-26.2916662946166,-27.7874014138238,-6.26988304869806E-15));
#6448=CARTESIAN_POINT('',(-27.6358381127926,-28.0817504178611,-6.65401675819138E-15));
#6449=CARTESIAN_POINT('Origin',(-27.5993700663776,-25.0319684450652,-3.45645650470275E-15));
#6450=CARTESIAN_POINT('',(-27.6358381127926,-28.0817504178611,-6.27434909632939E-15));
#6451=CARTESIAN_POINT('Origin',(-8.88178419700125E-15,4.87620009261416,
-3.33066907387547E-15));
#6452=CARTESIAN_POINT('',(-7.34214578306093,-18.7941289492111,-4.44089209850063E-15));
#6453=CARTESIAN_POINT('',(-9.51858476627937,-19.827047368796,-4.16333634234434E-15));
#6454=CARTESIAN_POINT('',(-3.73423707539753,-17.8514579788245,-3.88578058618805E-15));
#6455=CARTESIAN_POINT('Origin',(-3.05459243302178,-27.8283354041559,-3.33066907387547E-15));
#6456=CARTESIAN_POINT('',(3.73423707538996,-17.8514579788179,-2.22044604925031E-15));
#6457=CARTESIAN_POINT('Origin',(4.46814807375517E-11,-72.6683773745015,
-3.33125840156631E-15));
#6458=CARTESIAN_POINT('',(7.34214578307047,-18.7941289491977,-2.22044604925031E-15));
#6459=CARTESIAN_POINT('Origin',(3.05459243305086,-27.8283354041519,-3.33066907387547E-15));
#6460=CARTESIAN_POINT('',(-0.238378228852351,-15.1964802476406,-3.33066907387547E-15));
#6461=CARTESIAN_POINT('',(27.6956217954721,-28.081392996215,0.));
#6462=CARTESIAN_POINT('Origin',(27.6956217954402,-33.0813929962147,0.));
#6463=CARTESIAN_POINT('',(29.3373484857147,-28.0813929962244,0.));
#6464=CARTESIAN_POINT('',(27.6956217954721,-28.081392996215,0.));
#6465=CARTESIAN_POINT('',(33.3586934394407,-26.0527201009236,5.55111512312578E-16));
#6466=CARTESIAN_POINT('Origin',(29.3373484857132,-23.0813929962271,0.));
#6467=CARTESIAN_POINT('',(35.1491482255114,-23.6295482100052,1.11022302462516E-15));
#6468=CARTESIAN_POINT('',(33.3586934394407,-26.0527201009236,5.55111512312578E-16));
#6469=CARTESIAN_POINT('',(34.3037782172178,-16.7964620312645,1.11022302462516E-15));
#6470=CARTESIAN_POINT('Origin',(31.1278032717813,-20.6582211053081,5.55111512312578E-16));
#6471=CARTESIAN_POINT('',(19.8279321963964,-4.89128529841719,-1.11022302462516E-15));
#6472=CARTESIAN_POINT('',(34.3037782172178,-16.7964620312645,1.11022302462516E-15));
#6473=CARTESIAN_POINT('',(18.0039071418359,-1.02952622437511,-1.11022302462516E-15));
#6474=CARTESIAN_POINT('Origin',(23.0039071418354,-1.02952622437613,-5.55111512312578E-16));
#6475=CARTESIAN_POINT('',(18.0039071418359,1.0295262243751,-1.11022302462516E-15));
#6476=CARTESIAN_POINT('',(18.0039071418359,-7.07767178198537E-15,-1.11022302462516E-15));
#6477=CARTESIAN_POINT('',(19.8279321964001,4.89128529841718,-1.11022302462516E-15));
#6478=CARTESIAN_POINT('Origin',(23.0039071418371,1.0295262243723,-5.55111512312578E-16));
#6479=CARTESIAN_POINT('',(34.3037782172214,16.7964620312637,1.11022302462516E-15));
#6480=CARTESIAN_POINT('',(19.8279321964001,4.89128529841718,-1.11022302462516E-15));
#6481=CARTESIAN_POINT('',(35.1491482255078,23.6295482100049,1.11022302462516E-15));
#6482=CARTESIAN_POINT('Origin',(31.127803271781,20.6582211053037,5.55111512312578E-16));
#6483=CARTESIAN_POINT('',(33.3586934394443,26.0527201009236,5.55111512312578E-16));
#6484=CARTESIAN_POINT('',(35.1491482255078,23.6295482100049,1.11022302462516E-15));
#6485=CARTESIAN_POINT('',(29.3373484857147,28.0813929962244,0.));
#6486=CARTESIAN_POINT('Origin',(29.3373484857151,23.0813929962235,0.));
#6487=CARTESIAN_POINT('',(23.5667088726441,28.0813929962244,-5.55111512312578E-16));
#6488=CARTESIAN_POINT('',(29.3373484857147,28.0813929962244,0.));
#6489=CARTESIAN_POINT('',(20.0311749667089,29.5458590902916,-1.11022302462516E-15));
#6490=CARTESIAN_POINT('Origin',(23.5667088726425,33.0813929962266,-5.55111512312578E-16));
#6491=CARTESIAN_POINT('',(16.5857864376266,32.9912476193801,-1.11022302462516E-15));
#6492=CARTESIAN_POINT('',(20.0311749667089,29.5458590902916,-1.11022302462516E-15));
#6493=CARTESIAN_POINT('',(16.,34.4054611817531,-1.11022302462516E-15));
#6494=CARTESIAN_POINT('Origin',(18.,34.405461181753,-1.11022302462516E-15));
#6495=CARTESIAN_POINT('',(16.,43.5972197377361,-1.11022302462516E-15));
#6496=CARTESIAN_POINT('',(16.,34.4054611817531,-1.11022302462516E-15));
#6497=CARTESIAN_POINT('',(16.5857864376266,45.0114333001095,-1.11022302462516E-15));
#6498=CARTESIAN_POINT('Origin',(18.,43.5972197377367,-1.11022302462516E-15));
#6499=CARTESIAN_POINT('',(19.8230547995299,48.2487016620108,-1.11022302462516E-15));
#6500=CARTESIAN_POINT('',(16.5857864376266,45.0114333001095,-1.11022302462516E-15));
#6501=CARTESIAN_POINT('',(20.4088412371566,49.6629152243837,-5.55111512312578E-16));
#6502=CARTESIAN_POINT('Origin',(18.4088412371568,49.6629152243836,-1.11022302462516E-15));
#6503=CARTESIAN_POINT('',(20.4088412371566,52.873090724741,-5.55111512312578E-16));
#6504=CARTESIAN_POINT('',(20.4088412371566,51.2680029745624,-5.55111512312578E-16));
#6505=CARTESIAN_POINT('',(19.8230547995299,54.2873042871139,-1.11022302462516E-15));
#6506=CARTESIAN_POINT('Origin',(18.4088412371567,52.8730907247411,-1.11022302462516E-15));
#6507=CARTESIAN_POINT('',(16.5857864376303,57.5245726490044,-1.11022302462516E-15));
#6508=CARTESIAN_POINT('',(19.8230547995299,54.2873042871139,-1.11022302462516E-15));
#6509=CARTESIAN_POINT('',(16.,58.938786211379,-1.11022302462516E-15));
#6510=CARTESIAN_POINT('Origin',(17.9999999999998,58.9387862113809,-1.11022302462516E-15));
#6511=CARTESIAN_POINT('',(16.,79.7352664161044,-1.11022302462516E-15));
#6512=CARTESIAN_POINT('',(16.,58.938786211379,-1.11022302462516E-15));
#6513=CARTESIAN_POINT('',(15.3162229587615,80.6839513165598,-1.66533453693773E-15));
#6514=CARTESIAN_POINT('Origin',(15.,79.7352664161044,-1.66533453693773E-15));
#6515=CARTESIAN_POINT('',(13.7166453443606,81.2171348485739,-1.66533453693773E-15));
#6516=CARTESIAN_POINT('',(15.3162229587615,80.6839513165598,-1.66533453693773E-15));
#6517=CARTESIAN_POINT('',(12.999999994423,80.7726899616571,-1.66533453693773E-15));
#6518=CARTESIAN_POINT('Origin',(12.9999999944224,81.5726899571881,-1.66533453693773E-15));
#6519=CARTESIAN_POINT('',(9.87999999937164,80.7726899593539,-2.22044604925031E-15));
#6520=CARTESIAN_POINT('',(12.999999994423,80.7726899616571,-1.66533453693773E-15));
#6521=CARTESIAN_POINT('',(9.87999999937166,82.3726899593567,-2.22044604925031E-15));
#6522=CARTESIAN_POINT('Origin',(9.87999999937165,81.5726899593553,-2.22044604925031E-15));
#6523=CARTESIAN_POINT('',(9.88000000052488,82.9553318624834,-2.22044604925031E-15));
#6524=CARTESIAN_POINT('',(9.87999999937166,82.3726899593567,-2.22044604925031E-15));
#6525=CARTESIAN_POINT('',(5.999730175914,84.0542973931174,-2.77555756156289E-15));
#6526=CARTESIAN_POINT('',(9.88000000052488,82.9553318624834,-2.22044604925031E-15));
#6527=CARTESIAN_POINT('',(5.45472897683793,84.1299861675084,-2.77555756156289E-15));
#6528=CARTESIAN_POINT('Origin',(5.45472897683804,82.1299861675143,-2.77555756156289E-15));
#6529=CARTESIAN_POINT('',(-5.45472897683795,84.1299861675084,-3.88578058618805E-15));
#6530=CARTESIAN_POINT('',(-5.45472897683795,84.1299861675084,-3.88578058618805E-15));
#6531=CARTESIAN_POINT('',(-5.99973017591402,84.0542973931174,-4.44089209850063E-15));
#6532=CARTESIAN_POINT('Origin',(-5.45472897683806,82.1299861675143,-3.88578058618805E-15));
#6533=CARTESIAN_POINT('',(-9.88000000052489,82.9553318624834,-4.44089209850063E-15));
#6534=CARTESIAN_POINT('',(-9.88000000052489,82.9553318624834,-4.44089209850063E-15));
#6535=CARTESIAN_POINT('',(-9.87999999937168,82.3726899593567,-4.44089209850063E-15));
#6536=CARTESIAN_POINT('',(-9.87999999939349,82.3726899593568,-4.44089209850063E-15));
#6537=CARTESIAN_POINT('',(-9.87999999937166,80.7726899593539,-4.44089209850063E-15));
#6538=CARTESIAN_POINT('Origin',(-9.87999999937168,81.5726899593553,-4.44089209850063E-15));
#6539=CARTESIAN_POINT('',(-12.999999994423,80.7726899616571,-4.9960036108132E-15));
#6540=CARTESIAN_POINT('',(-12.999999994423,80.7726899616571,-4.9960036108132E-15));
#6541=CARTESIAN_POINT('',(-13.7166453443606,81.2171348485739,-4.9960036108132E-15));
#6542=CARTESIAN_POINT('Origin',(-12.9999999944225,81.5726899571881,-4.9960036108132E-15));
#6543=CARTESIAN_POINT('',(-15.3162229587615,80.6839513165598,-5.55111512312578E-15));
#6544=CARTESIAN_POINT('',(-15.3162229587615,80.6839513165598,-5.55111512312578E-15));
#6545=CARTESIAN_POINT('',(-16.,79.7352664161044,-5.55111512312578E-15));
#6546=CARTESIAN_POINT('Origin',(-15.,79.7352664161044,-5.55111512312578E-15));
#6547=CARTESIAN_POINT('',(-16.,58.938786211379,-5.55111512312578E-15));
#6548=CARTESIAN_POINT('',(-16.,58.938786211379,-5.55111512312578E-15));
#6549=CARTESIAN_POINT('',(-16.5857864376303,57.5245726490044,-5.55111512312578E-15));
#6550=CARTESIAN_POINT('Origin',(-17.9999999999998,58.9387862113809,-5.55111512312578E-15));
#6551=CARTESIAN_POINT('',(-19.8230547995299,54.2873042871139,-5.55111512312578E-15));
#6552=CARTESIAN_POINT('',(-19.8230547995299,54.2873042871139,-5.55111512312578E-15));
#6553=CARTESIAN_POINT('',(-20.4088412371566,52.873090724741,-5.55111512312578E-15));
#6554=CARTESIAN_POINT('Origin',(-18.4088412371568,52.8730907247411,-5.55111512312578E-15));
#6555=CARTESIAN_POINT('',(-20.4088412371566,49.6629152243837,-5.55111512312578E-15));
#6556=CARTESIAN_POINT('',(-20.4088412371566,49.6629152243837,-5.55111512312578E-15));
#6557=CARTESIAN_POINT('',(-19.8230547995299,48.2487016620108,-5.55111512312578E-15));
#6558=CARTESIAN_POINT('Origin',(-18.4088412371568,49.6629152243836,-5.55111512312578E-15));
#6559=CARTESIAN_POINT('',(-16.5857864376267,45.0114333001095,-5.55111512312578E-15));
#6560=CARTESIAN_POINT('',(-16.5857864376267,45.0114333001095,-5.55111512312578E-15));
#6561=CARTESIAN_POINT('',(-16.,43.5972197377361,-5.55111512312578E-15));
#6562=CARTESIAN_POINT('Origin',(-18.,43.5972197377367,-5.55111512312578E-15));
#6563=CARTESIAN_POINT('',(-16.,34.4054611817531,-5.55111512312578E-15));
#6564=CARTESIAN_POINT('',(-16.,34.4054611817531,-5.55111512312578E-15));
#6565=CARTESIAN_POINT('',(-16.5857864376267,32.9912476193801,-5.55111512312578E-15));
#6566=CARTESIAN_POINT('Origin',(-18.,34.405461181753,-5.55111512312578E-15));
#6567=CARTESIAN_POINT('',(-20.0311749667089,29.5458590902916,-5.55111512312578E-15));
#6568=CARTESIAN_POINT('',(-20.0311749667089,29.5458590902916,-5.55111512312578E-15));
#6569=CARTESIAN_POINT('',(-23.5667088726441,28.0813929962244,-6.10622663543836E-15));
#6570=CARTESIAN_POINT('Origin',(-23.5667088726426,33.0813929962266,-6.10622663543836E-15));
#6571=CARTESIAN_POINT('',(-29.3373484857148,28.0813929962244,-6.66133814775094E-15));
#6572=CARTESIAN_POINT('',(-29.3373484857148,28.0813929962244,-6.66133814775094E-15));
#6573=CARTESIAN_POINT('',(-33.3586934394443,26.0527201009236,-7.7715611723761E-15));
#6574=CARTESIAN_POINT('Origin',(-29.3373484857151,23.0813929962235,-6.66133814775094E-15));
#6575=CARTESIAN_POINT('',(-35.1491482255078,23.6295482100049,-7.7715611723761E-15));
#6576=CARTESIAN_POINT('',(-35.1491482255078,23.6295482100049,-7.7715611723761E-15));
#6577=CARTESIAN_POINT('',(-34.3037782172214,16.7964620312637,-7.7715611723761E-15));
#6578=CARTESIAN_POINT('Origin',(-31.127803271781,20.6582211053038,-7.21644966006352E-15));
#6579=CARTESIAN_POINT('',(-19.8279321964001,4.89128529841718,-5.55111512312578E-15));
#6580=CARTESIAN_POINT('',(-19.8279321964001,4.89128529841718,-5.55111512312578E-15));
#6581=CARTESIAN_POINT('',(-18.003907141836,1.0295262243751,-5.55111512312578E-15));
#6582=CARTESIAN_POINT('Origin',(-23.0039071418372,1.0295262243723,-6.10622663543836E-15));
#6583=CARTESIAN_POINT('',(-18.003907141836,-1.02952622437511,-5.55111512312578E-15));
#6584=CARTESIAN_POINT('',(-18.003907141836,-1.02952622437511,-5.55111512312578E-15));
#6585=CARTESIAN_POINT('',(-19.8279321963964,-4.89128529841719,-5.55111512312578E-15));
#6586=CARTESIAN_POINT('Origin',(-23.0039071418354,-1.02952622437613,-6.10622663543836E-15));
#6587=CARTESIAN_POINT('',(-34.3037782172178,-16.7964620312645,-7.7715611723761E-15));
#6588=CARTESIAN_POINT('',(-34.3037782172178,-16.7964620312645,-7.7715611723761E-15));
#6589=CARTESIAN_POINT('',(-35.1491482255115,-23.6295482100052,-7.7715611723761E-15));
#6590=CARTESIAN_POINT('Origin',(-31.1278032717813,-20.6582211053081,-7.21644966006352E-15));
#6591=CARTESIAN_POINT('',(-33.3586934394407,-26.0527201009236,-7.7715611723761E-15));
#6592=CARTESIAN_POINT('',(-33.3586934394407,-26.0527201009236,-7.7715611723761E-15));
#6593=CARTESIAN_POINT('',(-29.3373484857148,-28.0813929962244,-6.66133814775094E-15));
#6594=CARTESIAN_POINT('Origin',(-29.3373484857132,-23.0813929962271,-6.66133814775094E-15));
#6595=CARTESIAN_POINT('',(-27.6956217954721,-28.081392996215,-6.66133814775094E-15));
#6596=CARTESIAN_POINT('',(-27.6956217954721,-28.081392996215,-6.66133814775094E-15));
#6597=CARTESIAN_POINT('Origin',(-27.6956217954402,-33.0813929962147,-6.66133814775094E-15));
#6598=CARTESIAN_POINT('',(-6.00000000000001,52.001340596019,-4.44089209850063E-15));
#6599=CARTESIAN_POINT('',(-6.19305971656874,51.480165488834,-4.44089209850063E-15));
#6600=CARTESIAN_POINT('Origin',(-6.79999999999929,52.001340596019,-4.44089209850063E-15));
#6601=CARTESIAN_POINT('',(-6.00000000000001,58.8383108448155,-4.44089209850063E-15));
#6602=CARTESIAN_POINT('',(-6.00000000000001,52.001340596019,-4.44089209850063E-15));
#6603=CARTESIAN_POINT('',(-4.59305971656946,59.3594859519985,-3.88578058618805E-15));
#6604=CARTESIAN_POINT('Origin',(-5.20000000000073,58.8383108448155,-3.88578058618805E-15));
#6605=CARTESIAN_POINT('',(-2.24132464571086,56.6207466477077,-3.33066907387547E-15));
#6606=CARTESIAN_POINT('',(-4.59305971656796,59.3594859519998,-3.88578058618805E-15));
#6607=CARTESIAN_POINT('',(-2.00000000000043,55.9692777637283,-3.33066907387547E-15));
#6608=CARTESIAN_POINT('Origin',(-3.00000000000001,55.9692777637283,-3.33066907387547E-15));
#6609=CARTESIAN_POINT('',(-2.00000000000001,46.023943479329,-3.33066907387547E-15));
#6610=CARTESIAN_POINT('',(-2.00000000000001,55.9692777637283,-3.33066907387547E-15));
#6611=CARTESIAN_POINT('',(-2.24132464571172,45.3724745953479,-3.33066907387547E-15));
#6612=CARTESIAN_POINT('Origin',(-3.00000000000001,46.023943479329,-3.33066907387547E-15));
#6613=CARTESIAN_POINT('',(-4.93980533595824,42.2299288129499,-3.88578058618805E-15));
#6614=CARTESIAN_POINT('',(-2.24132464571172,45.3724745953479,-3.33066907387547E-15));
#6615=CARTESIAN_POINT('',(-6.1124310443392,42.1854184951852,-4.44089209850063E-15));
#6616=CARTESIAN_POINT('Origin',(-5.54674561939101,42.7511039201355,-3.88578058618805E-15));
#6617=CARTESIAN_POINT('',(-7.60412556954544,43.6771130203913,-4.44089209850063E-15));
#6618=CARTESIAN_POINT('',(-7.60412556954544,43.6771130203913,-4.44089209850063E-15));
#6619=CARTESIAN_POINT('',(-7.83844014459637,44.2427984453411,-4.44089209850063E-15));
#6620=CARTESIAN_POINT('Origin',(-7.03844014459538,44.2427984453411,-4.44089209850063E-15));
#6621=CARTESIAN_POINT('',(-7.83844014459465,49.267674100238,-4.44089209850063E-15));
#6622=CARTESIAN_POINT('',(-7.83844014459465,49.267674100238,-4.44089209850063E-15));
#6623=CARTESIAN_POINT('',(-7.64538042802627,49.7888492074214,-4.44089209850063E-15));
#6624=CARTESIAN_POINT('Origin',(-7.03844014459538,49.267674100238,-4.44089209850063E-15));
#6625=CARTESIAN_POINT('',(-7.64538042802815,49.788849207423,-4.44089209850063E-15));
#6626=CARTESIAN_POINT('',(7.64538042802814,49.788849207423,-2.22044604925031E-15));
#6627=CARTESIAN_POINT('',(6.19305971656809,51.4801654888347,-2.77555756156289E-15));
#6628=CARTESIAN_POINT('',(7.64538042802814,49.788849207423,-2.22044604925031E-15));
#6629=CARTESIAN_POINT('',(7.83844014459713,49.267674100238,-2.22044604925031E-15));
#6630=CARTESIAN_POINT('Origin',(7.03844014459536,49.267674100238,-2.22044604925031E-15));
#6631=CARTESIAN_POINT('',(7.83844014459463,44.2427984453411,-2.22044604925031E-15));
#6632=CARTESIAN_POINT('',(7.83844014459463,49.267674100238,-2.22044604925031E-15));
#6633=CARTESIAN_POINT('',(7.60412556954421,43.6771130203925,-2.22044604925031E-15));
#6634=CARTESIAN_POINT('Origin',(7.03844014459536,44.2427984453411,-2.22044604925031E-15));
#6635=CARTESIAN_POINT('',(6.11243104433946,42.1854184951855,-2.77555756156289E-15));
#6636=CARTESIAN_POINT('',(7.60412556954543,43.6771130203913,-2.22044604925031E-15));
#6637=CARTESIAN_POINT('',(4.93980533595982,42.2299288129513,-2.77555756156289E-15));
#6638=CARTESIAN_POINT('Origin',(5.54674561939099,42.7511039201355,-2.77555756156289E-15));
#6639=CARTESIAN_POINT('',(2.24132464571086,45.3724745953489,-3.33066907387547E-15));
#6640=CARTESIAN_POINT('',(2.24132464571086,45.3724745953489,-3.33066907387547E-15));
#6641=CARTESIAN_POINT('',(1.99999999999999,46.023943479329,-3.33066907387547E-15));
#6642=CARTESIAN_POINT('Origin',(2.99999999999999,46.023943479329,-2.77555756156289E-15));
#6643=CARTESIAN_POINT('',(1.99999999999999,55.9692777637283,-3.33066907387547E-15));
#6644=CARTESIAN_POINT('',(1.99999999999999,55.9692777637283,-3.33066907387547E-15));
#6645=CARTESIAN_POINT('',(2.24132464571052,56.620746647708,-3.33066907387547E-15));
#6646=CARTESIAN_POINT('Origin',(2.99999999999999,55.9692777637283,-2.77555756156289E-15));
#6647=CARTESIAN_POINT('',(4.59305971656794,59.3594859519998,-2.77555756156289E-15));
#6648=CARTESIAN_POINT('',(4.59305971656794,59.3594859519998,-2.77555756156289E-15));
#6649=CARTESIAN_POINT('',(6.00000000000196,58.8383108448155,-2.77555756156289E-15));
#6650=CARTESIAN_POINT('Origin',(5.20000000000072,58.8383108448155,-2.77555756156289E-15));
#6651=CARTESIAN_POINT('',(5.99999999999927,52.001340596019,-2.77555756156289E-15));
#6652=CARTESIAN_POINT('',(6.,52.001340596019,-2.77555756156289E-15));
#6653=CARTESIAN_POINT('Origin',(6.79999999999927,52.001340596019,-2.22044604925031E-15));
#6654=CARTESIAN_POINT('',(0.758675354281415,62.8986511048924,-3.33066907387547E-15));
#6655=CARTESIAN_POINT('',(5.51491043767223,68.4375777147486,-2.77555756156289E-15));
#6656=CARTESIAN_POINT('',(0.758675354281415,62.8986511048924,-3.33066907387547E-15));
#6657=CARTESIAN_POINT('',(-0.75867535429599,62.8986511048924,-3.33066907387547E-15));
#6658=CARTESIAN_POINT('Origin',(-7.28306304154103E-12,63.5501199888719,
-3.33066907387547E-15));
#6659=CARTESIAN_POINT('',(-5.51491043768693,68.4375777147485,-3.88578058618805E-15));
#6660=CARTESIAN_POINT('',(-0.75867535429599,62.8986511048924,-3.33066907387547E-15));
#6661=CARTESIAN_POINT('',(-5.75623508339778,69.0890465987288,-4.44089209850063E-15));
#6662=CARTESIAN_POINT('Origin',(-4.75623508339778,69.0890465987288,-3.88578058618805E-15));
#6663=CARTESIAN_POINT('',(-5.75623508339778,74.3736863120467,-4.44089209850063E-15));
#6664=CARTESIAN_POINT('',(-5.75623508339778,69.0890465987288,-4.44089209850063E-15));
#6665=CARTESIAN_POINT('',(-5.14473211991588,75.2951362849789,-3.88578058618805E-15));
#6666=CARTESIAN_POINT('Origin',(-4.75623508339778,74.3736863120467,-3.88578058618805E-15));
#6667=CARTESIAN_POINT('',(-1.97321746466697,76.632294113439,-3.33066907387547E-15));
#6668=CARTESIAN_POINT('',(-5.14473211991572,75.2951362849785,-3.88578058618805E-15));
#6669=CARTESIAN_POINT('',(-1.58472042814902,76.7108441405072,-3.33066907387547E-15));
#6670=CARTESIAN_POINT('Origin',(-1.58472042814902,75.7108441405072,-3.33066907387547E-15));
#6671=CARTESIAN_POINT('',(1.58472042813445,76.7108441405072,-3.33066907387547E-15));
#6672=CARTESIAN_POINT('',(1.58472042813445,76.7108441405072,-3.33066907387547E-15));
#6673=CARTESIAN_POINT('',(1.97321746465255,76.6322941134394,-3.33066907387547E-15));
#6674=CARTESIAN_POINT('Origin',(1.58472042813445,75.7108441405072,-3.33066907387547E-15));
#6675=CARTESIAN_POINT('',(5.14473211990115,75.2951362849785,-2.77555756156289E-15));
#6676=CARTESIAN_POINT('',(5.14473211990115,75.2951362849785,-2.77555756156289E-15));
#6677=CARTESIAN_POINT('',(5.75623508338282,74.3736863120467,-2.77555756156289E-15));
#6678=CARTESIAN_POINT('Origin',(4.7562350833832,74.3736863120467,-2.77555756156289E-15));
#6679=CARTESIAN_POINT('',(5.75623508338321,69.0890465987288,-2.77555756156289E-15));
#6680=CARTESIAN_POINT('',(5.75623508338321,69.0890465987288,-2.77555756156289E-15));
#6681=CARTESIAN_POINT('Origin',(4.7562350833832,69.0890465987288,-2.77555756156289E-15));
#6682=CARTESIAN_POINT('',(0.636644847818371,15.2941761684435,-3.33066907387547E-15));
#6683=CARTESIAN_POINT('',(5.39323373261849,19.2210772389783,-2.77555756156289E-15));
#6684=CARTESIAN_POINT('',(0.636644847818371,15.2941761684435,-3.33066907387547E-15));
#6685=CARTESIAN_POINT('',(-0.636644847818228,15.2941761684434,-3.33066907387547E-15));
#6686=CARTESIAN_POINT('Origin',(-8.88178419700125E-15,16.065333310501,-3.33066907387547E-15));
#6687=CARTESIAN_POINT('',(-5.39323373261869,19.2210772389781,-3.88578058618805E-15));
#6688=CARTESIAN_POINT('',(-0.636644847818397,15.2941761684432,-3.33066907387547E-15));
#6689=CARTESIAN_POINT('',(-5.63038225974768,20.4785317570272,-3.88578058618805E-15));
#6690=CARTESIAN_POINT('Origin',(-4.7565888848003,19.9922343810349,-3.88578058618805E-15));
#6691=CARTESIAN_POINT('',(-0.873793374947134,29.0253100455144,-3.33066907387547E-15));
#6692=CARTESIAN_POINT('',(-5.63038225974743,20.4785317570271,-3.88578058618805E-15));
#6693=CARTESIAN_POINT('',(0.87379337494724,29.0253100455149,-3.33066907387547E-15));
#6694=CARTESIAN_POINT('Origin',(-8.88178419700125E-15,28.5390126695213,
-3.33066907387547E-15));
#6695=CARTESIAN_POINT('',(5.63038225974741,20.4785317570271,-2.77555756156289E-15));
#6696=CARTESIAN_POINT('',(5.63038225974741,20.4785317570271,-2.77555756156289E-15));
#6697=CARTESIAN_POINT('Origin',(4.75658888480028,19.9922343810349,-2.77555756156289E-15));
#6698=CARTESIAN_POINT('',(-9.87999996315923,69.1876688233423,-4.44089209850063E-15));
#6699=CARTESIAN_POINT('',(-9.87999999892201,70.7876688233415,-4.44089209850063E-15));
#6700=CARTESIAN_POINT('Origin',(-9.87999996315923,69.9876688233419,-4.44089209850063E-15));
#6701=CARTESIAN_POINT('',(-12.9999999999091,69.1876688233422,-4.9960036108132E-15));
#6702=CARTESIAN_POINT('',(-12.9999999999091,69.1876688233423,-4.9960036108132E-15));
#6703=CARTESIAN_POINT('',(-12.9999999999091,70.7876688233415,-4.9960036108132E-15));
#6704=CARTESIAN_POINT('Origin',(-12.9999999999091,69.9876688233419,-4.9960036108132E-15));
#6705=CARTESIAN_POINT('',(-12.999999999909,73.6876519327361,-4.9960036108132E-15));
#6706=CARTESIAN_POINT('',(-12.999999999909,73.6876519327361,-4.9960036108132E-15));
#6707=CARTESIAN_POINT('',(-12.9999999999091,75.2876519327353,-4.9960036108132E-15));
#6708=CARTESIAN_POINT('Origin',(-12.9999999999091,74.4876519327357,-4.9960036108132E-15));
#6709=CARTESIAN_POINT('',(-9.87999996217477,75.2876519327353,-4.44089209850063E-15));
#6710=CARTESIAN_POINT('',(-9.87999996315923,75.2876519327353,-4.44089209850063E-15));
#6711=CARTESIAN_POINT('',(-9.87999999990643,73.6876519327361,-4.44089209850063E-15));
#6712=CARTESIAN_POINT('Origin',(-9.87999996315921,74.4876519327357,-4.44089209850063E-15));
#6713=CARTESIAN_POINT('',(-9.87999999991008,70.7876688233415,-4.44089209850063E-15));
#6714=CARTESIAN_POINT('',(-13.0000000183609,61.7035013424395,-4.9960036108132E-15));
#6715=CARTESIAN_POINT('',(-13.0000000183609,60.1035013424403,-4.9960036108132E-15));
#6716=CARTESIAN_POINT('Origin',(-13.0000000183609,60.9035013424399,-4.9960036108132E-15));
#6717=CARTESIAN_POINT('',(-9.87999998161104,61.7035013424395,-4.44089209850063E-15));
#6718=CARTESIAN_POINT('',(-9.87999998161104,61.7035013424395,-4.44089209850063E-15));
#6719=CARTESIAN_POINT('',(-9.88000001835827,60.1035013424403,-4.44089209850063E-15));
#6720=CARTESIAN_POINT('Origin',(-9.87999998161104,60.9035013424399,-4.44089209850063E-15));
#6721=CARTESIAN_POINT('',(-9.88000001836191,57.2035182330456,-4.44089209850063E-15));
#6722=CARTESIAN_POINT('',(-9.88000001836191,57.2035182330456,-4.44089209850063E-15));
#6723=CARTESIAN_POINT('',(-9.87999998161104,55.6035182330464,-4.44089209850063E-15));
#6724=CARTESIAN_POINT('Origin',(-9.87999998161104,56.403518233046,-4.44089209850063E-15));
#6725=CARTESIAN_POINT('',(-13.0000000183609,55.6035182330464,-4.9960036108132E-15));
#6726=CARTESIAN_POINT('',(-13.0000000183609,55.6035182330464,-4.9960036108132E-15));
#6727=CARTESIAN_POINT('',(-13.0000000183609,57.2035182330456,-4.9960036108132E-15));
#6728=CARTESIAN_POINT('Origin',(-13.0000000183609,56.403518233046,-4.9960036108132E-15));
#6729=CARTESIAN_POINT('',(-13.0000000183609,60.1035013424403,-4.9960036108132E-15));
#6730=CARTESIAN_POINT('',(12.999999999909,73.6876519327361,-1.66533453693773E-15));
#6731=CARTESIAN_POINT('',(12.999999999909,70.7876688233415,-1.66533453693773E-15));
#6732=CARTESIAN_POINT('',(12.999999999909,73.6876519327361,-1.66533453693773E-15));
#6733=CARTESIAN_POINT('',(12.999999999909,69.1876688233422,-1.66533453693773E-15));
#6734=CARTESIAN_POINT('Origin',(12.999999999909,69.9876688233419,-1.66533453693773E-15));
#6735=CARTESIAN_POINT('',(9.8799999631592,69.1876688233423,-2.22044604925031E-15));
#6736=CARTESIAN_POINT('',(12.999999999909,69.1876688233423,-1.66533453693773E-15));
#6737=CARTESIAN_POINT('',(9.879999998922,70.7876688233415,-2.22044604925031E-15));
#6738=CARTESIAN_POINT('Origin',(9.8799999631592,69.9876688233419,-2.22044604925031E-15));
#6739=CARTESIAN_POINT('',(9.87999999990643,73.6876519327361,-2.22044604925031E-15));
#6740=CARTESIAN_POINT('',(9.87999999991006,70.7876688233415,-2.22044604925031E-15));
#6741=CARTESIAN_POINT('',(9.87999996217475,75.2876519327353,-2.22044604925031E-15));
#6742=CARTESIAN_POINT('Origin',(9.87999996315919,74.4876519327357,-2.22044604925031E-15));
#6743=CARTESIAN_POINT('',(12.999999999909,75.2876519327353,-1.66533453693773E-15));
#6744=CARTESIAN_POINT('',(9.8799999631592,75.2876519327353,-2.22044604925031E-15));
#6745=CARTESIAN_POINT('Origin',(12.999999999909,74.4876519327357,-1.66533453693773E-15));
#6746=CARTESIAN_POINT('',(9.88000001835825,60.1035013424403,-2.22044604925031E-15));
#6747=CARTESIAN_POINT('',(9.87999998161103,61.7035013424395,-2.22044604925031E-15));
#6748=CARTESIAN_POINT('Origin',(9.87999998161103,60.9035013424399,-2.22044604925031E-15));
#6749=CARTESIAN_POINT('',(13.0000000183609,61.7035013424395,-1.66533453693773E-15));
#6750=CARTESIAN_POINT('',(9.87999998161103,61.7035013424395,-2.22044604925031E-15));
#6751=CARTESIAN_POINT('',(13.0000000183609,60.1035013424403,-1.66533453693773E-15));
#6752=CARTESIAN_POINT('Origin',(13.0000000183609,60.9035013424399,-1.66533453693773E-15));
#6753=CARTESIAN_POINT('',(13.0000000183609,57.2035182330456,-1.66533453693773E-15));
#6754=CARTESIAN_POINT('',(13.0000000183609,60.1035013424403,-1.66533453693773E-15));
#6755=CARTESIAN_POINT('',(13.0000000183609,55.6035182330464,-1.66533453693773E-15));
#6756=CARTESIAN_POINT('Origin',(13.0000000183609,56.403518233046,-1.66533453693773E-15));
#6757=CARTESIAN_POINT('',(9.87999998161103,55.6035182330464,-2.22044604925031E-15));
#6758=CARTESIAN_POINT('',(13.0000000183609,55.6035182330464,-1.66533453693773E-15));
#6759=CARTESIAN_POINT('',(9.88000001836189,57.2035182330456,-2.22044604925031E-15));
#6760=CARTESIAN_POINT('Origin',(9.87999998161103,56.403518233046,-2.22044604925031E-15));
#6761=CARTESIAN_POINT('',(9.88000001836189,57.2035182330456,-2.22044604925031E-15));
#6762=CARTESIAN_POINT('',(-9.03927842419217,-7.78735572459414,-4.44089209850063E-15));
#6763=CARTESIAN_POINT('Origin',(-10.5392784241922,-7.78735572459414,-4.44089209850063E-15));
#6764=CARTESIAN_POINT('',(12.0392784243013,-7.78735572459414,-1.66533453693773E-15));
#6765=CARTESIAN_POINT('Origin',(10.5392784243013,-7.78735572459414,-2.22044604925031E-15));
#6766=CARTESIAN_POINT('',(-9.03927842419217,7.78735572453774,-4.44089209850063E-15));
#6767=CARTESIAN_POINT('Origin',(-10.5392784241922,7.78735572453774,-4.44089209850063E-15));
#6768=CARTESIAN_POINT('',(12.0392784243013,7.78735572453774,-1.66533453693773E-15));
#6769=CARTESIAN_POINT('Origin',(10.5392784243013,7.78735572453774,-2.22044604925031E-15));
#6770=CARTESIAN_POINT('',(-14.9824584081034,51.2680029745635,-5.55111512312578E-15));
#6771=CARTESIAN_POINT('Origin',(-16.4824584081034,51.2680029745635,-5.55111512312578E-15));
#6772=CARTESIAN_POINT('',(17.9824584080234,51.2680029745635,-1.11022302462516E-15));
#6773=CARTESIAN_POINT('Origin',(16.4824584080234,51.2680029745635,-1.11022302462516E-15));
#6774=CARTESIAN_POINT('',(-27.3357827088927,-21.7867172238243,-6.66133814775094E-15));
#6775=CARTESIAN_POINT('Origin',(-29.4857827088927,-21.7867172238243,-6.66133814775094E-15));
#6776=CARTESIAN_POINT('',(-27.3357827089072,21.7867172238032,-6.66133814775094E-15));
#6777=CARTESIAN_POINT('Origin',(-29.4857827089072,21.7867172238032,-6.66133814775094E-15));
#6778=CARTESIAN_POINT('',(-13.8420824154091,26.6193438903319,-4.9960036108132E-15));
#6779=CARTESIAN_POINT('Origin',(-15.3420824154091,26.6193438903319,-5.55111512312578E-15));
#6780=CARTESIAN_POINT('',(31.635782708889,-21.7867172238243,5.55111512312578E-16));
#6781=CARTESIAN_POINT('Origin',(29.485782708889,-21.7867172238243,5.55111512312578E-16));
#6782=CARTESIAN_POINT('',(31.6357827089072,21.7867172238032,5.55111512312578E-16));
#6783=CARTESIAN_POINT('Origin',(29.4857827089072,21.7867172238032,5.55111512312578E-16));
#6784=CARTESIAN_POINT('',(16.8420824154091,26.6193438903319,-1.11022302462516E-15));
#6785=CARTESIAN_POINT('Origin',(15.3420824154091,26.6193438903319,-1.66533453693773E-15));
#6786=CARTESIAN_POINT('Origin',(-26.8560717733531,-28.0552631915243,3.5));
#6787=CARTESIAN_POINT('',(-7.34214578306093,-18.7941289492111,-1.5));
#6788=CARTESIAN_POINT('',(-9.51858476627936,-19.827047368796,-1.5));
#6789=CARTESIAN_POINT('',(-7.34214578306093,-18.7941289492111,3.5));
#6790=CARTESIAN_POINT('Origin',(-9.73296243378116,-19.3753370460487,-2.));
#6791=CARTESIAN_POINT('',(-7.77090111806485,-17.8907083037166,-2.5));
#6792=CARTESIAN_POINT('',(-9.94734010128296,-18.9236267233014,-2.5));
#6793=CARTESIAN_POINT('',(-7.34214578306093,-18.7941289492111,-1.5));
#6794=CARTESIAN_POINT('Origin',(27.6956217954402,-33.0813929962147,0.));
#6795=CARTESIAN_POINT('',(27.6956217954721,-28.081392996215,-1.5));
#6796=CARTESIAN_POINT('Origin',(27.6956217954402,-33.0813929962147,-1.5));
#6797=CARTESIAN_POINT('',(27.6956217954721,-28.081392996215,0.));
#6798=CARTESIAN_POINT('Origin',(27.6956217954402,-33.0813929962147,-2.));
#6799=CARTESIAN_POINT('',(27.6956217954779,-27.081392996215,-2.5));
#6800=CARTESIAN_POINT('Origin',(27.6956217954402,-33.0813929962147,-2.5));
#6801=CARTESIAN_POINT('',(27.6956217954721,-28.081392996215,-1.5));
#6802=CARTESIAN_POINT('Origin',(4.46815419698917E-11,-72.6683773745015,
-2.));
#6803=CARTESIAN_POINT('',(-3.73423707539783,-17.8514579788245,-1.5));
#6804=CARTESIAN_POINT('',(-4.12941676156115,-16.8810357275099,-2.5));
#6805=CARTESIAN_POINT('Ctrl Pts',(-3.73423707539783,-17.8514579788245,-1.5));
#6806=CARTESIAN_POINT('Ctrl Pts',(-3.79874966263747,-17.6895061595991,-1.66662842203856));
#6807=CARTESIAN_POINT('Ctrl Pts',(-3.86396852993926,-17.5276664618818,-1.83327086379811));
#6808=CARTESIAN_POINT('Ctrl Pts',(-3.92977821054935,-17.3660979421005,-1.99976364247921));
#6809=CARTESIAN_POINT('Ctrl Pts',(-3.96273583614174,-17.2851840897143,-2.08314357401421));
#6810=CARTESIAN_POINT('Ctrl Pts',(-3.99585407985633,-17.2043077046825,-2.16651742633385));
#6811=CARTESIAN_POINT('Ctrl Pts',(-4.02911935857296,-17.1234874637164,-2.24986594357817));
#6812=CARTESIAN_POINT('Ctrl Pts',(-4.06240113400666,-17.0426271428621,-2.33325579451816));
#6813=CARTESIAN_POINT('Ctrl Pts',(-4.0958379503851,-16.9618039256184,-2.41663997861556));
#6814=CARTESIAN_POINT('Ctrl Pts',(-4.12941676156115,-16.8810357275099,-2.5));
#6815=CARTESIAN_POINT('',(4.12941676155147,-16.8810357275026,-2.5));
#6816=CARTESIAN_POINT('Origin',(4.46816032022316E-11,-72.6683773745015,
-2.5));
#6817=CARTESIAN_POINT('',(3.73423707538999,-17.8514579788179,-1.5));
#6818=CARTESIAN_POINT('Ctrl Pts',(4.12941676155147,-16.8810357275026,-2.5));
#6819=CARTESIAN_POINT('Ctrl Pts',(4.06241839203874,-17.0421890677268,-2.3336753053571));
#6820=CARTESIAN_POINT('Ctrl Pts',(3.99596920464091,-17.2036002045504,-2.16721448225865));
#6821=CARTESIAN_POINT('Ctrl Pts',(3.93017508671124,-17.3651235972647,-2.00076768480229));
#6822=CARTESIAN_POINT('Ctrl Pts',(3.89720276793441,-17.4460700551257,-1.91735389284327));
#6823=CARTESIAN_POINT('Ctrl Pts',(3.86438305709998,-17.5270739371236,-1.83391348334027));
#6824=CARTESIAN_POINT('Ctrl Pts',(3.83173014674819,-17.6081157076554,-1.75046657227371));
#6825=CARTESIAN_POINT('Ctrl Pts',(3.79906902163809,-17.6891778665247,-1.66699866778882));
#6826=CARTESIAN_POINT('Ctrl Pts',(3.76656638430765,-17.7702987722573,-1.58350280094273));
#6827=CARTESIAN_POINT('Ctrl Pts',(3.73423707539,-17.8514579788179,-1.5));
#6828=CARTESIAN_POINT('Origin',(4.46814807375517E-11,-72.6683773745015,
-1.5));
#6829=CARTESIAN_POINT('Origin',(4.46814807375517E-11,-72.6683773745015,
-3.33125840156631E-15));
#6830=CARTESIAN_POINT('',(3.73423707538999,-17.8514579788179,3.5));
#6831=CARTESIAN_POINT('',(-3.73423707539783,-17.8514579788245,3.5));
#6832=CARTESIAN_POINT('Ctrl Pts',(4.12944198255455,-16.8809750626846,-2.82495828325546E-15));
#6833=CARTESIAN_POINT('Ctrl Pts',(4.12944198255455,-16.8809750626846,-2.5));
#6834=CARTESIAN_POINT('Ctrl Pts',(3.99560086103671,-17.2029066398443,-2.84134909336157E-15));
#6835=CARTESIAN_POINT('Ctrl Pts',(3.99560086103671,-17.2029066398443,-2.5));
#6836=CARTESIAN_POINT('Ctrl Pts',(3.86354751707732,-17.52683820813,-2.85752096386123E-15));
#6837=CARTESIAN_POINT('Ctrl Pts',(3.86354751707732,-17.52683820813,-2.5));
#6838=CARTESIAN_POINT('Ctrl Pts',(3.73423707539,-17.8514579788179,-2.8733569257121E-15));
#6839=CARTESIAN_POINT('Ctrl Pts',(3.73423707539,-17.8514579788179,-2.5));
#6840=CARTESIAN_POINT('',(4.12944198255455,-16.8809750626846,-2.5));
#6841=CARTESIAN_POINT('Ctrl Pts',(4.12944198255455,-16.8809750626846,-2.5));
#6842=CARTESIAN_POINT('Ctrl Pts',(4.12943357554647,-16.8809952842827,-2.5));
#6843=CARTESIAN_POINT('Ctrl Pts',(4.12942516854544,-16.8810155058887,-2.5));
#6844=CARTESIAN_POINT('Ctrl Pts',(4.12941676155147,-16.8810357275026,-2.5));
#6845=CARTESIAN_POINT('Ctrl Pts',(4.12944198255455,-16.8809750626846,-2.5));
#6846=CARTESIAN_POINT('Ctrl Pts',(3.99560086103671,-17.2029066398443,-2.16653090457883));
#6847=CARTESIAN_POINT('Ctrl Pts',(3.86354751707732,-17.52683820813,-1.83265768108844));
#6848=CARTESIAN_POINT('Ctrl Pts',(3.73423707539,-17.8514579788179,-1.5));
#6849=CARTESIAN_POINT('Ctrl Pts',(-3.73423707539783,-17.8514579788245,-3.7879812220398E-15));
#6850=CARTESIAN_POINT('Ctrl Pts',(-3.73423707539783,-17.8514579788245,-2.5));
#6851=CARTESIAN_POINT('Ctrl Pts',(-3.86354751708547,-17.5268382081376,-3.80381718389071E-15));
#6852=CARTESIAN_POINT('Ctrl Pts',(-3.86354751708547,-17.5268382081376,-2.5));
#6853=CARTESIAN_POINT('Ctrl Pts',(-3.99560086104509,-17.2029066398531,-3.8199890543904E-15));
#6854=CARTESIAN_POINT('Ctrl Pts',(-3.99560086104509,-17.2029066398531,-2.5));
#6855=CARTESIAN_POINT('Ctrl Pts',(-4.129441982564,-16.8809750626925,-3.83637986449664E-15));
#6856=CARTESIAN_POINT('Ctrl Pts',(-4.129441982564,-16.8809750626925,-2.5));
#6857=CARTESIAN_POINT('',(-4.129441982564,-16.8809750626925,-2.5));
#6858=CARTESIAN_POINT('Ctrl Pts',(-4.129441982564,-16.8809750626925,-2.5));
#6859=CARTESIAN_POINT('Ctrl Pts',(-3.99560086104509,-17.2029066398531,-2.16653090457747));
#6860=CARTESIAN_POINT('Ctrl Pts',(-3.86354751708548,-17.5268382081376,-1.83265768108784));
#6861=CARTESIAN_POINT('Ctrl Pts',(-3.73423707539783,-17.8514579788245,-1.5));
#6862=CARTESIAN_POINT('Ctrl Pts',(-4.12941676156115,-16.8810357275099,-2.5));
#6863=CARTESIAN_POINT('Ctrl Pts',(-4.12942516855505,-16.8810155058962,-2.5));
#6864=CARTESIAN_POINT('Ctrl Pts',(-4.129433575556,-16.8809952842904,-2.5));
#6865=CARTESIAN_POINT('Ctrl Pts',(-4.129441982564,-16.8809750626925,-2.5));
#6866=CARTESIAN_POINT('Origin',(-3.05459243302178,-27.8283354041559,-2.));
#6867=CARTESIAN_POINT('Origin',(-3.05459243302178,-27.8283354041559,-1.5));
#6868=CARTESIAN_POINT('Origin',(-3.05459243302178,-27.8283354041559,-2.5));
#6869=CARTESIAN_POINT('Origin',(3.05459243305086,-27.8283354041519,-2.));
#6870=CARTESIAN_POINT('Origin',(3.05459243305086,-27.8283354041519,-2.5));
#6871=CARTESIAN_POINT('Origin',(3.05459243305086,-27.8283354041519,-1.5));
#6872=CARTESIAN_POINT('Origin',(-3.05459243302178,-27.8283354041559,3.5));
#6873=CARTESIAN_POINT('Origin',(3.05459243305086,-27.8283354041519,3.5));
#6874=CARTESIAN_POINT('',(7.34214578307047,-18.7941289491977,3.5));
#6875=CARTESIAN_POINT('Origin',(7.34214578307047,-18.7941289491977,3.5));
#6876=CARTESIAN_POINT('Origin',(0.,4.87620009261416,-2.5));
#6877=CARTESIAN_POINT('',(-29.3373484857205,-27.0813929962244,-2.50000000000001));
#6878=CARTESIAN_POINT('',(-13.847810897647,-27.0813929961353,-2.50000000000001));
#6879=CARTESIAN_POINT('',(-32.5544244486947,-25.458454679984,-2.50000000000001));
#6880=CARTESIAN_POINT('Origin',(-29.3373484857132,-23.0813929962271,-2.50000000000001));
#6881=CARTESIAN_POINT('',(-34.3448792347663,-23.0352827890646,-2.50000000000001));
#6882=CARTESIAN_POINT('',(-34.0553170716469,-23.4271714308796,-2.50000000000001));
#6883=CARTESIAN_POINT('',(-33.6685832281305,-17.5688138460732,-2.50000000000001));
#6884=CARTESIAN_POINT('Origin',(-31.1278032717813,-20.6582211053081,-2.50000000000001));
#6885=CARTESIAN_POINT('',(-19.1927372073088,-5.66363711322567,-2.50000000000001));
#6886=CARTESIAN_POINT('',(-18.1207736561539,-4.78203644482164,-2.50000000000001));
#6887=CARTESIAN_POINT('',(-17.003907141836,-1.02952622437491,-2.50000000000001));
#6888=CARTESIAN_POINT('Origin',(-23.0039071418354,-1.02952622437613,-2.50000000000001));
#6889=CARTESIAN_POINT('',(-17.003907141836,1.0295262243751,-2.50000000000001));
#6890=CARTESIAN_POINT('',(-17.003907141836,1.92333693411952,-2.50000000000001));
#6891=CARTESIAN_POINT('',(-19.1927372073128,5.66363711322597,-2.50000000000001));
#6892=CARTESIAN_POINT('Origin',(-23.0039071418372,1.0295262243723,-2.50000000000001));
#6893=CARTESIAN_POINT('',(-33.6685832281338,17.5688138460721,-2.50000000000001));
#6894=CARTESIAN_POINT('',(-13.2750851665576,0.796861569513503,-2.50000000000001));
#6895=CARTESIAN_POINT('',(-34.3448792347624,23.0352827890647,-2.50000000000001));
#6896=CARTESIAN_POINT('Origin',(-31.127803271781,20.6582211053038,-2.50000000000001));
#6897=CARTESIAN_POINT('',(-32.554424448698,25.4584546799846,-2.50000000000001));
#6898=CARTESIAN_POINT('',(-32.6199682859592,25.3697487348187,-2.50000000000001));
#6899=CARTESIAN_POINT('',(-29.3373484857148,27.0813929962244,-2.50000000000001));
#6900=CARTESIAN_POINT('Origin',(-29.3373484857151,23.0813929962235,-2.50000000000001));
#6901=CARTESIAN_POINT('',(-23.5667088726441,27.0813929962244,-2.50000000000001));
#6902=CARTESIAN_POINT('',(-14.6686742428574,27.0813929962244,-2.50000000000001));
#6903=CARTESIAN_POINT('',(-19.3240681855225,28.8387523091049,-2.50000000000001));
#6904=CARTESIAN_POINT('Origin',(-23.5667088726426,33.0813929962266,-2.50000000000001));
#6905=CARTESIAN_POINT('',(-15.8786796564395,32.2841408381942,-2.5));
#6906=CARTESIAN_POINT('',(-20.483689193273,27.6791313013524,-2.50000000000001));
#6907=CARTESIAN_POINT('',(-15.,34.4054611817532,-2.50000000000001));
#6908=CARTESIAN_POINT('Origin',(-18.,34.405461181753,-2.50000000000001));
#6909=CARTESIAN_POINT('',(-15.,43.5972197377361,-2.50000000000001));
#6910=CARTESIAN_POINT('',(-15.,19.6408306371837,-2.50000000000001));
#6911=CARTESIAN_POINT('',(-15.87867965644,45.7185400812959,-2.50000000000001));
#6912=CARTESIAN_POINT('Origin',(-18.,43.5972197377367,-2.50000000000001));
#6913=CARTESIAN_POINT('',(-19.1159480183436,48.9558084431976,-2.50000000000001));
#6914=CARTESIAN_POINT('',(-1.69842474515734,31.5382851700218,-2.5));
#6915=CARTESIAN_POINT('',(-19.4088412371566,49.6629152243837,-2.50000000000001));
#6916=CARTESIAN_POINT('Origin',(-18.4088412371568,49.6629152243836,-2.50000000000001));
#6917=CARTESIAN_POINT('',(-19.4088412371566,52.873090724741,-2.50000000000001));
#6918=CARTESIAN_POINT('',(-19.4088412371566,27.2695576584989,-2.50000000000001));
#6919=CARTESIAN_POINT('',(-19.1159480183433,53.5801975059274,-2.50000000000001));
#6920=CARTESIAN_POINT('Origin',(-18.4088412371568,52.8730907247411,-2.50000000000001));
#6921=CARTESIAN_POINT('',(-15.8786796564448,56.8174658678169,-2.50000000000001));
#6922=CARTESIAN_POINT('',(-26.5129603670729,46.1831851572186,-2.50000000000001));
#6923=CARTESIAN_POINT('',(-15.,58.9387862113781,-2.50000000000001));
#6924=CARTESIAN_POINT('Origin',(-17.9999999999998,58.9387862113809,-2.50000000000001));
#6925=CARTESIAN_POINT('',(-15.,79.7352664161044,-2.50000000000001));
#6926=CARTESIAN_POINT('',(-15.,31.9074931519966,-2.50000000000001));
#6927=CARTESIAN_POINT('',(-11.8876767957618,80.772689960836,-2.5));
#6928=CARTESIAN_POINT('',(-19.4786854123072,78.2423964950609,-2.50000000000001));
#6929=CARTESIAN_POINT('',(-9.87999999937166,80.7726899593539,-2.5));
#6930=CARTESIAN_POINT('',(-12.999999994423,80.7726899616571,-2.5));
#6931=CARTESIAN_POINT('',(-9.26896316146161,82.0890560917838,-2.50000000000001));
#6932=CARTESIAN_POINT('Origin',(-9.87999999937168,81.5726899593553,-2.5));
#6933=CARTESIAN_POINT('',(-5.72722957637537,83.0921417803129,-2.5));
#6934=CARTESIAN_POINT('',(-15.270031861592,80.3894403571818,-2.50000000000001));
#6935=CARTESIAN_POINT('',(-5.454728976838,83.1299861675083,-2.5));
#6936=CARTESIAN_POINT('Origin',(-5.45472897683806,82.1299861675143,-2.5));
#6937=CARTESIAN_POINT('',(5.45472897683796,83.1299861675086,-2.5));
#6938=CARTESIAN_POINT('',(-2.72736448841985,83.1299861675084,-2.5));
#6939=CARTESIAN_POINT('',(5.72722957637522,83.092141780313,-2.5));
#6940=CARTESIAN_POINT('Origin',(5.45472897683804,82.1299861675143,-2.5));
#6941=CARTESIAN_POINT('',(9.26896316146161,82.0890560917838,-2.5));
#6942=CARTESIAN_POINT('',(13.3298969492865,80.9389231224988,-2.5));
#6943=CARTESIAN_POINT('',(9.87999999937164,80.7726899593539,-2.5));
#6944=CARTESIAN_POINT('Origin',(9.87999999937165,81.5726899593553,-2.5));
#6945=CARTESIAN_POINT('',(11.8876767957618,80.772689960836,-2.5));
#6946=CARTESIAN_POINT('',(12.999999994423,80.7726899616571,-2.5));
#6947=CARTESIAN_POINT('',(15.0000000000007,79.7352664161042,-2.5));
#6948=CARTESIAN_POINT('',(18.6788966051067,78.5089882610679,-2.5));
#6949=CARTESIAN_POINT('',(15.,58.938786211379,-2.5));
#6950=CARTESIAN_POINT('',(15.,42.3057332543593,-2.5));
#6951=CARTESIAN_POINT('',(15.8786796564455,56.8174658678162,-2.5));
#6952=CARTESIAN_POINT('Origin',(17.9999999999998,58.9387862113809,-2.5));
#6953=CARTESIAN_POINT('',(19.1159480183444,53.5801975059263,-2.5));
#6954=CARTESIAN_POINT('',(24.8943261861231,47.8018193381639,-2.5));
#6955=CARTESIAN_POINT('',(19.4088412371566,52.8730907247411,-2.5));
#6956=CARTESIAN_POINT('Origin',(18.4088412371567,52.8730907247411,-2.5));
#6957=CARTESIAN_POINT('',(19.4088412371566,49.6629152243837,-2.5));
#6958=CARTESIAN_POINT('',(19.4088412371566,28.8746454086776,-2.5));
#6959=CARTESIAN_POINT('',(19.1159480183433,48.9558084431973,-2.5));
#6960=CARTESIAN_POINT('Origin',(18.4088412371568,49.6629152243836,-2.5));
#6961=CARTESIAN_POINT('',(15.8786796564403,45.7185400812963,-2.5));
#6962=CARTESIAN_POINT('',(3.31705892610897,33.1569193509724,-2.5));
#6963=CARTESIAN_POINT('',(15.,43.5972197377357,-2.5));
#6964=CARTESIAN_POINT('Origin',(18.,43.5972197377367,-2.5));
#6965=CARTESIAN_POINT('',(15.,34.4054611817531,-2.5));
#6966=CARTESIAN_POINT('',(15.,24.2367099151751,-2.5));
#6967=CARTESIAN_POINT('',(15.87867965644,32.2841408381937,-2.5));
#6968=CARTESIAN_POINT('Origin',(18.,34.405461181753,-2.5));
#6969=CARTESIAN_POINT('',(19.3240681855217,28.8387523091057,-2.5));
#6970=CARTESIAN_POINT('',(18.7609949287318,29.4018255658967,-2.5));
#6971=CARTESIAN_POINT('',(23.5667088726444,27.0813929962244,-2.5));
#6972=CARTESIAN_POINT('Origin',(23.5667088726425,33.0813929962266,-2.5));
#6973=CARTESIAN_POINT('',(29.3373484857147,27.0813929962244,-2.5));
#6974=CARTESIAN_POINT('',(11.783354436322,27.0813929962244,-2.5));
#6975=CARTESIAN_POINT('',(32.5544244486986,25.4584546799837,-2.5));
#6976=CARTESIAN_POINT('Origin',(29.3373484857151,23.0813929962235,-2.5));
#6977=CARTESIAN_POINT('',(34.3448792347614,23.0352827890659,-2.5));
#6978=CARTESIAN_POINT('',(31.7247408929275,26.581334680278,-2.5));
#6979=CARTESIAN_POINT('',(33.6685832281333,17.5688138460717,-2.5));
#6980=CARTESIAN_POINT('Origin',(31.127803271781,20.6582211053037,-2.5));
#6981=CARTESIAN_POINT('',(19.1927372073124,5.66363711322567,-2.5));
#6982=CARTESIAN_POINT('',(20.5130081769683,6.74944993593676,-2.5));
#6983=CARTESIAN_POINT('',(17.0039071418359,1.02952622437566,-2.5));
#6984=CARTESIAN_POINT('Origin',(23.0039071418371,1.0295262243723,-2.5));
#6985=CARTESIAN_POINT('',(17.0039071418359,-1.02952622437511,-2.5));
#6986=CARTESIAN_POINT('',(17.0039071418359,2.95286315849463,-2.5));
#6987=CARTESIAN_POINT('',(19.1927372073086,-5.66363711322549,-2.5));
#6988=CARTESIAN_POINT('Origin',(23.0039071418354,-1.02952622437613,-2.5));
#6989=CARTESIAN_POINT('',(33.6685832281301,-17.5688138460729,-2.5));
#6990=CARTESIAN_POINT('',(10.8828506457432,1.170551921602,-2.5));
#6991=CARTESIAN_POINT('',(34.3448792347654,-23.0352827890657,-2.5));
#6992=CARTESIAN_POINT('Origin',(31.1278032717813,-20.6582211053081,-2.5));
#6993=CARTESIAN_POINT('',(32.5544244486955,-25.458454679983,-2.5));
#6994=CARTESIAN_POINT('',(34.9505444646822,-22.2155854854204,-2.5));
#6995=CARTESIAN_POINT('',(29.3373484857144,-27.0813929962244,-2.5));
#6996=CARTESIAN_POINT('Origin',(29.3373484857132,-23.0813929962271,-2.5));
#6997=CARTESIAN_POINT('',(14.6686742427683,-27.08139299614,-2.5));
#6998=CARTESIAN_POINT('',(16.8420824154091,26.6193438903319,-2.5));
#6999=CARTESIAN_POINT('Origin',(15.3420824154091,26.6193438903319,-2.5));
#7000=CARTESIAN_POINT('',(31.6357827089072,21.7867172238032,-2.5));
#7001=CARTESIAN_POINT('Origin',(29.4857827089072,21.7867172238032,-2.5));
#7002=CARTESIAN_POINT('',(31.635782708889,-21.7867172238243,-2.5));
#7003=CARTESIAN_POINT('Origin',(29.485782708889,-21.7867172238243,-2.5));
#7004=CARTESIAN_POINT('',(-13.8420824154091,26.6193438903319,-2.50000000000001));
#7005=CARTESIAN_POINT('Origin',(-15.3420824154091,26.6193438903319,-2.50000000000001));
#7006=CARTESIAN_POINT('',(-27.3357827089072,21.7867172238032,-2.50000000000001));
#7007=CARTESIAN_POINT('Origin',(-29.4857827089072,21.7867172238032,-2.50000000000001));
#7008=CARTESIAN_POINT('',(-27.3357827088927,-21.7867172238243,-2.50000000000001));
#7009=CARTESIAN_POINT('Origin',(-29.4857827088927,-21.7867172238243,-2.50000000000001));
#7010=CARTESIAN_POINT('',(17.9824584080234,51.2680029745635,-2.5));
#7011=CARTESIAN_POINT('Origin',(16.4824584080234,51.2680029745635,-2.5));
#7012=CARTESIAN_POINT('',(-14.9824584081034,51.2680029745635,-2.50000000000001));
#7013=CARTESIAN_POINT('Origin',(-16.4824584081034,51.2680029745635,-2.50000000000001));
#7014=CARTESIAN_POINT('',(12.0392784243013,7.78735572453773,-2.5));
#7015=CARTESIAN_POINT('Origin',(10.5392784243013,7.78735572453774,-2.5));
#7016=CARTESIAN_POINT('',(-9.03927842419217,7.78735572453773,-2.5));
#7017=CARTESIAN_POINT('Origin',(-10.5392784241922,7.78735572453774,-2.5));
#7018=CARTESIAN_POINT('',(12.0392784243013,-7.78735572459414,-2.5));
#7019=CARTESIAN_POINT('Origin',(10.5392784243013,-7.78735572459414,-2.5));
#7020=CARTESIAN_POINT('',(-9.03927842419217,-7.78735572459414,-2.5));
#7021=CARTESIAN_POINT('Origin',(-10.5392784241922,-7.78735572459414,-2.5));
#7022=CARTESIAN_POINT('',(9.87999998161103,61.7035013424395,-2.5));
#7023=CARTESIAN_POINT('',(9.88000001835825,60.1035013424403,-2.5));
#7024=CARTESIAN_POINT('Origin',(9.87999998161103,60.9035013424399,-2.5));
#7025=CARTESIAN_POINT('',(9.88000001836189,57.2035182330457,-2.5));
#7026=CARTESIAN_POINT('',(9.88000001836189,57.2035182330456,-2.5));
#7027=CARTESIAN_POINT('',(9.87999998161103,55.6035182330464,-2.5));
#7028=CARTESIAN_POINT('Origin',(9.87999998161103,56.403518233046,-2.5));
#7029=CARTESIAN_POINT('',(13.0000000183609,55.6035182330464,-2.5));
#7030=CARTESIAN_POINT('',(13.0000000183609,55.6035182330464,-2.5));
#7031=CARTESIAN_POINT('',(13.0000000183609,57.2035182330457,-2.5));
#7032=CARTESIAN_POINT('Origin',(13.0000000183609,56.403518233046,-2.5));
#7033=CARTESIAN_POINT('',(13.0000000183609,60.1035013424403,-2.5));
#7034=CARTESIAN_POINT('',(13.0000000183609,60.1035013424403,-2.5));
#7035=CARTESIAN_POINT('',(13.0000000183609,61.7035013424395,-2.5));
#7036=CARTESIAN_POINT('Origin',(13.0000000183609,60.9035013424399,-2.5));
#7037=CARTESIAN_POINT('',(9.87999998161103,61.7035013424395,-2.5));
#7038=CARTESIAN_POINT('',(12.999999999909,70.7876688233415,-2.5));
#7039=CARTESIAN_POINT('',(12.999999999909,73.6876519327361,-2.5));
#7040=CARTESIAN_POINT('',(12.999999999909,73.6876519327361,-2.5));
#7041=CARTESIAN_POINT('',(12.999999999909,75.2876519327353,-2.5));
#7042=CARTESIAN_POINT('Origin',(12.999999999909,74.4876519327357,-2.5));
#7043=CARTESIAN_POINT('',(9.87999996217475,75.2876519327353,-2.5));
#7044=CARTESIAN_POINT('',(9.8799999631592,75.2876519327353,-2.5));
#7045=CARTESIAN_POINT('',(9.87999999990643,73.6876519327361,-2.5));
#7046=CARTESIAN_POINT('Origin',(9.87999996315919,74.4876519327357,-2.5));
#7047=CARTESIAN_POINT('',(9.879999998922,70.7876688233415,-2.5));
#7048=CARTESIAN_POINT('',(9.87999999991006,70.7876688233415,-2.5));
#7049=CARTESIAN_POINT('',(9.8799999631592,69.1876688233423,-2.5));
#7050=CARTESIAN_POINT('Origin',(9.8799999631592,69.9876688233419,-2.5));
#7051=CARTESIAN_POINT('',(12.999999999909,69.1876688233423,-2.5));
#7052=CARTESIAN_POINT('',(12.999999999909,69.1876688233423,-2.5));
#7053=CARTESIAN_POINT('Origin',(12.999999999909,69.9876688233419,-2.5));
#7054=CARTESIAN_POINT('',(-13.0000000183609,61.7035013424395,-2.5));
#7055=CARTESIAN_POINT('',(-13.0000000183609,60.1035013424403,-2.5));
#7056=CARTESIAN_POINT('Origin',(-13.0000000183609,60.9035013424399,-2.5));
#7057=CARTESIAN_POINT('',(-13.0000000183609,57.2035182330457,-2.5));
#7058=CARTESIAN_POINT('',(-13.0000000183609,60.1035013424403,-2.5));
#7059=CARTESIAN_POINT('',(-13.0000000183609,55.6035182330464,-2.5));
#7060=CARTESIAN_POINT('Origin',(-13.0000000183609,56.403518233046,-2.5));
#7061=CARTESIAN_POINT('',(-9.87999998161104,55.6035182330464,-2.5));
#7062=CARTESIAN_POINT('',(-13.0000000183609,55.6035182330464,-2.5));
#7063=CARTESIAN_POINT('',(-9.88000001836191,57.2035182330457,-2.5));
#7064=CARTESIAN_POINT('Origin',(-9.87999998161104,56.403518233046,-2.5));
#7065=CARTESIAN_POINT('',(-9.88000001835827,60.1035013424403,-2.5));
#7066=CARTESIAN_POINT('',(-9.88000001836191,57.2035182330456,-2.5));
#7067=CARTESIAN_POINT('',(-9.87999998161104,61.7035013424395,-2.5));
#7068=CARTESIAN_POINT('Origin',(-9.87999998161104,60.9035013424399,-2.5));
#7069=CARTESIAN_POINT('',(-9.87999998161104,61.7035013424395,-2.5));
#7070=CARTESIAN_POINT('',(-9.87999996315923,69.1876688233423,-2.5));
#7071=CARTESIAN_POINT('',(-9.87999999892201,70.7876688233415,-2.5));
#7072=CARTESIAN_POINT('Origin',(-9.87999996315923,69.9876688233419,-2.5));
#7073=CARTESIAN_POINT('',(-9.87999999990643,73.6876519327361,-2.5));
#7074=CARTESIAN_POINT('',(-9.87999999991008,70.7876688233415,-2.5));
#7075=CARTESIAN_POINT('',(-9.87999996217477,75.2876519327353,-2.5));
#7076=CARTESIAN_POINT('Origin',(-9.87999996315921,74.4876519327357,-2.5));
#7077=CARTESIAN_POINT('',(-12.9999999999091,75.2876519327353,-2.5));
#7078=CARTESIAN_POINT('',(-9.87999996315923,75.2876519327353,-2.5));
#7079=CARTESIAN_POINT('',(-12.999999999909,73.6876519327361,-2.5));
#7080=CARTESIAN_POINT('Origin',(-12.9999999999091,74.4876519327357,-2.5));
#7081=CARTESIAN_POINT('',(-12.9999999999091,70.7876688233415,-2.5));
#7082=CARTESIAN_POINT('',(-12.999999999909,73.6876519327361,-2.5));
#7083=CARTESIAN_POINT('',(-12.9999999999091,69.1876688233423,-2.5));
#7084=CARTESIAN_POINT('Origin',(-12.9999999999091,69.9876688233419,-2.5));
#7085=CARTESIAN_POINT('',(-12.9999999999091,69.1876688233423,-2.5));
#7086=CARTESIAN_POINT('',(0.636644847818371,15.2941761684435,-2.5));
#7087=CARTESIAN_POINT('',(5.39323373261849,19.2210772389783,-2.5));
#7088=CARTESIAN_POINT('',(0.636644847818371,15.2941761684435,-2.5));
#7089=CARTESIAN_POINT('',(5.63038225974741,20.4785317570271,-2.5));
#7090=CARTESIAN_POINT('Origin',(4.75658888480028,19.9922343810349,-2.5));
#7091=CARTESIAN_POINT('',(0.87379337494724,29.0253100455149,-2.5));
#7092=CARTESIAN_POINT('',(5.63038225974741,20.4785317570271,-2.5));
#7093=CARTESIAN_POINT('',(-0.873793374947134,29.0253100455144,-2.5));
#7094=CARTESIAN_POINT('Origin',(-8.88178419700125E-15,28.5390126695213,
-2.5));
#7095=CARTESIAN_POINT('',(-5.63038225974768,20.4785317570272,-2.5));
#7096=CARTESIAN_POINT('',(-5.63038225974743,20.4785317570271,-2.5));
#7097=CARTESIAN_POINT('',(-5.39323373261869,19.2210772389781,-2.5));
#7098=CARTESIAN_POINT('Origin',(-4.7565888848003,19.9922343810349,-2.5));
#7099=CARTESIAN_POINT('',(-0.636644847818228,15.2941761684434,-2.5));
#7100=CARTESIAN_POINT('',(-0.636644847818397,15.2941761684432,-2.5));
#7101=CARTESIAN_POINT('Origin',(-8.88178419700125E-15,16.065333310501,-2.5));
#7102=CARTESIAN_POINT('',(0.758675354281415,62.8986511048924,-2.5));
#7103=CARTESIAN_POINT('',(5.51491043767223,68.4375777147486,-2.5));
#7104=CARTESIAN_POINT('',(0.758675354281415,62.8986511048924,-2.5));
#7105=CARTESIAN_POINT('',(5.75623508338321,69.0890465987288,-2.5));
#7106=CARTESIAN_POINT('Origin',(4.7562350833832,69.0890465987288,-2.5));
#7107=CARTESIAN_POINT('',(5.75623508338282,74.3736863120467,-2.5));
#7108=CARTESIAN_POINT('',(5.75623508338321,69.0890465987288,-2.5));
#7109=CARTESIAN_POINT('',(5.14473211990115,75.2951362849785,-2.5));
#7110=CARTESIAN_POINT('Origin',(4.7562350833832,74.3736863120467,-2.5));
#7111=CARTESIAN_POINT('',(1.97321746465255,76.6322941134394,-2.5));
#7112=CARTESIAN_POINT('',(5.14473211990115,75.2951362849785,-2.5));
#7113=CARTESIAN_POINT('',(1.58472042813445,76.7108441405072,-2.5));
#7114=CARTESIAN_POINT('Origin',(1.58472042813445,75.7108441405072,-2.5));
#7115=CARTESIAN_POINT('',(-1.58472042814902,76.7108441405072,-2.5));
#7116=CARTESIAN_POINT('',(1.58472042813445,76.7108441405072,-2.5));
#7117=CARTESIAN_POINT('',(-1.97321746466697,76.632294113439,-2.5));
#7118=CARTESIAN_POINT('Origin',(-1.58472042814902,75.7108441405072,-2.5));
#7119=CARTESIAN_POINT('',(-5.14473211991588,75.2951362849789,-2.5));
#7120=CARTESIAN_POINT('',(-5.14473211991572,75.2951362849785,-2.5));
#7121=CARTESIAN_POINT('',(-5.75623508339778,74.3736863120467,-2.5));
#7122=CARTESIAN_POINT('Origin',(-4.75623508339778,74.3736863120467,-2.5));
#7123=CARTESIAN_POINT('',(-5.75623508339778,69.0890465987288,-2.5));
#7124=CARTESIAN_POINT('',(-5.75623508339778,69.0890465987288,-2.5));
#7125=CARTESIAN_POINT('',(-5.51491043768693,68.4375777147485,-2.5));
#7126=CARTESIAN_POINT('Origin',(-4.75623508339778,69.0890465987288,-2.5));
#7127=CARTESIAN_POINT('',(-0.75867535429599,62.8986511048924,-2.5));
#7128=CARTESIAN_POINT('',(-0.75867535429599,62.8986511048924,-2.5));
#7129=CARTESIAN_POINT('Origin',(-7.28306304154103E-12,63.5501199888719,
-2.5));
#7130=CARTESIAN_POINT('',(7.64538042802814,49.788849207423,-2.5));
#7131=CARTESIAN_POINT('',(6.19305971656809,51.4801654888347,-2.5));
#7132=CARTESIAN_POINT('',(7.64538042802814,49.788849207423,-2.5));
#7133=CARTESIAN_POINT('',(5.99999999999927,52.001340596019,-2.5));
#7134=CARTESIAN_POINT('Origin',(6.79999999999927,52.001340596019,-2.5));
#7135=CARTESIAN_POINT('',(6.00000000000196,58.8383108448155,-2.5));
#7136=CARTESIAN_POINT('',(6.,52.001340596019,-2.5));
#7137=CARTESIAN_POINT('',(4.59305971656794,59.3594859519998,-2.5));
#7138=CARTESIAN_POINT('Origin',(5.20000000000072,58.8383108448155,-2.5));
#7139=CARTESIAN_POINT('',(2.24132464571052,56.620746647708,-2.5));
#7140=CARTESIAN_POINT('',(4.59305971656794,59.3594859519998,-2.5));
#7141=CARTESIAN_POINT('',(1.99999999999999,55.9692777637283,-2.5));
#7142=CARTESIAN_POINT('Origin',(2.99999999999999,55.9692777637283,-2.5));
#7143=CARTESIAN_POINT('',(1.99999999999999,46.023943479329,-2.5));
#7144=CARTESIAN_POINT('',(1.99999999999999,55.9692777637283,-2.5));
#7145=CARTESIAN_POINT('',(2.24132464571086,45.3724745953489,-2.5));
#7146=CARTESIAN_POINT('Origin',(2.99999999999999,46.023943479329,-2.5));
#7147=CARTESIAN_POINT('',(4.93980533595982,42.2299288129513,-2.5));
#7148=CARTESIAN_POINT('',(2.24132464571086,45.3724745953489,-2.5));
#7149=CARTESIAN_POINT('',(6.11243104433946,42.1854184951855,-2.5));
#7150=CARTESIAN_POINT('Origin',(5.54674561939099,42.7511039201355,-2.5));
#7151=CARTESIAN_POINT('',(7.60412556954421,43.6771130203925,-2.5));
#7152=CARTESIAN_POINT('',(7.60412556954543,43.6771130203913,-2.5));
#7153=CARTESIAN_POINT('',(7.83844014459463,44.2427984453411,-2.5));
#7154=CARTESIAN_POINT('Origin',(7.03844014459536,44.2427984453411,-2.5));
#7155=CARTESIAN_POINT('',(7.83844014459713,49.267674100238,-2.5));
#7156=CARTESIAN_POINT('',(7.83844014459463,49.267674100238,-2.5));
#7157=CARTESIAN_POINT('Origin',(7.03844014459536,49.267674100238,-2.5));
#7158=CARTESIAN_POINT('',(-6.00000000000001,52.001340596019,-2.5));
#7159=CARTESIAN_POINT('',(-6.19305971656874,51.480165488834,-2.5));
#7160=CARTESIAN_POINT('Origin',(-6.79999999999929,52.001340596019,-2.5));
#7161=CARTESIAN_POINT('',(-7.64538042802627,49.7888492074214,-2.5));
#7162=CARTESIAN_POINT('',(-7.64538042802815,49.788849207423,-2.5));
#7163=CARTESIAN_POINT('',(-7.83844014459465,49.267674100238,-2.5));
#7164=CARTESIAN_POINT('Origin',(-7.03844014459538,49.267674100238,-2.5));
#7165=CARTESIAN_POINT('',(-7.83844014459637,44.2427984453411,-2.5));
#7166=CARTESIAN_POINT('',(-7.83844014459465,49.267674100238,-2.5));
#7167=CARTESIAN_POINT('',(-7.60412556954544,43.6771130203913,-2.5));
#7168=CARTESIAN_POINT('Origin',(-7.03844014459538,44.2427984453411,-2.5));
#7169=CARTESIAN_POINT('',(-6.1124310443392,42.1854184951852,-2.5));
#7170=CARTESIAN_POINT('',(-7.60412556954544,43.6771130203913,-2.5));
#7171=CARTESIAN_POINT('',(-4.93980533595824,42.2299288129499,-2.5));
#7172=CARTESIAN_POINT('Origin',(-5.54674561939101,42.7511039201355,-2.5));
#7173=CARTESIAN_POINT('',(-2.24132464571172,45.3724745953479,-2.5));
#7174=CARTESIAN_POINT('',(-2.24132464571172,45.3724745953479,-2.5));
#7175=CARTESIAN_POINT('',(-2.00000000000001,46.023943479329,-2.5));
#7176=CARTESIAN_POINT('Origin',(-3.00000000000001,46.023943479329,-2.5));
#7177=CARTESIAN_POINT('',(-2.00000000000043,55.9692777637283,-2.5));
#7178=CARTESIAN_POINT('',(-2.00000000000001,55.9692777637283,-2.5));
#7179=CARTESIAN_POINT('',(-2.24132464571086,56.6207466477077,-2.5));
#7180=CARTESIAN_POINT('Origin',(-3.00000000000001,55.9692777637283,-2.5));
#7181=CARTESIAN_POINT('',(-4.59305971656946,59.3594859519985,-2.5));
#7182=CARTESIAN_POINT('',(-4.59305971656796,59.3594859519998,-2.5));
#7183=CARTESIAN_POINT('',(-6.00000000000001,58.8383108448155,-2.5));
#7184=CARTESIAN_POINT('Origin',(-5.20000000000073,58.8383108448155,-2.5));
#7185=CARTESIAN_POINT('',(-6.00000000000001,52.001340596019,-2.5));
#7186=CARTESIAN_POINT('Origin',(-27.6956217954402,-33.0813929962147,-6.66133814775094E-15));
#7187=CARTESIAN_POINT('',(-27.6956217954721,-28.081392996215,-6.66133814775094E-15));
#7188=CARTESIAN_POINT('Origin',(-15.4062821613613,80.870518163584,-2.00000000000001));
#7189=CARTESIAN_POINT('',(-9.87999999937168,82.3726899593567,-2.06059217766258));
#7190=CARTESIAN_POINT('',(-9.88000000052489,82.9553318624834,-1.5));
#7191=CARTESIAN_POINT('',(-9.87999999966512,82.5125677962869,-1.9260079316733));
#7192=CARTESIAN_POINT('',(-5.99973017591402,84.0542973931174,-1.5));
#7193=CARTESIAN_POINT('',(-15.5425324611306,81.3515959699862,-1.50000000000001));
#7194=CARTESIAN_POINT('',(-5.99973017591402,84.0542973931174,-1.5));
#7195=CARTESIAN_POINT('Origin',(-9.87999999937168,81.5726899593553,-2.83031666790749));
#7196=CARTESIAN_POINT('Origin',(-5.45472897683806,82.1299861675143,-2.));
#7197=CARTESIAN_POINT('',(-5.45472897683795,84.1299861675084,-1.5));
#7198=CARTESIAN_POINT('',(-5.45472897683795,84.1299861675084,-1.5));
#7199=CARTESIAN_POINT('Origin',(-5.45472897683806,82.1299861675143,-1.5));
#7200=CARTESIAN_POINT('Origin',(-2.72736448841986,83.6299861675084,-2.));
#7201=CARTESIAN_POINT('',(5.45472897683793,84.1299861675084,-1.5));
#7202=CARTESIAN_POINT('',(5.45472897683793,84.1299861675084,-1.5));
#7203=CARTESIAN_POINT('',(-2.72736448841988,84.1299861675084,-1.5));
#7204=CARTESIAN_POINT('Origin',(5.45472897683804,82.1299861675143,-2.));
#7205=CARTESIAN_POINT('',(5.999730175914,84.0542973931174,-1.5));
#7206=CARTESIAN_POINT('',(5.999730175914,84.0542973931174,-1.5));
#7207=CARTESIAN_POINT('Origin',(5.45472897683804,82.1299861675143,-1.5));
#7208=CARTESIAN_POINT('Origin',(13.4661472490559,81.420000928901,-2.));
#7209=CARTESIAN_POINT('',(9.87999999937166,82.3726899593567,-2.0605921776626));
#7210=CARTESIAN_POINT('Origin',(9.87999999937165,81.5726899593553,-2.83031666790751));
#7211=CARTESIAN_POINT('',(9.88000000052488,82.9553318624834,-1.5));
#7212=CARTESIAN_POINT('',(13.6023975488252,81.9010787353033,-1.5));
#7213=CARTESIAN_POINT('',(9.88000000023033,82.8065126309307,-1.64318725901191));
#7214=CARTESIAN_POINT('Origin',(9.87999999937165,81.5726899593553,-2.22044604925031E-15));
#7215=CARTESIAN_POINT('',(9.87999999937166,82.3726899593567,-2.22044604925031E-15));
#7216=CARTESIAN_POINT('',(9.87999999937164,80.7726899593539,-2.22044604925031E-15));
#7217=CARTESIAN_POINT('Origin',(9.88000000052488,82.9553318624834,-2.22044604925031E-15));
#7218=CARTESIAN_POINT('',(9.88000000052488,82.9553318624834,-2.22044604925031E-15));
#7219=CARTESIAN_POINT('Origin',(5.99973017591401,84.0542973931174,-2.77555756156289E-15));
#7220=CARTESIAN_POINT('',(5.999730175914,84.0542973931174,-2.77555756156289E-15));
#7221=CARTESIAN_POINT('Origin',(5.45472897683804,82.1299861675143,-2.77555756156289E-15));
#7222=CARTESIAN_POINT('',(5.45472897683793,84.1299861675084,-2.77555756156289E-15));
#7223=CARTESIAN_POINT('Origin',(-5.45472897683795,84.1299861675084,-3.88578058618805E-15));
#7224=CARTESIAN_POINT('',(-5.45472897683795,84.1299861675084,-3.88578058618805E-15));
#7225=CARTESIAN_POINT('Origin',(-5.45472897683806,82.1299861675143,-3.88578058618805E-15));
#7226=CARTESIAN_POINT('',(-5.99973017591402,84.0542973931174,-4.44089209850063E-15));
#7227=CARTESIAN_POINT('Origin',(-9.88000000052489,82.9553318624834,-4.44089209850063E-15));
#7228=CARTESIAN_POINT('',(-9.88000000052489,82.9553318624834,-4.44089209850063E-15));
#7229=CARTESIAN_POINT('Origin',(18.8370080844871,78.9833307112957,-2.));
#7230=CARTESIAN_POINT('',(12.999999994423,80.7726899616571,-2.14825786624213));
#7231=CARTESIAN_POINT('',(13.7166453443606,81.2171348485739,-1.5));
#7232=CARTESIAN_POINT('Origin',(12.9999999944224,81.5726899571881,-1.38930995011744));
#7233=CARTESIAN_POINT('',(15.3162229587615,80.6839513165598,-1.5));
#7234=CARTESIAN_POINT('',(18.9951195638675,79.4576731615235,-1.5));
#7235=CARTESIAN_POINT('',(15.3162229587615,80.6839513165598,-1.5));
#7236=CARTESIAN_POINT('',(14.5651039083394,80.7726899628124,-1.65333607471936));
#7237=CARTESIAN_POINT('Origin',(15.5,42.3057332543593,-2.));
#7238=CARTESIAN_POINT('',(16.,58.938786211379,-1.5));
#7239=CARTESIAN_POINT('',(16.,58.938786211379,-1.5));
#7240=CARTESIAN_POINT('',(16.,79.7352664161044,-1.5));
#7241=CARTESIAN_POINT('',(15.,79.7352664161044,-2.5));
#7242=CARTESIAN_POINT('',(16.,42.3057332543593,-1.5));
#7243=CARTESIAN_POINT('Origin',(17.9999999999998,58.9387862113809,-2.));
#7244=CARTESIAN_POINT('',(16.5857864376303,57.5245726490044,-1.5));
#7245=CARTESIAN_POINT('',(16.5857864376303,57.5245726490044,-1.5));
#7246=CARTESIAN_POINT('Origin',(17.9999999999998,58.9387862113809,-1.5));
#7247=CARTESIAN_POINT('Origin',(25.2478795767159,48.1553727287577,-2.));
#7248=CARTESIAN_POINT('',(19.8230547995299,54.2873042871139,-1.5));
#7249=CARTESIAN_POINT('',(19.8230547995299,54.2873042871139,-1.5));
#7250=CARTESIAN_POINT('',(25.6014329673086,48.5089261193514,-1.5));
#7251=CARTESIAN_POINT('Origin',(18.4088412371567,52.8730907247411,-2.));
#7252=CARTESIAN_POINT('',(20.4088412371566,52.873090724741,-1.5));
#7253=CARTESIAN_POINT('',(20.4088412371566,52.873090724741,-1.5));
#7254=CARTESIAN_POINT('Origin',(18.4088412371567,52.8730907247411,-1.5));
#7255=CARTESIAN_POINT('Origin',(19.9088412371566,28.8746454086776,-2.));
#7256=CARTESIAN_POINT('',(20.4088412371566,49.6629152243837,-1.5));
#7257=CARTESIAN_POINT('',(20.4088412371566,49.6629152243837,-1.5));
#7258=CARTESIAN_POINT('',(20.4088412371566,28.8746454086776,-1.5));
#7259=CARTESIAN_POINT('Origin',(18.4088412371568,49.6629152243836,-2.));
#7260=CARTESIAN_POINT('',(19.8230547995299,48.2487016620108,-1.5));
#7261=CARTESIAN_POINT('',(19.8230547995299,48.2487016620108,-1.5));
#7262=CARTESIAN_POINT('Origin',(18.4088412371568,49.6629152243836,-1.5));
#7263=CARTESIAN_POINT('Origin',(3.67061231670213,32.8033659603791,-2.));
#7264=CARTESIAN_POINT('',(16.5857864376266,45.0114333001095,-1.5));
#7265=CARTESIAN_POINT('',(16.5857864376266,45.0114333001095,-1.5));
#7266=CARTESIAN_POINT('',(4.0241657072953,32.4498125697857,-1.5));
#7267=CARTESIAN_POINT('Origin',(18.,43.5972197377367,-2.));
#7268=CARTESIAN_POINT('',(16.,43.5972197377361,-1.5));
#7269=CARTESIAN_POINT('',(16.,43.5972197377361,-1.5));
#7270=CARTESIAN_POINT('Origin',(18.,43.5972197377367,-1.5));
#7271=CARTESIAN_POINT('Origin',(15.5,24.2367099151751,-2.));
#7272=CARTESIAN_POINT('',(16.,34.4054611817531,-1.5));
#7273=CARTESIAN_POINT('',(16.,34.4054611817531,-1.5));
#7274=CARTESIAN_POINT('',(16.,24.2367099151751,-1.5));
#7275=CARTESIAN_POINT('Origin',(18.,34.405461181753,-2.));
#7276=CARTESIAN_POINT('',(16.5857864376266,32.9912476193801,-1.5));
#7277=CARTESIAN_POINT('',(16.5857864376266,32.9912476193801,-1.5));
#7278=CARTESIAN_POINT('Origin',(18.,34.405461181753,-1.5));
#7279=CARTESIAN_POINT('Origin',(19.1145483193254,29.7553789564896,-2.));
#7280=CARTESIAN_POINT('',(20.0311749667089,29.5458590902916,-1.5));
#7281=CARTESIAN_POINT('',(20.0311749667089,29.5458590902916,-1.5));
#7282=CARTESIAN_POINT('',(19.468101709919,30.1089323470826,-1.5));
#7283=CARTESIAN_POINT('Origin',(23.5667088726425,33.0813929962266,-2.));
#7284=CARTESIAN_POINT('',(23.5667088726441,28.0813929962244,-1.5));
#7285=CARTESIAN_POINT('',(23.5667088726441,28.0813929962244,-1.5));
#7286=CARTESIAN_POINT('Origin',(23.5667088726425,33.0813929962266,-1.5));
#7287=CARTESIAN_POINT('Origin',(11.783354436322,27.5813929962244,-2.));
#7288=CARTESIAN_POINT('',(29.3373484857147,28.0813929962244,-1.5));
#7289=CARTESIAN_POINT('',(29.3373484857147,28.0813929962244,-1.5));
#7290=CARTESIAN_POINT('',(11.783354436322,28.0813929962244,-1.5));
#7291=CARTESIAN_POINT('Origin',(29.3373484857151,23.0813929962235,-2.));
#7292=CARTESIAN_POINT('',(33.3586934394443,26.0527201009236,-1.5));
#7293=CARTESIAN_POINT('',(33.3586934394443,26.0527201009236,-1.5));
#7294=CARTESIAN_POINT('Origin',(29.3373484857151,23.0813929962235,-1.5));
#7295=CARTESIAN_POINT('Origin',(32.1268753883007,26.8784673907475,-2.));
#7296=CARTESIAN_POINT('',(35.1491482255078,23.6295482100049,-1.5));
#7297=CARTESIAN_POINT('',(35.1491482255078,23.6295482100049,-1.5));
#7298=CARTESIAN_POINT('',(32.5290098836739,27.175600101217,-1.5));
#7299=CARTESIAN_POINT('Origin',(31.127803271781,20.6582211053037,-2.));
#7300=CARTESIAN_POINT('',(34.3037782172214,16.7964620312637,-1.5));
#7301=CARTESIAN_POINT('',(34.3037782172214,16.7964620312637,-1.5));
#7302=CARTESIAN_POINT('Origin',(31.127803271781,20.6582211053037,-1.5));
#7303=CARTESIAN_POINT('Origin',(20.8306056715121,6.36327402853251,-2.));
#7304=CARTESIAN_POINT('',(19.8279321964001,4.89128529841718,-1.5));
#7305=CARTESIAN_POINT('',(19.8279321964001,4.89128529841718,-1.5));
#7306=CARTESIAN_POINT('',(21.1482031660559,5.97709812112827,-1.5));
#7307=CARTESIAN_POINT('Origin',(23.0039071418371,1.0295262243723,-2.));
#7308=CARTESIAN_POINT('',(18.0039071418359,1.0295262243751,-1.5));
#7309=CARTESIAN_POINT('',(18.0039071418359,1.0295262243751,-1.5));
#7310=CARTESIAN_POINT('Origin',(23.0039071418371,1.0295262243723,-1.5));
#7311=CARTESIAN_POINT('Origin',(17.5039071418359,2.95286315849463,-2.));
#7312=CARTESIAN_POINT('',(18.0039071418359,-1.02952622437511,-1.5));
#7313=CARTESIAN_POINT('',(18.0039071418359,-1.02952622437511,-1.5));
#7314=CARTESIAN_POINT('',(18.0039071418359,2.95286315849463,-1.5));
#7315=CARTESIAN_POINT('Origin',(23.0039071418354,-1.02952622437613,-2.));
#7316=CARTESIAN_POINT('',(19.8279321963964,-4.89128529841719,-1.5));
#7317=CARTESIAN_POINT('',(19.8279321963964,-4.89128529841719,-1.5));
#7318=CARTESIAN_POINT('Origin',(23.0039071418354,-1.02952622437613,-1.5));
#7319=CARTESIAN_POINT('Origin',(11.200448140287,1.55672782900624,-2.));
#7320=CARTESIAN_POINT('',(34.3037782172178,-16.7964620312645,-1.5));
#7321=CARTESIAN_POINT('',(34.3037782172178,-16.7964620312645,-1.5));
#7322=CARTESIAN_POINT('',(11.5180456348308,1.94290373641047,-1.5));
#7323=CARTESIAN_POINT('Origin',(31.1278032717813,-20.6582211053081,-2.));
#7324=CARTESIAN_POINT('',(35.1491482255114,-23.6295482100052,-1.5));
#7325=CARTESIAN_POINT('',(35.1491482255114,-23.6295482100052,-1.5));
#7326=CARTESIAN_POINT('Origin',(31.1278032717813,-20.6582211053081,-1.5));
#7327=CARTESIAN_POINT('Origin',(35.3526789600548,-22.5127181958907,-2.));
#7328=CARTESIAN_POINT('',(33.3586934394407,-26.0527201009236,-1.5));
#7329=CARTESIAN_POINT('',(33.3586934394407,-26.0527201009236,-1.5));
#7330=CARTESIAN_POINT('',(35.7548134554274,-22.809850906361,-1.5));
#7331=CARTESIAN_POINT('Origin',(29.3373484857132,-23.0813929962271,-2.));
#7332=CARTESIAN_POINT('',(29.3373484857147,-28.0813929962244,-1.5));
#7333=CARTESIAN_POINT('',(29.3373484857147,-28.0813929962244,-1.5));
#7334=CARTESIAN_POINT('Origin',(29.3373484857132,-23.0813929962271,-1.5));
#7335=CARTESIAN_POINT('Origin',(14.6686742427655,-27.58139299614,-2.));
#7336=CARTESIAN_POINT('',(14.6686742427626,-28.08139299614,-1.5));
#7337=CARTESIAN_POINT('Origin',(-13.8478108976442,-27.5813929961353,-2.00000000000001));
#7338=CARTESIAN_POINT('',(-29.3373484857148,-28.0813929962244,-1.50000000000001));
#7339=CARTESIAN_POINT('',(-29.3373484857148,-28.0813929962244,-1.50000000000001));
#7340=CARTESIAN_POINT('',(-13.8478108976413,-28.0813929961353,-1.50000000000001));
#7341=CARTESIAN_POINT('Origin',(-29.3373484857132,-23.0813929962271,-2.00000000000001));
#7342=CARTESIAN_POINT('',(-33.3586934394407,-26.0527201009236,-1.50000000000001));
#7343=CARTESIAN_POINT('',(-33.3586934394407,-26.0527201009236,-1.50000000000001));
#7344=CARTESIAN_POINT('Origin',(-29.3373484857132,-23.0813929962271,-1.50000000000001));
#7345=CARTESIAN_POINT('Origin',(-34.4574515670195,-23.7243041413499,-2.00000000000001));
#7346=CARTESIAN_POINT('',(-35.1491482255115,-23.6295482100052,-1.50000000000001));
#7347=CARTESIAN_POINT('',(-35.1491482255115,-23.6295482100052,-1.50000000000001));
#7348=CARTESIAN_POINT('',(-34.8595860623921,-24.0214368518201,-1.50000000000001));
#7349=CARTESIAN_POINT('Origin',(-31.1278032717813,-20.6582211053081,-2.00000000000001));
#7350=CARTESIAN_POINT('',(-34.3037782172178,-16.7964620312645,-1.50000000000001));
#7351=CARTESIAN_POINT('',(-34.3037782172178,-16.7964620312645,-1.50000000000001));
#7352=CARTESIAN_POINT('Origin',(-31.1278032717813,-20.6582211053081,-1.50000000000001));
#7353=CARTESIAN_POINT('Origin',(-18.4383711506977,-4.3958605374174,-2.00000000000001));
#7354=CARTESIAN_POINT('',(-19.8279321963964,-4.89128529841719,-1.50000000000001));
#7355=CARTESIAN_POINT('',(-19.8279321963964,-4.89128529841719,-1.50000000000001));
#7356=CARTESIAN_POINT('',(-18.7559686452415,-4.00968463001316,-1.50000000000001));
#7357=CARTESIAN_POINT('Origin',(-23.0039071418354,-1.02952622437613,-2.00000000000001));
#7358=CARTESIAN_POINT('',(-18.003907141836,-1.02952622437511,-1.50000000000001));
#7359=CARTESIAN_POINT('',(-18.003907141836,-1.02952622437511,-1.50000000000001));
#7360=CARTESIAN_POINT('Origin',(-23.0039071418354,-1.02952622437613,-1.50000000000001));
#7361=CARTESIAN_POINT('Origin',(-17.503907141836,1.92333693411952,-2.00000000000001));
#7362=CARTESIAN_POINT('',(-18.003907141836,1.0295262243751,-1.50000000000001));
#7363=CARTESIAN_POINT('',(-18.003907141836,1.0295262243751,-1.50000000000001));
#7364=CARTESIAN_POINT('',(-18.003907141836,1.92333693411952,-1.50000000000001));
#7365=CARTESIAN_POINT('Origin',(-23.0039071418372,1.0295262243723,-2.00000000000001));
#7366=CARTESIAN_POINT('',(-19.8279321964001,4.89128529841718,-1.50000000000001));
#7367=CARTESIAN_POINT('',(-19.8279321964001,4.89128529841718,-1.50000000000001));
#7368=CARTESIAN_POINT('Origin',(-23.0039071418372,1.0295262243723,-1.50000000000001));
#7369=CARTESIAN_POINT('Origin',(-13.5926826611014,0.410685662109261,-2.00000000000001));
#7370=CARTESIAN_POINT('',(-34.3037782172214,16.7964620312637,-1.50000000000001));
#7371=CARTESIAN_POINT('',(-34.3037782172214,16.7964620312637,-1.50000000000001));
#7372=CARTESIAN_POINT('',(-13.9102801556452,0.0245097547050191,-1.50000000000001));
#7373=CARTESIAN_POINT('Origin',(-31.127803271781,20.6582211053038,-2.00000000000001));
#7374=CARTESIAN_POINT('',(-35.1491482255078,23.6295482100049,-1.50000000000001));
#7375=CARTESIAN_POINT('',(-35.1491482255078,23.6295482100049,-1.50000000000001));
#7376=CARTESIAN_POINT('Origin',(-31.127803271781,20.6582211053038,-1.50000000000001));
#7377=CARTESIAN_POINT('Origin',(-33.0221027813324,25.6668814452882,-2.00000000000001));
#7378=CARTESIAN_POINT('',(-33.3586934394443,26.0527201009236,-1.50000000000001));
#7379=CARTESIAN_POINT('',(-33.3586934394443,26.0527201009236,-1.50000000000001));
#7380=CARTESIAN_POINT('',(-33.4242372767056,25.9640141557577,-1.50000000000001));
#7381=CARTESIAN_POINT('Origin',(-29.3373484857151,23.0813929962235,-2.00000000000001));
#7382=CARTESIAN_POINT('',(-29.3373484857148,28.0813929962244,-1.50000000000001));
#7383=CARTESIAN_POINT('',(-29.3373484857148,28.0813929962244,-1.50000000000001));
#7384=CARTESIAN_POINT('Origin',(-29.3373484857151,23.0813929962235,-1.50000000000001));
#7385=CARTESIAN_POINT('Origin',(-14.6686742428574,27.5813929962244,-2.00000000000001));
#7386=CARTESIAN_POINT('',(-23.5667088726441,28.0813929962244,-1.50000000000001));
#7387=CARTESIAN_POINT('',(-23.5667088726441,28.0813929962244,-1.50000000000001));
#7388=CARTESIAN_POINT('',(-14.6686742428574,28.0813929962244,-1.50000000000001));
#7389=CARTESIAN_POINT('Origin',(-23.5667088726426,33.0813929962266,-2.00000000000001));
#7390=CARTESIAN_POINT('',(-20.0311749667089,29.5458590902916,-1.50000000000001));
#7391=CARTESIAN_POINT('',(-20.0311749667089,29.5458590902916,-1.50000000000001));
#7392=CARTESIAN_POINT('Origin',(-23.5667088726426,33.0813929962266,-1.50000000000001));
#7393=CARTESIAN_POINT('Origin',(-20.8372425838666,28.0326846919454,-2.00000000000001));
#7394=CARTESIAN_POINT('',(-16.5857864376267,32.9912476193801,-1.50000000000001));
#7395=CARTESIAN_POINT('',(-16.5857864376267,32.9912476193801,-1.50000000000001));
#7396=CARTESIAN_POINT('',(-21.1907959744602,28.3862380825383,-1.50000000000001));
#7397=CARTESIAN_POINT('Origin',(-18.,34.405461181753,-2.00000000000001));
#7398=CARTESIAN_POINT('',(-16.,34.4054611817531,-1.50000000000001));
#7399=CARTESIAN_POINT('',(-16.,34.4054611817531,-1.50000000000001));
#7400=CARTESIAN_POINT('Origin',(-18.,34.405461181753,-1.50000000000001));
#7401=CARTESIAN_POINT('Origin',(-15.5,19.6408306371837,-2.00000000000001));
#7402=CARTESIAN_POINT('',(-16.,43.5972197377361,-1.50000000000001));
#7403=CARTESIAN_POINT('',(-16.,43.5972197377361,-1.50000000000001));
#7404=CARTESIAN_POINT('',(-16.,19.6408306371837,-1.50000000000001));
#7405=CARTESIAN_POINT('Origin',(-18.,43.5972197377367,-2.00000000000001));
#7406=CARTESIAN_POINT('',(-16.5857864376267,45.0114333001095,-1.50000000000001));
#7407=CARTESIAN_POINT('',(-16.5857864376267,45.0114333001095,-1.50000000000001));
#7408=CARTESIAN_POINT('Origin',(-18.,43.5972197377367,-1.50000000000001));
#7409=CARTESIAN_POINT('Origin',(-2.05197813575051,31.1847317794284,-2.));
#7410=CARTESIAN_POINT('',(-19.8230547995299,48.2487016620108,-1.50000000000001));
#7411=CARTESIAN_POINT('',(-19.8230547995299,48.2487016620108,-1.50000000000001));
#7412=CARTESIAN_POINT('',(-2.40553152634368,30.831178388835,-1.5));
#7413=CARTESIAN_POINT('Origin',(-18.4088412371568,49.6629152243836,-2.00000000000001));
#7414=CARTESIAN_POINT('',(-20.4088412371566,49.6629152243837,-1.50000000000001));
#7415=CARTESIAN_POINT('',(-20.4088412371566,49.6629152243837,-1.50000000000001));
#7416=CARTESIAN_POINT('Origin',(-18.4088412371568,49.6629152243836,-1.50000000000001));
#7417=CARTESIAN_POINT('Origin',(-19.9088412371566,27.2695576584989,-2.00000000000001));
#7418=CARTESIAN_POINT('',(-20.4088412371566,52.873090724741,-1.50000000000001));
#7419=CARTESIAN_POINT('',(-20.4088412371566,52.873090724741,-1.50000000000001));
#7420=CARTESIAN_POINT('',(-20.4088412371566,27.2695576584989,-1.50000000000001));
#7421=CARTESIAN_POINT('Origin',(-18.4088412371568,52.8730907247411,-2.00000000000001));
#7422=CARTESIAN_POINT('',(-19.8230547995299,54.2873042871139,-1.50000000000001));
#7423=CARTESIAN_POINT('',(-19.8230547995299,54.2873042871139,-1.50000000000001));
#7424=CARTESIAN_POINT('Origin',(-18.4088412371568,52.8730907247411,-1.50000000000001));
#7425=CARTESIAN_POINT('Origin',(-26.8665137576657,46.5367385478124,-2.00000000000001));
#7426=CARTESIAN_POINT('',(-16.5857864376303,57.5245726490044,-1.50000000000001));
#7427=CARTESIAN_POINT('',(-16.5857864376303,57.5245726490044,-1.50000000000001));
#7428=CARTESIAN_POINT('',(-27.2200671482585,46.8902919384062,-1.50000000000001));
#7429=CARTESIAN_POINT('Origin',(-17.9999999999998,58.9387862113809,-2.00000000000001));
#7430=CARTESIAN_POINT('',(-16.,58.938786211379,-1.50000000000001));
#7431=CARTESIAN_POINT('',(-16.,58.938786211379,-1.50000000000001));
#7432=CARTESIAN_POINT('Origin',(-17.9999999999998,58.9387862113809,-1.50000000000001));
#7433=CARTESIAN_POINT('Origin',(-15.5,31.9074931519966,-2.00000000000001));
#7434=CARTESIAN_POINT('',(-16.,79.7352664161044,-1.50000000000001));
#7435=CARTESIAN_POINT('',(-16.,79.7352664161044,-1.50000000000001));
#7436=CARTESIAN_POINT('',(-16.,31.9074931519966,-1.50000000000001));
#7437=CARTESIAN_POINT('Origin',(15.,79.7352664161044,-1.5));
#7438=CARTESIAN_POINT('Origin',(15.,79.7352664161044,-1.5));
#7439=CARTESIAN_POINT('Origin',(-19.6367968916876,78.7167389452887,-2.00000000000001));
#7440=CARTESIAN_POINT('',(-12.999999994423,80.7726899616571,-2.14825786624213));
#7441=CARTESIAN_POINT('',(-16.3468310149912,80.7726899641277,-1.08991305610188));
#7442=CARTESIAN_POINT('',(-15.3162229587615,80.6839513165598,-1.50000000000001));
#7443=CARTESIAN_POINT('',(-15.0000000000007,79.7352664161042,-2.50000000000001));
#7444=CARTESIAN_POINT('',(-13.7166453443606,81.2171348485739,-1.50000000000001));
#7445=CARTESIAN_POINT('',(-19.7949083710679,79.1910813955165,-1.50000000000001));
#7446=CARTESIAN_POINT('Origin',(-12.9999999944225,81.5726899571881,-1.38930995011744));
#7447=CARTESIAN_POINT('Origin',(-15.,79.7352664161044,-1.50000000000001));
#7448=CARTESIAN_POINT('Origin',(-15.,79.7352664161044,-1.50000000000001));
#7449=CARTESIAN_POINT('Origin',(12.9999999944224,81.5726899571881,-1.66533453693773E-15));
#7450=CARTESIAN_POINT('',(12.999999994423,80.7726899616571,-1.66533453693773E-15));
#7451=CARTESIAN_POINT('',(13.7166453443606,81.2171348485739,-1.66533453693773E-15));
#7452=CARTESIAN_POINT('Origin',(9.87999999937164,80.7726899593539,-2.22044604925031E-15));
#7453=CARTESIAN_POINT('Origin',(-12.999999994423,80.7726899616571,-4.9960036108132E-15));
#7454=CARTESIAN_POINT('',(-12.999999994423,80.7726899616571,-4.9960036108132E-15));
#7455=CARTESIAN_POINT('',(-9.87999999937166,80.7726899593539,-4.44089209850063E-15));
#7456=CARTESIAN_POINT('Origin',(-6.00000000000001,58.8383108448155,-4.44089209850063E-15));
#7457=CARTESIAN_POINT('',(-6.00000000000001,52.001340596019,-4.44089209850063E-15));
#7458=CARTESIAN_POINT('',(-6.00000000000001,58.8383108448155,-4.44089209850063E-15));
#7459=CARTESIAN_POINT('Origin',(-5.20000000000073,58.8383108448155,-3.88578058618805E-15));
#7460=CARTESIAN_POINT('',(-4.59305971656946,59.3594859519985,-3.88578058618805E-15));
#7461=CARTESIAN_POINT('Origin',(-2.24132464571086,56.6207466477077,-3.33066907387547E-15));
#7462=CARTESIAN_POINT('',(-2.24132464571086,56.6207466477077,-3.33066907387547E-15));
#7463=CARTESIAN_POINT('Origin',(-3.00000000000001,55.9692777637283,-3.33066907387547E-15));
#7464=CARTESIAN_POINT('',(-2.00000000000043,55.9692777637283,-3.33066907387547E-15));
#7465=CARTESIAN_POINT('Origin',(-2.00000000000001,46.023943479329,-3.33066907387547E-15));
#7466=CARTESIAN_POINT('',(-2.00000000000001,46.023943479329,-3.33066907387547E-15));
#7467=CARTESIAN_POINT('Origin',(-3.00000000000001,46.023943479329,-3.33066907387547E-15));
#7468=CARTESIAN_POINT('',(-2.24132464571172,45.3724745953479,-3.33066907387547E-15));
#7469=CARTESIAN_POINT('Origin',(-4.93980533595824,42.2299288129499,-3.88578058618805E-15));
#7470=CARTESIAN_POINT('',(-4.93980533595824,42.2299288129499,-3.88578058618805E-15));
#7471=CARTESIAN_POINT('Origin',(-5.54674561939101,42.7511039201355,-3.88578058618805E-15));
#7472=CARTESIAN_POINT('',(-6.1124310443392,42.1854184951852,-4.44089209850063E-15));
#7473=CARTESIAN_POINT('Origin',(-7.60412556954544,43.6771130203913,-4.44089209850063E-15));
#7474=CARTESIAN_POINT('',(-7.60412556954544,43.6771130203913,-4.44089209850063E-15));
#7475=CARTESIAN_POINT('Origin',(-7.03844014459538,44.2427984453411,-4.44089209850063E-15));
#7476=CARTESIAN_POINT('',(-7.83844014459637,44.2427984453411,-4.44089209850063E-15));
#7477=CARTESIAN_POINT('Origin',(-7.83844014459465,49.267674100238,-4.44089209850063E-15));
#7478=CARTESIAN_POINT('',(-7.83844014459465,49.267674100238,-4.44089209850063E-15));
#7479=CARTESIAN_POINT('Origin',(-7.03844014459538,49.267674100238,-4.44089209850063E-15));
#7480=CARTESIAN_POINT('',(-7.64538042802627,49.7888492074214,-4.44089209850063E-15));
#7481=CARTESIAN_POINT('Origin',(-6.19305971656874,51.480165488834,-4.44089209850063E-15));
#7482=CARTESIAN_POINT('',(-6.19305971656874,51.480165488834,-4.44089209850063E-15));
#7483=CARTESIAN_POINT('Origin',(-6.79999999999929,52.001340596019,-4.44089209850063E-15));
#7484=CARTESIAN_POINT('Origin',(7.03844014459536,49.267674100238,-2.22044604925031E-15));
#7485=CARTESIAN_POINT('',(7.64538042802814,49.788849207423,-2.22044604925031E-15));
#7486=CARTESIAN_POINT('',(7.83844014459713,49.267674100238,-2.22044604925031E-15));
#7487=CARTESIAN_POINT('Origin',(7.83844014459463,44.2427984453411,-2.22044604925031E-15));
#7488=CARTESIAN_POINT('',(7.83844014459463,44.2427984453411,-2.22044604925031E-15));
#7489=CARTESIAN_POINT('Origin',(7.03844014459536,44.2427984453411,-2.22044604925031E-15));
#7490=CARTESIAN_POINT('',(7.60412556954421,43.6771130203925,-2.22044604925031E-15));
#7491=CARTESIAN_POINT('Origin',(6.11243104433946,42.1854184951855,-2.77555756156289E-15));
#7492=CARTESIAN_POINT('',(6.11243104433946,42.1854184951855,-2.77555756156289E-15));
#7493=CARTESIAN_POINT('Origin',(5.54674561939099,42.7511039201355,-2.77555756156289E-15));
#7494=CARTESIAN_POINT('',(4.93980533595982,42.2299288129513,-2.77555756156289E-15));
#7495=CARTESIAN_POINT('Origin',(2.24132464571086,45.3724745953489,-3.33066907387547E-15));
#7496=CARTESIAN_POINT('',(2.24132464571086,45.3724745953489,-3.33066907387547E-15));
#7497=CARTESIAN_POINT('Origin',(2.99999999999999,46.023943479329,-2.77555756156289E-15));
#7498=CARTESIAN_POINT('',(1.99999999999999,46.023943479329,-3.33066907387547E-15));
#7499=CARTESIAN_POINT('Origin',(1.99999999999999,55.9692777637283,-3.33066907387547E-15));
#7500=CARTESIAN_POINT('',(1.99999999999999,55.9692777637283,-3.33066907387547E-15));
#7501=CARTESIAN_POINT('Origin',(2.99999999999999,55.9692777637283,-2.77555756156289E-15));
#7502=CARTESIAN_POINT('',(2.24132464571052,56.620746647708,-3.33066907387547E-15));
#7503=CARTESIAN_POINT('Origin',(4.59305971656794,59.3594859519998,-2.77555756156289E-15));
#7504=CARTESIAN_POINT('',(4.59305971656794,59.3594859519998,-2.77555756156289E-15));
#7505=CARTESIAN_POINT('Origin',(5.20000000000072,58.8383108448155,-2.77555756156289E-15));
#7506=CARTESIAN_POINT('',(6.00000000000196,58.8383108448155,-2.77555756156289E-15));
#7507=CARTESIAN_POINT('Origin',(6.,52.001340596019,-2.77555756156289E-15));
#7508=CARTESIAN_POINT('',(5.99999999999927,52.001340596019,-2.77555756156289E-15));
#7509=CARTESIAN_POINT('Origin',(6.79999999999927,52.001340596019,-2.22044604925031E-15));
#7510=CARTESIAN_POINT('',(6.19305971656809,51.4801654888347,-2.77555756156289E-15));
#7511=CARTESIAN_POINT('Origin',(7.64538042802814,49.788849207423,-2.22044604925031E-15));
#7512=CARTESIAN_POINT('Origin',(-7.28306304154103E-12,63.5501199888719,
-3.33066907387547E-15));
#7513=CARTESIAN_POINT('',(0.758675354281415,62.8986511048924,-3.33066907387547E-15));
#7514=CARTESIAN_POINT('',(-0.75867535429599,62.8986511048924,-3.33066907387547E-15));
#7515=CARTESIAN_POINT('Origin',(-5.51491043768693,68.4375777147485,-3.88578058618805E-15));
#7516=CARTESIAN_POINT('',(-5.51491043768693,68.4375777147485,-3.88578058618805E-15));
#7517=CARTESIAN_POINT('Origin',(-4.75623508339778,69.0890465987288,-3.88578058618805E-15));
#7518=CARTESIAN_POINT('',(-5.75623508339778,69.0890465987288,-4.44089209850063E-15));
#7519=CARTESIAN_POINT('Origin',(-5.75623508339778,74.3736863120467,-4.44089209850063E-15));
#7520=CARTESIAN_POINT('',(-5.75623508339778,74.3736863120467,-4.44089209850063E-15));
#7521=CARTESIAN_POINT('Origin',(-4.75623508339778,74.3736863120467,-3.88578058618805E-15));
#7522=CARTESIAN_POINT('',(-5.14473211991588,75.2951362849789,-3.88578058618805E-15));
#7523=CARTESIAN_POINT('Origin',(-1.97321746466697,76.632294113439,-3.33066907387547E-15));
#7524=CARTESIAN_POINT('',(-1.97321746466697,76.632294113439,-3.33066907387547E-15));
#7525=CARTESIAN_POINT('Origin',(-1.58472042814902,75.7108441405072,-3.33066907387547E-15));
#7526=CARTESIAN_POINT('',(-1.58472042814902,76.7108441405072,-3.33066907387547E-15));
#7527=CARTESIAN_POINT('Origin',(1.58472042813445,76.7108441405072,-3.33066907387547E-15));
#7528=CARTESIAN_POINT('',(1.58472042813445,76.7108441405072,-3.33066907387547E-15));
#7529=CARTESIAN_POINT('Origin',(1.58472042813445,75.7108441405072,-3.33066907387547E-15));
#7530=CARTESIAN_POINT('',(1.97321746465255,76.6322941134394,-3.33066907387547E-15));
#7531=CARTESIAN_POINT('Origin',(5.14473211990115,75.2951362849785,-2.77555756156289E-15));
#7532=CARTESIAN_POINT('',(5.14473211990115,75.2951362849785,-2.77555756156289E-15));
#7533=CARTESIAN_POINT('Origin',(4.7562350833832,74.3736863120467,-2.77555756156289E-15));
#7534=CARTESIAN_POINT('',(5.75623508338282,74.3736863120467,-2.77555756156289E-15));
#7535=CARTESIAN_POINT('Origin',(5.75623508338321,69.0890465987288,-2.77555756156289E-15));
#7536=CARTESIAN_POINT('',(5.75623508338321,69.0890465987288,-2.77555756156289E-15));
#7537=CARTESIAN_POINT('Origin',(4.7562350833832,69.0890465987288,-2.77555756156289E-15));
#7538=CARTESIAN_POINT('',(5.51491043767223,68.4375777147486,-2.77555756156289E-15));
#7539=CARTESIAN_POINT('Origin',(0.758675354281415,62.8986511048924,-3.33066907387547E-15));
#7540=CARTESIAN_POINT('Origin',(-8.88178419700125E-15,16.065333310501,-3.33066907387547E-15));
#7541=CARTESIAN_POINT('',(0.636644847818371,15.2941761684435,-3.33066907387547E-15));
#7542=CARTESIAN_POINT('',(-0.636644847818228,15.2941761684434,-3.33066907387547E-15));
#7543=CARTESIAN_POINT('Origin',(-5.39323373261869,19.2210772389781,-3.88578058618805E-15));
#7544=CARTESIAN_POINT('',(-5.39323373261869,19.2210772389781,-3.88578058618805E-15));
#7545=CARTESIAN_POINT('Origin',(-4.7565888848003,19.9922343810349,-3.88578058618805E-15));
#7546=CARTESIAN_POINT('',(-5.63038225974768,20.4785317570272,-3.88578058618805E-15));
#7547=CARTESIAN_POINT('Origin',(-0.873793374947134,29.0253100455144,-3.33066907387547E-15));
#7548=CARTESIAN_POINT('',(-0.873793374947134,29.0253100455144,-3.33066907387547E-15));
#7549=CARTESIAN_POINT('Origin',(-8.88178419700125E-15,28.5390126695213,
-3.33066907387547E-15));
#7550=CARTESIAN_POINT('',(0.87379337494724,29.0253100455149,-3.33066907387547E-15));
#7551=CARTESIAN_POINT('Origin',(5.63038225974741,20.4785317570271,-2.77555756156289E-15));
#7552=CARTESIAN_POINT('',(5.63038225974741,20.4785317570271,-2.77555756156289E-15));
#7553=CARTESIAN_POINT('Origin',(4.75658888480028,19.9922343810349,-2.77555756156289E-15));
#7554=CARTESIAN_POINT('',(5.39323373261849,19.2210772389783,-2.77555756156289E-15));
#7555=CARTESIAN_POINT('Origin',(0.636644847818371,15.2941761684435,-3.33066907387547E-15));
#7556=CARTESIAN_POINT('Origin',(-12.9999999999091,69.1876688233423,-4.9960036108132E-15));
#7557=CARTESIAN_POINT('',(-9.87999996315923,69.1876688233423,-4.44089209850063E-15));
#7558=CARTESIAN_POINT('',(-12.9999999999091,69.1876688233422,-4.9960036108132E-15));
#7559=CARTESIAN_POINT('Origin',(-12.9999999999091,69.9876688233419,-4.9960036108132E-15));
#7560=CARTESIAN_POINT('',(-12.9999999999091,70.7876688233415,-4.9960036108132E-15));
#7561=CARTESIAN_POINT('Origin',(-12.999999999909,73.6876519327361,-4.9960036108132E-15));
#7562=CARTESIAN_POINT('',(-12.999999999909,73.6876519327361,-4.9960036108132E-15));
#7563=CARTESIAN_POINT('Origin',(-12.9999999999091,74.4876519327357,-4.9960036108132E-15));
#7564=CARTESIAN_POINT('',(-12.9999999999091,75.2876519327353,-4.9960036108132E-15));
#7565=CARTESIAN_POINT('Origin',(-9.87999996315923,75.2876519327353,-4.44089209850063E-15));
#7566=CARTESIAN_POINT('',(-9.87999996217477,75.2876519327353,-4.44089209850063E-15));
#7567=CARTESIAN_POINT('Origin',(-9.87999996315921,74.4876519327357,-4.44089209850063E-15));
#7568=CARTESIAN_POINT('',(-9.87999999990643,73.6876519327361,-4.44089209850063E-15));
#7569=CARTESIAN_POINT('Origin',(-9.87999999991008,70.7876688233415,-4.44089209850063E-15));
#7570=CARTESIAN_POINT('',(-9.87999999892201,70.7876688233415,-4.44089209850063E-15));
#7571=CARTESIAN_POINT('Origin',(-9.87999996315923,69.9876688233419,-4.44089209850063E-15));
#7572=CARTESIAN_POINT('Origin',(-9.87999998161104,61.7035013424395,-4.44089209850063E-15));
#7573=CARTESIAN_POINT('',(-13.0000000183609,61.7035013424395,-4.9960036108132E-15));
#7574=CARTESIAN_POINT('',(-9.87999998161104,61.7035013424395,-4.44089209850063E-15));
#7575=CARTESIAN_POINT('Origin',(-9.87999998161104,60.9035013424399,-4.44089209850063E-15));
#7576=CARTESIAN_POINT('',(-9.88000001835827,60.1035013424403,-4.44089209850063E-15));
#7577=CARTESIAN_POINT('Origin',(-9.88000001836191,57.2035182330456,-4.44089209850063E-15));
#7578=CARTESIAN_POINT('',(-9.88000001836191,57.2035182330456,-4.44089209850063E-15));
#7579=CARTESIAN_POINT('Origin',(-9.87999998161104,56.403518233046,-4.44089209850063E-15));
#7580=CARTESIAN_POINT('',(-9.87999998161104,55.6035182330464,-4.44089209850063E-15));
#7581=CARTESIAN_POINT('Origin',(-13.0000000183609,55.6035182330464,-4.9960036108132E-15));
#7582=CARTESIAN_POINT('',(-13.0000000183609,55.6035182330464,-4.9960036108132E-15));
#7583=CARTESIAN_POINT('Origin',(-13.0000000183609,56.403518233046,-4.9960036108132E-15));
#7584=CARTESIAN_POINT('',(-13.0000000183609,57.2035182330456,-4.9960036108132E-15));
#7585=CARTESIAN_POINT('Origin',(-13.0000000183609,60.1035013424403,-4.9960036108132E-15));
#7586=CARTESIAN_POINT('',(-13.0000000183609,60.1035013424403,-4.9960036108132E-15));
#7587=CARTESIAN_POINT('Origin',(-13.0000000183609,60.9035013424399,-4.9960036108132E-15));
#7588=CARTESIAN_POINT('Origin',(12.999999999909,69.9876688233419,-1.66533453693773E-15));
#7589=CARTESIAN_POINT('',(12.999999999909,70.7876688233415,-1.66533453693773E-15));
#7590=CARTESIAN_POINT('',(12.999999999909,69.1876688233422,-1.66533453693773E-15));
#7591=CARTESIAN_POINT('Origin',(9.8799999631592,69.1876688233423,-2.22044604925031E-15));
#7592=CARTESIAN_POINT('',(9.8799999631592,69.1876688233423,-2.22044604925031E-15));
#7593=CARTESIAN_POINT('Origin',(9.8799999631592,69.9876688233419,-2.22044604925031E-15));
#7594=CARTESIAN_POINT('',(9.879999998922,70.7876688233415,-2.22044604925031E-15));
#7595=CARTESIAN_POINT('Origin',(9.87999999990643,73.6876519327361,-2.22044604925031E-15));
#7596=CARTESIAN_POINT('',(9.87999999990643,73.6876519327361,-2.22044604925031E-15));
#7597=CARTESIAN_POINT('Origin',(9.87999996315919,74.4876519327357,-2.22044604925031E-15));
#7598=CARTESIAN_POINT('',(9.87999996217475,75.2876519327353,-2.22044604925031E-15));
#7599=CARTESIAN_POINT('Origin',(12.999999999909,75.2876519327353,-1.66533453693773E-15));
#7600=CARTESIAN_POINT('',(12.999999999909,75.2876519327353,-1.66533453693773E-15));
#7601=CARTESIAN_POINT('Origin',(12.999999999909,74.4876519327357,-1.66533453693773E-15));
#7602=CARTESIAN_POINT('',(12.999999999909,73.6876519327361,-1.66533453693773E-15));
#7603=CARTESIAN_POINT('Origin',(12.999999999909,70.7876688233415,-1.66533453693773E-15));
#7604=CARTESIAN_POINT('Origin',(13.0000000183609,61.7035013424395,-1.66533453693773E-15));
#7605=CARTESIAN_POINT('',(9.87999998161103,61.7035013424395,-2.22044604925031E-15));
#7606=CARTESIAN_POINT('',(13.0000000183609,61.7035013424395,-1.66533453693773E-15));
#7607=CARTESIAN_POINT('Origin',(13.0000000183609,60.9035013424399,-1.66533453693773E-15));
#7608=CARTESIAN_POINT('',(13.0000000183609,60.1035013424403,-1.66533453693773E-15));
#7609=CARTESIAN_POINT('Origin',(13.0000000183609,57.2035182330456,-1.66533453693773E-15));
#7610=CARTESIAN_POINT('',(13.0000000183609,57.2035182330456,-1.66533453693773E-15));
#7611=CARTESIAN_POINT('Origin',(13.0000000183609,56.403518233046,-1.66533453693773E-15));
#7612=CARTESIAN_POINT('',(13.0000000183609,55.6035182330464,-1.66533453693773E-15));
#7613=CARTESIAN_POINT('Origin',(9.87999998161103,55.6035182330464,-2.22044604925031E-15));
#7614=CARTESIAN_POINT('',(9.87999998161103,55.6035182330464,-2.22044604925031E-15));
#7615=CARTESIAN_POINT('Origin',(9.87999998161103,56.403518233046,-2.22044604925031E-15));
#7616=CARTESIAN_POINT('',(9.88000001836189,57.2035182330456,-2.22044604925031E-15));
#7617=CARTESIAN_POINT('Origin',(9.88000001835825,60.1035013424403,-2.22044604925031E-15));
#7618=CARTESIAN_POINT('',(9.88000001835825,60.1035013424403,-2.22044604925031E-15));
#7619=CARTESIAN_POINT('Origin',(9.87999998161103,60.9035013424399,-2.22044604925031E-15));
#7620=CARTESIAN_POINT('Origin',(-10.5392784241922,-7.78735572459414,-4.44089209850063E-15));
#7621=CARTESIAN_POINT('',(-9.0392784241922,-7.78735572459414,-4.25719507862853E-15));
#7622=CARTESIAN_POINT('Origin',(10.5392784243013,-7.78735572459414,-2.22044604925031E-15));
#7623=CARTESIAN_POINT('',(12.0392784243013,-7.78735572459414,-2.03674902937821E-15));
#7624=CARTESIAN_POINT('Origin',(-10.5392784241922,7.78735572453774,-4.44089209850063E-15));
#7625=CARTESIAN_POINT('',(-9.0392784241922,7.78735572453774,-4.25719507862853E-15));
#7626=CARTESIAN_POINT('Origin',(10.5392784243013,7.78735572453774,-2.22044604925031E-15));
#7627=CARTESIAN_POINT('',(12.0392784243013,7.78735572453774,-2.03674902937821E-15));
#7628=CARTESIAN_POINT('Origin',(-16.4824584081034,51.2680029745635,-5.55111512312578E-15));
#7629=CARTESIAN_POINT('',(-14.9824584081034,51.2680029745635,-5.36741810325368E-15));
#7630=CARTESIAN_POINT('Origin',(16.4824584080234,51.2680029745635,-1.11022302462516E-15));
#7631=CARTESIAN_POINT('',(17.9824584080234,51.2680029745635,-9.26526004753058E-16));
#7632=CARTESIAN_POINT('Origin',(-29.4857827088927,-21.7867172238243,-6.66133814775094E-15));
#7633=CARTESIAN_POINT('',(-27.3357827088927,-21.7867172238243,-6.39803908593426E-15));
#7634=CARTESIAN_POINT('Origin',(-29.4857827089072,21.7867172238032,-6.66133814775094E-15));
#7635=CARTESIAN_POINT('',(-27.3357827089072,21.7867172238032,-6.39803908593426E-15));
#7636=CARTESIAN_POINT('Origin',(-15.3420824154091,26.6193438903319,-5.55111512312578E-15));
#7637=CARTESIAN_POINT('',(-13.8420824154091,26.6193438903319,-5.36741810325368E-15));
#7638=CARTESIAN_POINT('Origin',(29.485782708889,-21.7867172238243,5.55111512312578E-16));
#7639=CARTESIAN_POINT('',(31.635782708889,-21.7867172238243,8.18410574129258E-16));
#7640=CARTESIAN_POINT('Origin',(29.4857827089072,21.7867172238032,5.55111512312578E-16));
#7641=CARTESIAN_POINT('',(31.6357827089072,21.7867172238032,8.18410574129258E-16));
#7642=CARTESIAN_POINT('Origin',(15.3420824154091,26.6193438903319,-1.66533453693773E-15));
#7643=CARTESIAN_POINT('',(16.8420824154091,26.6193438903319,-1.48163751706563E-15));
#7644=CARTESIAN_POINT('Origin',(29.3373484857147,-28.0813929962244,0.));
#7645=CARTESIAN_POINT('',(29.3373484857147,-28.0813929962244,0.));
#7646=CARTESIAN_POINT('Origin',(29.3373484857132,-23.0813929962271,0.));
#7647=CARTESIAN_POINT('',(33.3586934394407,-26.0527201009236,5.55111512312578E-16));
#7648=CARTESIAN_POINT('Origin',(35.1491482255114,-23.6295482100052,1.11022302462516E-15));
#7649=CARTESIAN_POINT('',(35.1491482255114,-23.6295482100052,1.11022302462516E-15));
#7650=CARTESIAN_POINT('Origin',(31.1278032717813,-20.6582211053081,5.55111512312578E-16));
#7651=CARTESIAN_POINT('',(34.3037782172178,-16.7964620312645,1.11022302462516E-15));
#7652=CARTESIAN_POINT('Origin',(19.8279321963964,-4.89128529841719,-1.11022302462516E-15));
#7653=CARTESIAN_POINT('',(19.8279321963964,-4.89128529841719,-1.11022302462516E-15));
#7654=CARTESIAN_POINT('Origin',(23.0039071418354,-1.02952622437613,-5.55111512312578E-16));
#7655=CARTESIAN_POINT('',(18.0039071418359,-1.02952622437511,-1.11022302462516E-15));
#7656=CARTESIAN_POINT('Origin',(18.0039071418359,1.0295262243751,-1.11022302462516E-15));
#7657=CARTESIAN_POINT('',(18.0039071418359,1.0295262243751,-1.11022302462516E-15));
#7658=CARTESIAN_POINT('Origin',(23.0039071418371,1.0295262243723,-5.55111512312578E-16));
#7659=CARTESIAN_POINT('',(19.8279321964001,4.89128529841718,-1.11022302462516E-15));
#7660=CARTESIAN_POINT('Origin',(34.3037782172214,16.7964620312637,1.11022302462516E-15));
#7661=CARTESIAN_POINT('',(34.3037782172214,16.7964620312637,1.11022302462516E-15));
#7662=CARTESIAN_POINT('Origin',(31.127803271781,20.6582211053037,5.55111512312578E-16));
#7663=CARTESIAN_POINT('',(35.1491482255078,23.6295482100049,1.11022302462516E-15));
#7664=CARTESIAN_POINT('Origin',(33.3586934394443,26.0527201009236,5.55111512312578E-16));
#7665=CARTESIAN_POINT('',(33.3586934394443,26.0527201009236,5.55111512312578E-16));
#7666=CARTESIAN_POINT('Origin',(29.3373484857151,23.0813929962235,0.));
#7667=CARTESIAN_POINT('',(29.3373484857147,28.0813929962244,0.));
#7668=CARTESIAN_POINT('Origin',(23.5667088726441,28.0813929962244,-5.55111512312578E-16));
#7669=CARTESIAN_POINT('',(23.5667088726441,28.0813929962244,-5.55111512312578E-16));
#7670=CARTESIAN_POINT('Origin',(23.5667088726425,33.0813929962266,-5.55111512312578E-16));
#7671=CARTESIAN_POINT('',(20.0311749667089,29.5458590902916,-1.11022302462516E-15));
#7672=CARTESIAN_POINT('Origin',(16.5857864376266,32.9912476193801,-1.11022302462516E-15));
#7673=CARTESIAN_POINT('',(16.5857864376266,32.9912476193801,-1.11022302462516E-15));
#7674=CARTESIAN_POINT('Origin',(18.,34.405461181753,-1.11022302462516E-15));
#7675=CARTESIAN_POINT('',(16.,34.4054611817531,-1.11022302462516E-15));
#7676=CARTESIAN_POINT('Origin',(16.,43.5972197377361,-1.11022302462516E-15));
#7677=CARTESIAN_POINT('',(16.,43.5972197377361,-1.11022302462516E-15));
#7678=CARTESIAN_POINT('Origin',(18.,43.5972197377367,-1.11022302462516E-15));
#7679=CARTESIAN_POINT('',(16.5857864376266,45.0114333001095,-1.11022302462516E-15));
#7680=CARTESIAN_POINT('Origin',(19.8230547995299,48.2487016620108,-1.11022302462516E-15));
#7681=CARTESIAN_POINT('',(19.8230547995299,48.2487016620108,-1.11022302462516E-15));
#7682=CARTESIAN_POINT('Origin',(18.4088412371568,49.6629152243836,-1.11022302462516E-15));
#7683=CARTESIAN_POINT('',(20.4088412371566,49.6629152243837,-5.55111512312578E-16));
#7684=CARTESIAN_POINT('Origin',(20.4088412371566,52.873090724741,-5.55111512312578E-16));
#7685=CARTESIAN_POINT('',(20.4088412371566,52.873090724741,-5.55111512312578E-16));
#7686=CARTESIAN_POINT('Origin',(18.4088412371567,52.8730907247411,-1.11022302462516E-15));
#7687=CARTESIAN_POINT('',(19.8230547995299,54.2873042871139,-1.11022302462516E-15));
#7688=CARTESIAN_POINT('Origin',(16.5857864376303,57.5245726490044,-1.11022302462516E-15));
#7689=CARTESIAN_POINT('',(16.5857864376303,57.5245726490044,-1.11022302462516E-15));
#7690=CARTESIAN_POINT('Origin',(17.9999999999998,58.9387862113809,-1.11022302462516E-15));
#7691=CARTESIAN_POINT('',(16.,58.938786211379,-1.11022302462516E-15));
#7692=CARTESIAN_POINT('Origin',(16.,79.7352664161044,-1.11022302462516E-15));
#7693=CARTESIAN_POINT('',(16.,79.7352664161044,-1.11022302462516E-15));
#7694=CARTESIAN_POINT('Origin',(15.,79.7352664161044,-1.66533453693773E-15));
#7695=CARTESIAN_POINT('',(15.3162229587615,80.6839513165598,-1.66533453693773E-15));
#7696=CARTESIAN_POINT('Origin',(13.7166453443606,81.2171348485739,-1.66533453693773E-15));
#7697=CARTESIAN_POINT('Origin',(-9.87999999939349,82.3726899593568,-4.44089209850063E-15));
#7698=CARTESIAN_POINT('',(-9.87999999937168,82.3726899593567,-4.44089209850063E-15));
#7699=CARTESIAN_POINT('Origin',(-9.87999999937168,81.5726899593553,-4.44089209850063E-15));
#7700=CARTESIAN_POINT('Origin',(-12.9999999944225,81.5726899571881,-4.9960036108132E-15));
#7701=CARTESIAN_POINT('',(-13.7166453443606,81.2171348485739,-4.9960036108132E-15));
#7702=CARTESIAN_POINT('Origin',(-15.3162229587615,80.6839513165598,-5.55111512312578E-15));
#7703=CARTESIAN_POINT('',(-15.3162229587615,80.6839513165598,-5.55111512312578E-15));
#7704=CARTESIAN_POINT('Origin',(-15.,79.7352664161044,-5.55111512312578E-15));
#7705=CARTESIAN_POINT('',(-16.,79.7352664161044,-5.55111512312578E-15));
#7706=CARTESIAN_POINT('Origin',(-16.,58.938786211379,-5.55111512312578E-15));
#7707=CARTESIAN_POINT('',(-16.,58.938786211379,-5.55111512312578E-15));
#7708=CARTESIAN_POINT('Origin',(-17.9999999999998,58.9387862113809,-5.55111512312578E-15));
#7709=CARTESIAN_POINT('',(-16.5857864376303,57.5245726490044,-5.55111512312578E-15));
#7710=CARTESIAN_POINT('Origin',(-19.8230547995299,54.2873042871139,-5.55111512312578E-15));
#7711=CARTESIAN_POINT('',(-19.8230547995299,54.2873042871139,-5.55111512312578E-15));
#7712=CARTESIAN_POINT('Origin',(-18.4088412371568,52.8730907247411,-5.55111512312578E-15));
#7713=CARTESIAN_POINT('',(-20.4088412371566,52.873090724741,-5.55111512312578E-15));
#7714=CARTESIAN_POINT('Origin',(-20.4088412371566,49.6629152243837,-5.55111512312578E-15));
#7715=CARTESIAN_POINT('',(-20.4088412371566,49.6629152243837,-5.55111512312578E-15));
#7716=CARTESIAN_POINT('Origin',(-18.4088412371568,49.6629152243836,-5.55111512312578E-15));
#7717=CARTESIAN_POINT('',(-19.8230547995299,48.2487016620108,-5.55111512312578E-15));
#7718=CARTESIAN_POINT('Origin',(-16.5857864376267,45.0114333001095,-5.55111512312578E-15));
#7719=CARTESIAN_POINT('',(-16.5857864376267,45.0114333001095,-5.55111512312578E-15));
#7720=CARTESIAN_POINT('Origin',(-18.,43.5972197377367,-5.55111512312578E-15));
#7721=CARTESIAN_POINT('',(-16.,43.5972197377361,-5.55111512312578E-15));
#7722=CARTESIAN_POINT('Origin',(-16.,34.4054611817531,-5.55111512312578E-15));
#7723=CARTESIAN_POINT('',(-16.,34.4054611817531,-5.55111512312578E-15));
#7724=CARTESIAN_POINT('Origin',(-18.,34.405461181753,-5.55111512312578E-15));
#7725=CARTESIAN_POINT('',(-16.5857864376267,32.9912476193801,-5.55111512312578E-15));
#7726=CARTESIAN_POINT('Origin',(-20.0311749667089,29.5458590902916,-5.55111512312578E-15));
#7727=CARTESIAN_POINT('',(-20.0311749667089,29.5458590902916,-5.55111512312578E-15));
#7728=CARTESIAN_POINT('Origin',(-23.5667088726426,33.0813929962266,-6.10622663543836E-15));
#7729=CARTESIAN_POINT('',(-23.5667088726441,28.0813929962244,-6.10622663543836E-15));
#7730=CARTESIAN_POINT('Origin',(-29.3373484857148,28.0813929962244,-6.66133814775094E-15));
#7731=CARTESIAN_POINT('',(-29.3373484857148,28.0813929962244,-6.66133814775094E-15));
#7732=CARTESIAN_POINT('Origin',(-29.3373484857151,23.0813929962235,-6.66133814775094E-15));
#7733=CARTESIAN_POINT('',(-33.3586934394443,26.0527201009236,-7.7715611723761E-15));
#7734=CARTESIAN_POINT('Origin',(-35.1491482255078,23.6295482100049,-7.7715611723761E-15));
#7735=CARTESIAN_POINT('',(-35.1491482255078,23.6295482100049,-7.7715611723761E-15));
#7736=CARTESIAN_POINT('Origin',(-31.127803271781,20.6582211053038,-7.21644966006352E-15));
#7737=CARTESIAN_POINT('',(-34.3037782172214,16.7964620312637,-7.7715611723761E-15));
#7738=CARTESIAN_POINT('Origin',(-19.8279321964001,4.89128529841718,-5.55111512312578E-15));
#7739=CARTESIAN_POINT('',(-19.8279321964001,4.89128529841718,-5.55111512312578E-15));
#7740=CARTESIAN_POINT('Origin',(-23.0039071418372,1.0295262243723,-6.10622663543836E-15));
#7741=CARTESIAN_POINT('',(-18.003907141836,1.0295262243751,-5.55111512312578E-15));
#7742=CARTESIAN_POINT('Origin',(-18.003907141836,-1.02952622437511,-5.55111512312578E-15));
#7743=CARTESIAN_POINT('',(-18.003907141836,-1.02952622437511,-5.55111512312578E-15));
#7744=CARTESIAN_POINT('Origin',(-23.0039071418354,-1.02952622437613,-6.10622663543836E-15));
#7745=CARTESIAN_POINT('',(-19.8279321963964,-4.89128529841719,-5.55111512312578E-15));
#7746=CARTESIAN_POINT('Origin',(-34.3037782172178,-16.7964620312645,-7.7715611723761E-15));
#7747=CARTESIAN_POINT('',(-34.3037782172178,-16.7964620312645,-7.7715611723761E-15));
#7748=CARTESIAN_POINT('Origin',(-31.1278032717813,-20.6582211053081,-7.21644966006352E-15));
#7749=CARTESIAN_POINT('',(-35.1491482255115,-23.6295482100052,-7.7715611723761E-15));
#7750=CARTESIAN_POINT('Origin',(-33.3586934394407,-26.0527201009236,-7.7715611723761E-15));
#7751=CARTESIAN_POINT('',(-33.3586934394407,-26.0527201009236,-7.7715611723761E-15));
#7752=CARTESIAN_POINT('Origin',(-29.3373484857132,-23.0813929962271,-6.66133814775094E-15));
#7753=CARTESIAN_POINT('',(-29.3373484857148,-28.0813929962244,-6.66133814775094E-15));
#7754=CARTESIAN_POINT('Origin',(-27.6956217954721,-28.081392996215,-6.66133814775094E-15));
#7755=UNCERTAINTY_MEASURE_WITH_UNIT(LENGTH_MEASURE(0.01),#7759,
'DISTANCE_ACCURACY_VALUE',
'Maximum model space distance between geometric entities at asserted c
onnectivities');
#7756=UNCERTAINTY_MEASURE_WITH_UNIT(LENGTH_MEASURE(0.01),#7759,
'DISTANCE_ACCURACY_VALUE',
'Maximum model space distance between geometric entities at asserted c
onnectivities');
#7757=(
GEOMETRIC_REPRESENTATION_CONTEXT(3)
GLOBAL_UNCERTAINTY_ASSIGNED_CONTEXT((#7755))
GLOBAL_UNIT_ASSIGNED_CONTEXT((#7759,#7760,#7761))
REPRESENTATION_CONTEXT('','3D')
);
#7758=(
GEOMETRIC_REPRESENTATION_CONTEXT(3)
GLOBAL_UNCERTAINTY_ASSIGNED_CONTEXT((#7756))
GLOBAL_UNIT_ASSIGNED_CONTEXT((#7759,#7760,#7761))
REPRESENTATION_CONTEXT('','3D')
);
#7759=(
LENGTH_UNIT()
NAMED_UNIT(*)
SI_UNIT(.MILLI.,.METRE.)
);
#7760=(
NAMED_UNIT(*)
PLANE_ANGLE_UNIT()
SI_UNIT($,.RADIAN.)
);
#7761=(
NAMED_UNIT(*)
SI_UNIT($,.STERADIAN.)
SOLID_ANGLE_UNIT()
);
#7762=SHAPE_DEFINITION_REPRESENTATION(#7763,#7764);
#7763=PRODUCT_DEFINITION_SHAPE('',$,#7766);
#7764=SHAPE_REPRESENTATION('',(#4515),#7757);
#7765=PRODUCT_DEFINITION_CONTEXT('part definition',#7770,'design');
#7766=PRODUCT_DEFINITION('JeNo_WAF1.4','JeNo 5_1.6.0',#7767,#7765);
#7767=PRODUCT_DEFINITION_FORMATION('',$,#7772);
#7768=PRODUCT_RELATED_PRODUCT_CATEGORY('JeNo 5_1.6.0','JeNo 5_1.6.0',(#7772));
#7769=APPLICATION_PROTOCOL_DEFINITION('international standard',
'automotive_design',2009,#7770);
#7770=APPLICATION_CONTEXT(
'Core Data for Automotive Mechanical Design Process');
#7771=PRODUCT_CONTEXT('part definition',#7770,'mechanical');
#7772=PRODUCT('JeNo_WAF1.4','JeNo 5_1.6.0',$,(#7771));
#7773=PRESENTATION_STYLE_ASSIGNMENT((#7780));
#7774=PRESENTATION_STYLE_ASSIGNMENT((#7781));
#7775=PRESENTATION_STYLE_ASSIGNMENT((#7782));
#7776=PRESENTATION_STYLE_ASSIGNMENT((#7783));
#7777=PRESENTATION_STYLE_ASSIGNMENT((#7784));
#7778=PRESENTATION_STYLE_ASSIGNMENT((#7785));
#7779=PRESENTATION_STYLE_ASSIGNMENT((#7786));
#7780=SURFACE_STYLE_USAGE(.BOTH.,#7787);
#7781=SURFACE_STYLE_USAGE(.BOTH.,#7788);
#7782=SURFACE_STYLE_USAGE(.BOTH.,#7789);
#7783=SURFACE_STYLE_USAGE(.BOTH.,#7790);
#7784=SURFACE_STYLE_USAGE(.BOTH.,#7791);
#7785=SURFACE_STYLE_USAGE(.BOTH.,#7792);
#7786=SURFACE_STYLE_USAGE(.BOTH.,#7793);
#7787=SURFACE_SIDE_STYLE('',(#7794));
#7788=SURFACE_SIDE_STYLE('',(#7795));
#7789=SURFACE_SIDE_STYLE('',(#7796));
#7790=SURFACE_SIDE_STYLE('',(#7797));
#7791=SURFACE_SIDE_STYLE('',(#7798));
#7792=SURFACE_SIDE_STYLE('',(#7799));
#7793=SURFACE_SIDE_STYLE('',(#7800));
#7794=SURFACE_STYLE_FILL_AREA(#7801);
#7795=SURFACE_STYLE_FILL_AREA(#7802);
#7796=SURFACE_STYLE_FILL_AREA(#7803);
#7797=SURFACE_STYLE_FILL_AREA(#7804);
#7798=SURFACE_STYLE_FILL_AREA(#7805);
#7799=SURFACE_STYLE_FILL_AREA(#7806);
#7800=SURFACE_STYLE_FILL_AREA(#7807);
#7801=FILL_AREA_STYLE('Opaque(160,160,160)',(#7808));
#7802=FILL_AREA_STYLE('Opaque(56,56,56)',(#7809));
#7803=FILL_AREA_STYLE('Steel - Satin',(#7810));
#7804=FILL_AREA_STYLE('Plastic - Glossy (Red)',(#7811));
#7805=FILL_AREA_STYLE('Opaque(63,63,63)',(#7812));
#7806=FILL_AREA_STYLE('Aluminum - Knurled',(#7813));
#7807=FILL_AREA_STYLE('Opaque(114,121,128)',(#7814));
#7808=FILL_AREA_STYLE_COLOUR('Opaque(160,160,160)',#7815);
#7809=FILL_AREA_STYLE_COLOUR('Opaque(56,56,56)',#7816);
#7810=FILL_AREA_STYLE_COLOUR('Steel - Satin',#7817);
#7811=FILL_AREA_STYLE_COLOUR('Plastic - Glossy (Red)',#7818);
#7812=FILL_AREA_STYLE_COLOUR('Opaque(63,63,63)',#7819);
#7813=FILL_AREA_STYLE_COLOUR('Aluminum - Knurled',#7820);
#7814=FILL_AREA_STYLE_COLOUR('Opaque(114,121,128)',#7821);
#7815=COLOUR_RGB('Opaque(160,160,160)',0.627450980392157,0.627450980392157,
0.627450980392157);
#7816=COLOUR_RGB('Opaque(56,56,56)',0.219607843137255,0.219607843137255,
0.219607843137255);
#7817=COLOUR_RGB('Steel - Satin',0.627450980392157,0.627450980392157,0.627450980392157);
#7818=COLOUR_RGB('Plastic - Glossy (Red)',0.843137254901961,0.145098039215686,
0.0823529411764706);
#7819=COLOUR_RGB('Opaque(63,63,63)',0.247058823529412,0.247058823529412,
0.247058823529412);
#7820=COLOUR_RGB('Aluminum - Knurled',0.968627450980392,0.0352941176470588,
0.345098039215686);
#7821=COLOUR_RGB('Opaque(114,121,128)',0.447058823529412,0.474509803921569,
0.501960784313725);
ENDSEC;
END-ISO-10303-21;
