ISO-10303-21;
HEADER;
/* Generated by software containing ST-Developer
 * from STEP Tools, Inc. (www.steptools.com) 
 */

FILE_DESCRIPTION(
/* description */ (''),
/* implementation_level */ '2;1');

FILE_NAME(
/* name */ 'JeNo 5_SplitDeck-MidPlate.step',
/* time_stamp */ '2026-10-08T00:02:57-04:00',
/* author */ (''),
/* organization */ (''),
/* preprocessor_version */ 'ST-DEVELOPER v20.2',
/* originating_system */ 'Autodesk Translation Framework v15.15.0.0',
/* authorisation */ '');

FILE_SCHEMA (('AUTOMOTIVE_DESIGN { 1 0 10303 214 3 1 1 }'));
ENDSEC;

DATA;
#10=MECHANICAL_DESIGN_GEOMETRIC_PRESENTATION_REPRESENTATION('',(#13),#4533);
#11=SHAPE_REPRESENTATION_RELATIONSHIP('SRR','None',#4539,#12);
#12=ADVANCED_BREP_SHAPE_REPRESENTATION('',(#14),#4532);
#13=STYLED_ITEM('',(#4552),#14);
#14=MANIFOLD_SOLID_BREP('Body1',#2669);
#15=FACE_BOUND('',#355,.T.);
#16=FACE_BOUND('',#356,.T.);
#17=FACE_BOUND('',#357,.T.);
#18=FACE_BOUND('',#358,.T.);
#19=FACE_BOUND('',#359,.T.);
#20=FACE_BOUND('',#360,.T.);
#21=FACE_BOUND('',#361,.T.);
#22=FACE_BOUND('',#362,.T.);
#23=FACE_BOUND('',#363,.T.);
#24=FACE_BOUND('',#364,.T.);
#25=FACE_BOUND('',#365,.T.);
#26=FACE_BOUND('',#366,.T.);
#27=FACE_BOUND('',#367,.T.);
#28=FACE_BOUND('',#368,.T.);
#29=FACE_BOUND('',#369,.T.);
#30=FACE_BOUND('',#370,.T.);
#31=FACE_BOUND('',#371,.T.);
#32=FACE_BOUND('',#372,.T.);
#33=FACE_BOUND('',#373,.T.);
#34=FACE_BOUND('',#374,.T.);
#35=FACE_BOUND('',#375,.T.);
#36=FACE_BOUND('',#376,.T.);
#37=FACE_BOUND('',#377,.T.);
#38=FACE_BOUND('',#378,.T.);
#39=FACE_BOUND('',#379,.T.);
#40=FACE_BOUND('',#380,.T.);
#41=FACE_BOUND('',#381,.T.);
#42=FACE_BOUND('',#382,.T.);
#43=FACE_BOUND('',#383,.T.);
#44=FACE_BOUND('',#384,.T.);
#45=FACE_BOUND('',#427,.T.);
#46=FACE_BOUND('',#428,.T.);
#47=FACE_BOUND('',#429,.T.);
#48=FACE_BOUND('',#430,.T.);
#49=FACE_BOUND('',#431,.T.);
#50=FACE_BOUND('',#432,.T.);
#51=FACE_BOUND('',#433,.T.);
#52=FACE_BOUND('',#434,.T.);
#53=FACE_BOUND('',#435,.T.);
#54=FACE_BOUND('',#436,.T.);
#55=FACE_BOUND('',#437,.T.);
#56=FACE_BOUND('',#438,.T.);
#57=FACE_BOUND('',#439,.T.);
#58=FACE_BOUND('',#440,.T.);
#59=FACE_BOUND('',#441,.T.);
#60=FACE_BOUND('',#442,.T.);
#61=FACE_BOUND('',#443,.T.);
#62=FACE_BOUND('',#444,.T.);
#63=FACE_BOUND('',#445,.T.);
#64=FACE_BOUND('',#446,.T.);
#65=FACE_BOUND('',#447,.T.);
#66=FACE_BOUND('',#448,.T.);
#67=FACE_BOUND('',#449,.T.);
#68=FACE_BOUND('',#450,.T.);
#69=FACE_BOUND('',#451,.T.);
#70=FACE_BOUND('',#452,.T.);
#71=FACE_BOUND('',#453,.T.);
#72=FACE_BOUND('',#454,.T.);
#73=FACE_BOUND('',#455,.T.);
#74=FACE_BOUND('',#456,.T.);
#75=CONICAL_SURFACE('',#2861,1.6,0.785398163397448);
#76=CONICAL_SURFACE('',#2889,1.6,0.785398163397449);
#77=CONICAL_SURFACE('',#2893,1.6,0.785398163397449);
#78=CONICAL_SURFACE('',#2897,1.6,0.785398163397448);
#79=CONICAL_SURFACE('',#2901,2.45,0.785398163397448);
#80=CONICAL_SURFACE('',#2905,2.45,0.785398163397448);
#81=CONICAL_SURFACE('',#2909,2.45,0.785398163397448);
#82=CONICAL_SURFACE('',#2913,2.45,0.785398163397448);
#83=PLANE('',#2674);
#84=PLANE('',#2678);
#85=PLANE('',#2682);
#86=PLANE('',#2686);
#87=PLANE('',#2690);
#88=PLANE('',#2694);
#89=PLANE('',#2698);
#90=PLANE('',#2702);
#91=PLANE('',#2709);
#92=PLANE('',#2713);
#93=PLANE('',#2717);
#94=PLANE('',#2721);
#95=PLANE('',#2725);
#96=PLANE('',#2729);
#97=PLANE('',#2733);
#98=PLANE('',#2737);
#99=PLANE('',#2741);
#100=PLANE('',#2754);
#101=PLANE('',#2758);
#102=PLANE('',#2762);
#103=PLANE('',#2766);
#104=PLANE('',#2770);
#105=PLANE('',#2783);
#106=PLANE('',#2787);
#107=PLANE('',#2791);
#108=PLANE('',#2795);
#109=PLANE('',#2817);
#110=PLANE('',#2821);
#111=PLANE('',#2825);
#112=PLANE('',#2829);
#113=PLANE('',#2833);
#114=PLANE('',#2837);
#115=PLANE('',#2841);
#116=PLANE('',#2845);
#117=PLANE('',#2849);
#118=PLANE('',#2853);
#119=PLANE('',#2857);
#120=PLANE('',#2864);
#121=PLANE('',#2927);
#122=PLANE('',#2930);
#123=PLANE('',#2933);
#124=PLANE('',#2936);
#125=PLANE('',#2939);
#126=PLANE('',#2942);
#127=PLANE('',#2945);
#128=PLANE('',#2948);
#129=PLANE('',#2951);
#130=PLANE('',#2954);
#131=PLANE('',#2957);
#132=PLANE('',#2958);
#133=FACE_OUTER_BOUND('',#265,.T.);
#134=FACE_OUTER_BOUND('',#266,.T.);
#135=FACE_OUTER_BOUND('',#267,.T.);
#136=FACE_OUTER_BOUND('',#268,.T.);
#137=FACE_OUTER_BOUND('',#269,.T.);
#138=FACE_OUTER_BOUND('',#270,.T.);
#139=FACE_OUTER_BOUND('',#271,.T.);
#140=FACE_OUTER_BOUND('',#272,.T.);
#141=FACE_OUTER_BOUND('',#273,.T.);
#142=FACE_OUTER_BOUND('',#274,.T.);
#143=FACE_OUTER_BOUND('',#275,.T.);
#144=FACE_OUTER_BOUND('',#276,.T.);
#145=FACE_OUTER_BOUND('',#277,.T.);
#146=FACE_OUTER_BOUND('',#278,.T.);
#147=FACE_OUTER_BOUND('',#279,.T.);
#148=FACE_OUTER_BOUND('',#280,.T.);
#149=FACE_OUTER_BOUND('',#281,.T.);
#150=FACE_OUTER_BOUND('',#282,.T.);
#151=FACE_OUTER_BOUND('',#283,.T.);
#152=FACE_OUTER_BOUND('',#284,.T.);
#153=FACE_OUTER_BOUND('',#285,.T.);
#154=FACE_OUTER_BOUND('',#286,.T.);
#155=FACE_OUTER_BOUND('',#287,.T.);
#156=FACE_OUTER_BOUND('',#288,.T.);
#157=FACE_OUTER_BOUND('',#289,.T.);
#158=FACE_OUTER_BOUND('',#290,.T.);
#159=FACE_OUTER_BOUND('',#291,.T.);
#160=FACE_OUTER_BOUND('',#292,.T.);
#161=FACE_OUTER_BOUND('',#293,.T.);
#162=FACE_OUTER_BOUND('',#294,.T.);
#163=FACE_OUTER_BOUND('',#295,.T.);
#164=FACE_OUTER_BOUND('',#296,.T.);
#165=FACE_OUTER_BOUND('',#297,.T.);
#166=FACE_OUTER_BOUND('',#298,.T.);
#167=FACE_OUTER_BOUND('',#299,.T.);
#168=FACE_OUTER_BOUND('',#300,.T.);
#169=FACE_OUTER_BOUND('',#301,.T.);
#170=FACE_OUTER_BOUND('',#302,.T.);
#171=FACE_OUTER_BOUND('',#303,.T.);
#172=FACE_OUTER_BOUND('',#304,.T.);
#173=FACE_OUTER_BOUND('',#305,.T.);
#174=FACE_OUTER_BOUND('',#306,.T.);
#175=FACE_OUTER_BOUND('',#307,.T.);
#176=FACE_OUTER_BOUND('',#308,.T.);
#177=FACE_OUTER_BOUND('',#309,.T.);
#178=FACE_OUTER_BOUND('',#310,.T.);
#179=FACE_OUTER_BOUND('',#311,.T.);
#180=FACE_OUTER_BOUND('',#312,.T.);
#181=FACE_OUTER_BOUND('',#313,.T.);
#182=FACE_OUTER_BOUND('',#314,.T.);
#183=FACE_OUTER_BOUND('',#315,.T.);
#184=FACE_OUTER_BOUND('',#316,.T.);
#185=FACE_OUTER_BOUND('',#317,.T.);
#186=FACE_OUTER_BOUND('',#318,.T.);
#187=FACE_OUTER_BOUND('',#319,.T.);
#188=FACE_OUTER_BOUND('',#320,.T.);
#189=FACE_OUTER_BOUND('',#321,.T.);
#190=FACE_OUTER_BOUND('',#322,.T.);
#191=FACE_OUTER_BOUND('',#323,.T.);
#192=FACE_OUTER_BOUND('',#324,.T.);
#193=FACE_OUTER_BOUND('',#325,.T.);
#194=FACE_OUTER_BOUND('',#326,.T.);
#195=FACE_OUTER_BOUND('',#327,.T.);
#196=FACE_OUTER_BOUND('',#328,.T.);
#197=FACE_OUTER_BOUND('',#329,.T.);
#198=FACE_OUTER_BOUND('',#330,.T.);
#199=FACE_OUTER_BOUND('',#331,.T.);
#200=FACE_OUTER_BOUND('',#332,.T.);
#201=FACE_OUTER_BOUND('',#333,.T.);
#202=FACE_OUTER_BOUND('',#334,.T.);
#203=FACE_OUTER_BOUND('',#335,.T.);
#204=FACE_OUTER_BOUND('',#336,.T.);
#205=FACE_OUTER_BOUND('',#337,.T.);
#206=FACE_OUTER_BOUND('',#338,.T.);
#207=FACE_OUTER_BOUND('',#339,.T.);
#208=FACE_OUTER_BOUND('',#340,.T.);
#209=FACE_OUTER_BOUND('',#341,.T.);
#210=FACE_OUTER_BOUND('',#342,.T.);
#211=FACE_OUTER_BOUND('',#343,.T.);
#212=FACE_OUTER_BOUND('',#344,.T.);
#213=FACE_OUTER_BOUND('',#345,.T.);
#214=FACE_OUTER_BOUND('',#346,.T.);
#215=FACE_OUTER_BOUND('',#347,.T.);
#216=FACE_OUTER_BOUND('',#348,.T.);
#217=FACE_OUTER_BOUND('',#349,.T.);
#218=FACE_OUTER_BOUND('',#350,.T.);
#219=FACE_OUTER_BOUND('',#351,.T.);
#220=FACE_OUTER_BOUND('',#352,.T.);
#221=FACE_OUTER_BOUND('',#353,.T.);
#222=FACE_OUTER_BOUND('',#354,.T.);
#223=FACE_OUTER_BOUND('',#385,.T.);
#224=FACE_OUTER_BOUND('',#386,.T.);
#225=FACE_OUTER_BOUND('',#387,.T.);
#226=FACE_OUTER_BOUND('',#388,.T.);
#227=FACE_OUTER_BOUND('',#389,.T.);
#228=FACE_OUTER_BOUND('',#390,.T.);
#229=FACE_OUTER_BOUND('',#391,.T.);
#230=FACE_OUTER_BOUND('',#392,.T.);
#231=FACE_OUTER_BOUND('',#393,.T.);
#232=FACE_OUTER_BOUND('',#394,.T.);
#233=FACE_OUTER_BOUND('',#395,.T.);
#234=FACE_OUTER_BOUND('',#396,.T.);
#235=FACE_OUTER_BOUND('',#397,.T.);
#236=FACE_OUTER_BOUND('',#398,.T.);
#237=FACE_OUTER_BOUND('',#399,.T.);
#238=FACE_OUTER_BOUND('',#400,.T.);
#239=FACE_OUTER_BOUND('',#401,.T.);
#240=FACE_OUTER_BOUND('',#402,.T.);
#241=FACE_OUTER_BOUND('',#403,.T.);
#242=FACE_OUTER_BOUND('',#404,.T.);
#243=FACE_OUTER_BOUND('',#405,.T.);
#244=FACE_OUTER_BOUND('',#406,.T.);
#245=FACE_OUTER_BOUND('',#407,.T.);
#246=FACE_OUTER_BOUND('',#408,.T.);
#247=FACE_OUTER_BOUND('',#409,.T.);
#248=FACE_OUTER_BOUND('',#410,.T.);
#249=FACE_OUTER_BOUND('',#411,.T.);
#250=FACE_OUTER_BOUND('',#412,.T.);
#251=FACE_OUTER_BOUND('',#413,.T.);
#252=FACE_OUTER_BOUND('',#414,.T.);
#253=FACE_OUTER_BOUND('',#415,.T.);
#254=FACE_OUTER_BOUND('',#416,.T.);
#255=FACE_OUTER_BOUND('',#417,.T.);
#256=FACE_OUTER_BOUND('',#418,.T.);
#257=FACE_OUTER_BOUND('',#419,.T.);
#258=FACE_OUTER_BOUND('',#420,.T.);
#259=FACE_OUTER_BOUND('',#421,.T.);
#260=FACE_OUTER_BOUND('',#422,.T.);
#261=FACE_OUTER_BOUND('',#423,.T.);
#262=FACE_OUTER_BOUND('',#424,.T.);
#263=FACE_OUTER_BOUND('',#425,.T.);
#264=FACE_OUTER_BOUND('',#426,.T.);
#265=EDGE_LOOP('',(#1699,#1700,#1701,#1702));
#266=EDGE_LOOP('',(#1703,#1704,#1705,#1706));
#267=EDGE_LOOP('',(#1707,#1708,#1709,#1710));
#268=EDGE_LOOP('',(#1711,#1712,#1713,#1714));
#269=EDGE_LOOP('',(#1715,#1716,#1717,#1718));
#270=EDGE_LOOP('',(#1719,#1720,#1721,#1722));
#271=EDGE_LOOP('',(#1723,#1724,#1725,#1726));
#272=EDGE_LOOP('',(#1727,#1728,#1729,#1730));
#273=EDGE_LOOP('',(#1731,#1732,#1733,#1734));
#274=EDGE_LOOP('',(#1735,#1736,#1737,#1738));
#275=EDGE_LOOP('',(#1739,#1740,#1741,#1742));
#276=EDGE_LOOP('',(#1743,#1744,#1745,#1746));
#277=EDGE_LOOP('',(#1747,#1748,#1749,#1750));
#278=EDGE_LOOP('',(#1751,#1752,#1753,#1754));
#279=EDGE_LOOP('',(#1755,#1756,#1757,#1758));
#280=EDGE_LOOP('',(#1759,#1760,#1761,#1762));
#281=EDGE_LOOP('',(#1763,#1764,#1765,#1766));
#282=EDGE_LOOP('',(#1767,#1768,#1769,#1770));
#283=EDGE_LOOP('',(#1771,#1772,#1773,#1774));
#284=EDGE_LOOP('',(#1775,#1776,#1777,#1778));
#285=EDGE_LOOP('',(#1779,#1780,#1781,#1782));
#286=EDGE_LOOP('',(#1783,#1784,#1785,#1786));
#287=EDGE_LOOP('',(#1787,#1788,#1789,#1790));
#288=EDGE_LOOP('',(#1791,#1792,#1793,#1794));
#289=EDGE_LOOP('',(#1795,#1796,#1797,#1798));
#290=EDGE_LOOP('',(#1799,#1800,#1801,#1802));
#291=EDGE_LOOP('',(#1803,#1804,#1805,#1806));
#292=EDGE_LOOP('',(#1807,#1808,#1809,#1810));
#293=EDGE_LOOP('',(#1811,#1812,#1813,#1814));
#294=EDGE_LOOP('',(#1815,#1816,#1817,#1818));
#295=EDGE_LOOP('',(#1819,#1820,#1821,#1822));
#296=EDGE_LOOP('',(#1823,#1824,#1825,#1826));
#297=EDGE_LOOP('',(#1827,#1828,#1829,#1830));
#298=EDGE_LOOP('',(#1831,#1832,#1833,#1834));
#299=EDGE_LOOP('',(#1835,#1836,#1837,#1838));
#300=EDGE_LOOP('',(#1839,#1840,#1841,#1842));
#301=EDGE_LOOP('',(#1843,#1844,#1845,#1846));
#302=EDGE_LOOP('',(#1847,#1848,#1849,#1850));
#303=EDGE_LOOP('',(#1851,#1852,#1853,#1854));
#304=EDGE_LOOP('',(#1855,#1856,#1857,#1858));
#305=EDGE_LOOP('',(#1859,#1860,#1861,#1862));
#306=EDGE_LOOP('',(#1863,#1864,#1865,#1866));
#307=EDGE_LOOP('',(#1867,#1868,#1869,#1870));
#308=EDGE_LOOP('',(#1871,#1872,#1873,#1874));
#309=EDGE_LOOP('',(#1875,#1876,#1877,#1878));
#310=EDGE_LOOP('',(#1879,#1880,#1881,#1882));
#311=EDGE_LOOP('',(#1883,#1884,#1885,#1886));
#312=EDGE_LOOP('',(#1887,#1888,#1889,#1890));
#313=EDGE_LOOP('',(#1891,#1892,#1893,#1894));
#314=EDGE_LOOP('',(#1895,#1896,#1897,#1898));
#315=EDGE_LOOP('',(#1899,#1900,#1901,#1902));
#316=EDGE_LOOP('',(#1903,#1904,#1905,#1906));
#317=EDGE_LOOP('',(#1907,#1908,#1909,#1910));
#318=EDGE_LOOP('',(#1911,#1912,#1913,#1914));
#319=EDGE_LOOP('',(#1915,#1916,#1917,#1918));
#320=EDGE_LOOP('',(#1919,#1920,#1921,#1922));
#321=EDGE_LOOP('',(#1923,#1924,#1925,#1926));
#322=EDGE_LOOP('',(#1927,#1928,#1929,#1930));
#323=EDGE_LOOP('',(#1931,#1932,#1933,#1934));
#324=EDGE_LOOP('',(#1935,#1936,#1937,#1938));
#325=EDGE_LOOP('',(#1939,#1940,#1941,#1942));
#326=EDGE_LOOP('',(#1943,#1944,#1945,#1946));
#327=EDGE_LOOP('',(#1947,#1948,#1949,#1950));
#328=EDGE_LOOP('',(#1951,#1952,#1953,#1954));
#329=EDGE_LOOP('',(#1955,#1956,#1957,#1958));
#330=EDGE_LOOP('',(#1959,#1960,#1961,#1962));
#331=EDGE_LOOP('',(#1963,#1964,#1965,#1966));
#332=EDGE_LOOP('',(#1967,#1968,#1969,#1970));
#333=EDGE_LOOP('',(#1971,#1972,#1973,#1974));
#334=EDGE_LOOP('',(#1975,#1976,#1977,#1978));
#335=EDGE_LOOP('',(#1979,#1980,#1981,#1982));
#336=EDGE_LOOP('',(#1983,#1984,#1985,#1986));
#337=EDGE_LOOP('',(#1987,#1988,#1989,#1990));
#338=EDGE_LOOP('',(#1991,#1992,#1993,#1994));
#339=EDGE_LOOP('',(#1995,#1996,#1997,#1998));
#340=EDGE_LOOP('',(#1999,#2000,#2001,#2002));
#341=EDGE_LOOP('',(#2003,#2004,#2005,#2006));
#342=EDGE_LOOP('',(#2007,#2008,#2009,#2010));
#343=EDGE_LOOP('',(#2011,#2012,#2013,#2014));
#344=EDGE_LOOP('',(#2015,#2016,#2017,#2018));
#345=EDGE_LOOP('',(#2019,#2020,#2021,#2022));
#346=EDGE_LOOP('',(#2023,#2024,#2025,#2026));
#347=EDGE_LOOP('',(#2027,#2028,#2029,#2030));
#348=EDGE_LOOP('',(#2031,#2032,#2033,#2034));
#349=EDGE_LOOP('',(#2035,#2036,#2037,#2038));
#350=EDGE_LOOP('',(#2039,#2040,#2041,#2042));
#351=EDGE_LOOP('',(#2043,#2044,#2045,#2046));
#352=EDGE_LOOP('',(#2047,#2048,#2049,#2050));
#353=EDGE_LOOP('',(#2051,#2052,#2053,#2054));
#354=EDGE_LOOP('',(#2055,#2056,#2057,#2058,#2059,#2060,#2061,#2062,#2063,
#2064,#2065,#2066,#2067,#2068,#2069,#2070,#2071,#2072,#2073,#2074,#2075,
#2076,#2077,#2078,#2079,#2080,#2081,#2082,#2083,#2084,#2085,#2086,#2087,
#2088,#2089,#2090,#2091,#2092,#2093,#2094,#2095,#2096));
#355=EDGE_LOOP('',(#2097,#2098,#2099,#2100,#2101,#2102,#2103,#2104,#2105,
#2106));
#356=EDGE_LOOP('',(#2107));
#357=EDGE_LOOP('',(#2108,#2109,#2110,#2111,#2112,#2113,#2114,#2115,#2116,
#2117));
#358=EDGE_LOOP('',(#2118,#2119,#2120,#2121,#2122,#2123,#2124,#2125));
#359=EDGE_LOOP('',(#2126));
#360=EDGE_LOOP('',(#2127));
#361=EDGE_LOOP('',(#2128));
#362=EDGE_LOOP('',(#2129,#2130,#2131,#2132,#2133,#2134,#2135,#2136,#2137,
#2138));
#363=EDGE_LOOP('',(#2139));
#364=EDGE_LOOP('',(#2140));
#365=EDGE_LOOP('',(#2141));
#366=EDGE_LOOP('',(#2142,#2143,#2144,#2145,#2146,#2147,#2148,#2149));
#367=EDGE_LOOP('',(#2150));
#368=EDGE_LOOP('',(#2151));
#369=EDGE_LOOP('',(#2152));
#370=EDGE_LOOP('',(#2153));
#371=EDGE_LOOP('',(#2154));
#372=EDGE_LOOP('',(#2155,#2156,#2157,#2158,#2159,#2160,#2161,#2162,#2163,
#2164));
#373=EDGE_LOOP('',(#2165));
#374=EDGE_LOOP('',(#2166));
#375=EDGE_LOOP('',(#2167));
#376=EDGE_LOOP('',(#2168));
#377=EDGE_LOOP('',(#2169));
#378=EDGE_LOOP('',(#2170));
#379=EDGE_LOOP('',(#2171));
#380=EDGE_LOOP('',(#2172));
#381=EDGE_LOOP('',(#2173));
#382=EDGE_LOOP('',(#2174));
#383=EDGE_LOOP('',(#2175));
#384=EDGE_LOOP('',(#2176));
#385=EDGE_LOOP('',(#2177,#2178,#2179,#2180));
#386=EDGE_LOOP('',(#2181,#2182,#2183,#2184));
#387=EDGE_LOOP('',(#2185,#2186,#2187,#2188));
#388=EDGE_LOOP('',(#2189,#2190,#2191,#2192));
#389=EDGE_LOOP('',(#2193,#2194,#2195,#2196));
#390=EDGE_LOOP('',(#2197,#2198,#2199,#2200));
#391=EDGE_LOOP('',(#2201,#2202,#2203,#2204));
#392=EDGE_LOOP('',(#2205,#2206,#2207,#2208));
#393=EDGE_LOOP('',(#2209,#2210,#2211,#2212));
#394=EDGE_LOOP('',(#2213,#2214,#2215,#2216));
#395=EDGE_LOOP('',(#2217,#2218,#2219,#2220));
#396=EDGE_LOOP('',(#2221,#2222,#2223,#2224));
#397=EDGE_LOOP('',(#2225,#2226,#2227,#2228));
#398=EDGE_LOOP('',(#2229,#2230,#2231,#2232));
#399=EDGE_LOOP('',(#2233,#2234,#2235,#2236));
#400=EDGE_LOOP('',(#2237,#2238,#2239,#2240));
#401=EDGE_LOOP('',(#2241,#2242,#2243,#2244));
#402=EDGE_LOOP('',(#2245,#2246,#2247,#2248));
#403=EDGE_LOOP('',(#2249,#2250,#2251,#2252));
#404=EDGE_LOOP('',(#2253,#2254,#2255,#2256));
#405=EDGE_LOOP('',(#2257,#2258,#2259,#2260));
#406=EDGE_LOOP('',(#2261,#2262,#2263,#2264));
#407=EDGE_LOOP('',(#2265,#2266,#2267,#2268));
#408=EDGE_LOOP('',(#2269,#2270,#2271,#2272));
#409=EDGE_LOOP('',(#2273,#2274,#2275,#2276));
#410=EDGE_LOOP('',(#2277,#2278,#2279,#2280));
#411=EDGE_LOOP('',(#2281,#2282,#2283,#2284));
#412=EDGE_LOOP('',(#2285,#2286,#2287,#2288));
#413=EDGE_LOOP('',(#2289,#2290,#2291,#2292));
#414=EDGE_LOOP('',(#2293,#2294,#2295,#2296));
#415=EDGE_LOOP('',(#2297,#2298,#2299,#2300));
#416=EDGE_LOOP('',(#2301,#2302,#2303,#2304));
#417=EDGE_LOOP('',(#2305,#2306,#2307,#2308));
#418=EDGE_LOOP('',(#2309,#2310,#2311,#2312));
#419=EDGE_LOOP('',(#2313,#2314,#2315,#2316));
#420=EDGE_LOOP('',(#2317,#2318,#2319,#2320));
#421=EDGE_LOOP('',(#2321,#2322,#2323,#2324));
#422=EDGE_LOOP('',(#2325,#2326,#2327,#2328));
#423=EDGE_LOOP('',(#2329,#2330,#2331,#2332));
#424=EDGE_LOOP('',(#2333,#2334,#2335,#2336));
#425=EDGE_LOOP('',(#2337,#2338,#2339,#2340));
#426=EDGE_LOOP('',(#2341,#2342,#2343,#2344,#2345,#2346,#2347,#2348,#2349,
#2350,#2351,#2352,#2353,#2354,#2355,#2356,#2357,#2358,#2359,#2360,#2361,
#2362,#2363,#2364,#2365,#2366,#2367,#2368,#2369,#2370,#2371,#2372,#2373,
#2374,#2375,#2376,#2377,#2378,#2379,#2380,#2381,#2382));
#427=EDGE_LOOP('',(#2383,#2384,#2385,#2386,#2387,#2388,#2389,#2390,#2391,
#2392));
#428=EDGE_LOOP('',(#2393,#2394,#2395,#2396,#2397,#2398,#2399,#2400,#2401,
#2402));
#429=EDGE_LOOP('',(#2403));
#430=EDGE_LOOP('',(#2404,#2405,#2406,#2407,#2408,#2409,#2410,#2411,#2412,
#2413));
#431=EDGE_LOOP('',(#2414,#2415,#2416,#2417,#2418,#2419,#2420,#2421));
#432=EDGE_LOOP('',(#2422));
#433=EDGE_LOOP('',(#2423));
#434=EDGE_LOOP('',(#2424));
#435=EDGE_LOOP('',(#2425,#2426,#2427,#2428,#2429,#2430,#2431,#2432,#2433,
#2434));
#436=EDGE_LOOP('',(#2435));
#437=EDGE_LOOP('',(#2436));
#438=EDGE_LOOP('',(#2437));
#439=EDGE_LOOP('',(#2438,#2439,#2440,#2441,#2442,#2443,#2444,#2445));
#440=EDGE_LOOP('',(#2446));
#441=EDGE_LOOP('',(#2447));
#442=EDGE_LOOP('',(#2448));
#443=EDGE_LOOP('',(#2449));
#444=EDGE_LOOP('',(#2450));
#445=EDGE_LOOP('',(#2451));
#446=EDGE_LOOP('',(#2452));
#447=EDGE_LOOP('',(#2453));
#448=EDGE_LOOP('',(#2454));
#449=EDGE_LOOP('',(#2455));
#450=EDGE_LOOP('',(#2456));
#451=EDGE_LOOP('',(#2457));
#452=EDGE_LOOP('',(#2458));
#453=EDGE_LOOP('',(#2459));
#454=EDGE_LOOP('',(#2460));
#455=EDGE_LOOP('',(#2461));
#456=EDGE_LOOP('',(#2462));
#457=LINE('',#3769,#683);
#458=LINE('',#3772,#684);
#459=LINE('',#3775,#685);
#460=LINE('',#3777,#686);
#461=LINE('',#3778,#687);
#462=LINE('',#3784,#688);
#463=LINE('',#3787,#689);
#464=LINE('',#3790,#690);
#465=LINE('',#3792,#691);
#466=LINE('',#3793,#692);
#467=LINE('',#3799,#693);
#468=LINE('',#3802,#694);
#469=LINE('',#3805,#695);
#470=LINE('',#3807,#696);
#471=LINE('',#3808,#697);
#472=LINE('',#3813,#698);
#473=LINE('',#3818,#699);
#474=LINE('',#3820,#700);
#475=LINE('',#3822,#701);
#476=LINE('',#3823,#702);
#477=LINE('',#3829,#703);
#478=LINE('',#3832,#704);
#479=LINE('',#3834,#705);
#480=LINE('',#3835,#706);
#481=LINE('',#3841,#707);
#482=LINE('',#3844,#708);
#483=LINE('',#3846,#709);
#484=LINE('',#3847,#710);
#485=LINE('',#3853,#711);
#486=LINE('',#3856,#712);
#487=LINE('',#3858,#713);
#488=LINE('',#3859,#714);
#489=LINE('',#3865,#715);
#490=LINE('',#3868,#716);
#491=LINE('',#3870,#717);
#492=LINE('',#3871,#718);
#493=LINE('',#3879,#719);
#494=LINE('',#3884,#720);
#495=LINE('',#3886,#721);
#496=LINE('',#3888,#722);
#497=LINE('',#3889,#723);
#498=LINE('',#3895,#724);
#499=LINE('',#3898,#725);
#500=LINE('',#3900,#726);
#501=LINE('',#3901,#727);
#502=LINE('',#3907,#728);
#503=LINE('',#3910,#729);
#504=LINE('',#3912,#730);
#505=LINE('',#3913,#731);
#506=LINE('',#3919,#732);
#507=LINE('',#3922,#733);
#508=LINE('',#3924,#734);
#509=LINE('',#3925,#735);
#510=LINE('',#3931,#736);
#511=LINE('',#3934,#737);
#512=LINE('',#3936,#738);
#513=LINE('',#3937,#739);
#514=LINE('',#3944,#740);
#515=LINE('',#3946,#741);
#516=LINE('',#3948,#742);
#517=LINE('',#3949,#743);
#518=LINE('',#3955,#744);
#519=LINE('',#3958,#745);
#520=LINE('',#3960,#746);
#521=LINE('',#3961,#747);
#522=LINE('',#3967,#748);
#523=LINE('',#3970,#749);
#524=LINE('',#3972,#750);
#525=LINE('',#3973,#751);
#526=LINE('',#3979,#752);
#527=LINE('',#3982,#753);
#528=LINE('',#3984,#754);
#529=LINE('',#3985,#755);
#530=LINE('',#3993,#756);
#531=LINE('',#3999,#757);
#532=LINE('',#4005,#758);
#533=LINE('',#4010,#759);
#534=LINE('',#4012,#760);
#535=LINE('',#4014,#761);
#536=LINE('',#4015,#762);
#537=LINE('',#4021,#763);
#538=LINE('',#4024,#764);
#539=LINE('',#4026,#765);
#540=LINE('',#4027,#766);
#541=LINE('',#4033,#767);
#542=LINE('',#4036,#768);
#543=LINE('',#4038,#769);
#544=LINE('',#4039,#770);
#545=LINE('',#4045,#771);
#546=LINE('',#4048,#772);
#547=LINE('',#4050,#773);
#548=LINE('',#4051,#774);
#549=LINE('',#4057,#775);
#550=LINE('',#4060,#776);
#551=LINE('',#4062,#777);
#552=LINE('',#4063,#778);
#553=LINE('',#4071,#779);
#554=LINE('',#4077,#780);
#555=LINE('',#4083,#781);
#556=LINE('',#4088,#782);
#557=LINE('',#4090,#783);
#558=LINE('',#4092,#784);
#559=LINE('',#4093,#785);
#560=LINE('',#4099,#786);
#561=LINE('',#4102,#787);
#562=LINE('',#4104,#788);
#563=LINE('',#4105,#789);
#564=LINE('',#4111,#790);
#565=LINE('',#4114,#791);
#566=LINE('',#4116,#792);
#567=LINE('',#4117,#793);
#568=LINE('',#4123,#794);
#569=LINE('',#4126,#795);
#570=LINE('',#4128,#796);
#571=LINE('',#4129,#797);
#572=LINE('',#4137,#798);
#573=LINE('',#4143,#799);
#574=LINE('',#4149,#800);
#575=LINE('',#4155,#801);
#576=LINE('',#4161,#802);
#577=LINE('',#4168,#803);
#578=LINE('',#4171,#804);
#579=LINE('',#4173,#805);
#580=LINE('',#4174,#806);
#581=LINE('',#4180,#807);
#582=LINE('',#4183,#808);
#583=LINE('',#4185,#809);
#584=LINE('',#4186,#810);
#585=LINE('',#4192,#811);
#586=LINE('',#4195,#812);
#587=LINE('',#4197,#813);
#588=LINE('',#4198,#814);
#589=LINE('',#4204,#815);
#590=LINE('',#4207,#816);
#591=LINE('',#4209,#817);
#592=LINE('',#4210,#818);
#593=LINE('',#4216,#819);
#594=LINE('',#4219,#820);
#595=LINE('',#4221,#821);
#596=LINE('',#4222,#822);
#597=LINE('',#4228,#823);
#598=LINE('',#4231,#824);
#599=LINE('',#4233,#825);
#600=LINE('',#4234,#826);
#601=LINE('',#4240,#827);
#602=LINE('',#4243,#828);
#603=LINE('',#4245,#829);
#604=LINE('',#4246,#830);
#605=LINE('',#4252,#831);
#606=LINE('',#4254,#832);
#607=LINE('',#4255,#833);
#608=LINE('',#4261,#834);
#609=LINE('',#4264,#835);
#610=LINE('',#4266,#836);
#611=LINE('',#4267,#837);
#612=LINE('',#4273,#838);
#613=LINE('',#4276,#839);
#614=LINE('',#4278,#840);
#615=LINE('',#4279,#841);
#616=LINE('',#4285,#842);
#617=LINE('',#4287,#843);
#618=LINE('',#4288,#844);
#619=LINE('',#4293,#845);
#620=LINE('',#4299,#846);
#621=LINE('',#4305,#847);
#622=LINE('',#4309,#848);
#623=LINE('',#4313,#849);
#624=LINE('',#4317,#850);
#625=LINE('',#4321,#851);
#626=LINE('',#4325,#852);
#627=LINE('',#4329,#853);
#628=LINE('',#4333,#854);
#629=LINE('',#4337,#855);
#630=LINE('',#4341,#856);
#631=LINE('',#4344,#857);
#632=LINE('',#4370,#858);
#633=LINE('',#4374,#859);
#634=LINE('',#4378,#860);
#635=LINE('',#4382,#861);
#636=LINE('',#4386,#862);
#637=LINE('',#4390,#863);
#638=LINE('',#4394,#864);
#639=LINE('',#4398,#865);
#640=LINE('',#4402,#866);
#641=LINE('',#4406,#867);
#642=LINE('',#4410,#868);
#643=LINE('',#4414,#869);
#644=LINE('',#4418,#870);
#645=LINE('',#4422,#871);
#646=LINE('',#4426,#872);
#647=LINE('',#4430,#873);
#648=LINE('',#4434,#874);
#649=LINE('',#4438,#875);
#650=LINE('',#4442,#876);
#651=LINE('',#4447,#877);
#652=LINE('',#4448,#878);
#653=LINE('',#4451,#879);
#654=LINE('',#4452,#880);
#655=LINE('',#4456,#881);
#656=LINE('',#4459,#882);
#657=LINE('',#4460,#883);
#658=LINE('',#4464,#884);
#659=LINE('',#4467,#885);
#660=LINE('',#4468,#886);
#661=LINE('',#4472,#887);
#662=LINE('',#4475,#888);
#663=LINE('',#4476,#889);
#664=LINE('',#4480,#890);
#665=LINE('',#4483,#891);
#666=LINE('',#4484,#892);
#667=LINE('',#4489,#893);
#668=LINE('',#4490,#894);
#669=LINE('',#4494,#895);
#670=LINE('',#4497,#896);
#671=LINE('',#4498,#897);
#672=LINE('',#4502,#898);
#673=LINE('',#4505,#899);
#674=LINE('',#4506,#900);
#675=LINE('',#4510,#901);
#676=LINE('',#4513,#902);
#677=LINE('',#4514,#903);
#678=LINE('',#4518,#904);
#679=LINE('',#4521,#905);
#680=LINE('',#4522,#906);
#681=LINE('',#4526,#907);
#682=LINE('',#4528,#908);
#683=VECTOR('',#2965,4.75);
#684=VECTOR('',#2968,4.75);
#685=VECTOR('',#2971,10.);
#686=VECTOR('',#2972,10.);
#687=VECTOR('',#2973,10.);
#688=VECTOR('',#2978,4.75);
#689=VECTOR('',#2981,4.75);
#690=VECTOR('',#2984,10.);
#691=VECTOR('',#2985,10.);
#692=VECTOR('',#2986,10.);
#693=VECTOR('',#2991,2.6);
#694=VECTOR('',#2994,2.6);
#695=VECTOR('',#2997,10.);
#696=VECTOR('',#2998,2.6);
#697=VECTOR('',#2999,10.);
#698=VECTOR('',#3004,2.6);
#699=VECTOR('',#3009,10.);
#700=VECTOR('',#3010,10.);
#701=VECTOR('',#3011,10.);
#702=VECTOR('',#3012,10.);
#703=VECTOR('',#3019,10.);
#704=VECTOR('',#3022,10.);
#705=VECTOR('',#3023,10.);
#706=VECTOR('',#3024,10.);
#707=VECTOR('',#3031,10.);
#708=VECTOR('',#3034,10.);
#709=VECTOR('',#3035,10.);
#710=VECTOR('',#3036,10.);
#711=VECTOR('',#3043,10.);
#712=VECTOR('',#3046,10.);
#713=VECTOR('',#3047,10.);
#714=VECTOR('',#3048,10.);
#715=VECTOR('',#3055,10.);
#716=VECTOR('',#3058,10.);
#717=VECTOR('',#3059,10.);
#718=VECTOR('',#3060,10.);
#719=VECTOR('',#3071,1.5);
#720=VECTOR('',#3076,10.);
#721=VECTOR('',#3077,10.);
#722=VECTOR('',#3078,10.);
#723=VECTOR('',#3079,10.);
#724=VECTOR('',#3086,10.);
#725=VECTOR('',#3089,10.);
#726=VECTOR('',#3090,10.);
#727=VECTOR('',#3091,10.);
#728=VECTOR('',#3098,10.);
#729=VECTOR('',#3101,10.);
#730=VECTOR('',#3102,10.);
#731=VECTOR('',#3103,10.);
#732=VECTOR('',#3110,10.);
#733=VECTOR('',#3113,10.);
#734=VECTOR('',#3114,10.);
#735=VECTOR('',#3115,10.);
#736=VECTOR('',#3122,10.);
#737=VECTOR('',#3125,10.);
#738=VECTOR('',#3126,10.);
#739=VECTOR('',#3127,10.);
#740=VECTOR('',#3136,10.);
#741=VECTOR('',#3137,10.);
#742=VECTOR('',#3138,10.);
#743=VECTOR('',#3139,10.);
#744=VECTOR('',#3146,10.);
#745=VECTOR('',#3149,10.);
#746=VECTOR('',#3150,10.);
#747=VECTOR('',#3151,10.);
#748=VECTOR('',#3158,10.);
#749=VECTOR('',#3161,10.);
#750=VECTOR('',#3162,10.);
#751=VECTOR('',#3163,10.);
#752=VECTOR('',#3170,10.);
#753=VECTOR('',#3173,10.);
#754=VECTOR('',#3174,10.);
#755=VECTOR('',#3175,10.);
#756=VECTOR('',#3186,0.85);
#757=VECTOR('',#3193,0.85);
#758=VECTOR('',#3200,1.1);
#759=VECTOR('',#3205,10.);
#760=VECTOR('',#3206,10.);
#761=VECTOR('',#3207,10.);
#762=VECTOR('',#3208,10.);
#763=VECTOR('',#3215,10.);
#764=VECTOR('',#3218,10.);
#765=VECTOR('',#3219,10.);
#766=VECTOR('',#3220,10.);
#767=VECTOR('',#3227,10.);
#768=VECTOR('',#3230,10.);
#769=VECTOR('',#3231,10.);
#770=VECTOR('',#3232,10.);
#771=VECTOR('',#3239,10.);
#772=VECTOR('',#3242,10.);
#773=VECTOR('',#3243,10.);
#774=VECTOR('',#3244,10.);
#775=VECTOR('',#3251,10.);
#776=VECTOR('',#3254,10.);
#777=VECTOR('',#3255,10.);
#778=VECTOR('',#3256,10.);
#779=VECTOR('',#3267,0.85);
#780=VECTOR('',#3274,1.5);
#781=VECTOR('',#3281,1.1);
#782=VECTOR('',#3286,10.);
#783=VECTOR('',#3287,10.);
#784=VECTOR('',#3288,10.);
#785=VECTOR('',#3289,10.);
#786=VECTOR('',#3296,10.);
#787=VECTOR('',#3299,10.);
#788=VECTOR('',#3300,10.);
#789=VECTOR('',#3301,10.);
#790=VECTOR('',#3308,10.);
#791=VECTOR('',#3311,10.);
#792=VECTOR('',#3312,10.);
#793=VECTOR('',#3313,10.);
#794=VECTOR('',#3320,10.);
#795=VECTOR('',#3323,10.);
#796=VECTOR('',#3324,10.);
#797=VECTOR('',#3325,10.);
#798=VECTOR('',#3336,1.5);
#799=VECTOR('',#3343,1.1);
#800=VECTOR('',#3350,1.5);
#801=VECTOR('',#3357,0.85);
#802=VECTOR('',#3364,1.1);
#803=VECTOR('',#3373,10.);
#804=VECTOR('',#3376,10.);
#805=VECTOR('',#3377,10.);
#806=VECTOR('',#3378,10.);
#807=VECTOR('',#3385,10.);
#808=VECTOR('',#3388,10.);
#809=VECTOR('',#3389,10.);
#810=VECTOR('',#3390,10.);
#811=VECTOR('',#3397,10.);
#812=VECTOR('',#3400,10.);
#813=VECTOR('',#3401,10.);
#814=VECTOR('',#3402,10.);
#815=VECTOR('',#3409,10.);
#816=VECTOR('',#3412,10.);
#817=VECTOR('',#3413,10.);
#818=VECTOR('',#3414,10.);
#819=VECTOR('',#3421,10.);
#820=VECTOR('',#3424,10.);
#821=VECTOR('',#3425,10.);
#822=VECTOR('',#3426,10.);
#823=VECTOR('',#3433,10.);
#824=VECTOR('',#3436,10.);
#825=VECTOR('',#3437,10.);
#826=VECTOR('',#3438,10.);
#827=VECTOR('',#3445,10.);
#828=VECTOR('',#3448,10.);
#829=VECTOR('',#3449,10.);
#830=VECTOR('',#3450,10.);
#831=VECTOR('',#3459,10.);
#832=VECTOR('',#3460,10.);
#833=VECTOR('',#3461,10.);
#834=VECTOR('',#3468,10.);
#835=VECTOR('',#3471,10.);
#836=VECTOR('',#3472,10.);
#837=VECTOR('',#3473,10.);
#838=VECTOR('',#3480,10.);
#839=VECTOR('',#3483,10.);
#840=VECTOR('',#3484,10.);
#841=VECTOR('',#3485,10.);
#842=VECTOR('',#3492,10.);
#843=VECTOR('',#3495,10.);
#844=VECTOR('',#3496,10.);
#845=VECTOR('',#3501,10.);
#846=VECTOR('',#3508,1.6);
#847=VECTOR('',#3515,10.);
#848=VECTOR('',#3518,10.);
#849=VECTOR('',#3521,10.);
#850=VECTOR('',#3524,10.);
#851=VECTOR('',#3527,10.);
#852=VECTOR('',#3530,10.);
#853=VECTOR('',#3533,10.);
#854=VECTOR('',#3536,10.);
#855=VECTOR('',#3539,10.);
#856=VECTOR('',#3542,10.);
#857=VECTOR('',#3545,10.);
#858=VECTOR('',#3572,1.);
#859=VECTOR('',#3577,1.6);
#860=VECTOR('',#3582,1.);
#861=VECTOR('',#3587,1.6);
#862=VECTOR('',#3592,1.);
#863=VECTOR('',#3597,1.6);
#864=VECTOR('',#3602,1.);
#865=VECTOR('',#3607,2.45);
#866=VECTOR('',#3612,1.5);
#867=VECTOR('',#3617,2.45);
#868=VECTOR('',#3622,1.5);
#869=VECTOR('',#3627,2.45);
#870=VECTOR('',#3632,1.5);
#871=VECTOR('',#3637,2.45);
#872=VECTOR('',#3642,1.5);
#873=VECTOR('',#3647,1.5);
#874=VECTOR('',#3652,1.5);
#875=VECTOR('',#3657,1.5);
#876=VECTOR('',#3662,1.5);
#877=VECTOR('',#3667,10.);
#878=VECTOR('',#3668,10.);
#879=VECTOR('',#3671,10.);
#880=VECTOR('',#3672,10.);
#881=VECTOR('',#3677,10.);
#882=VECTOR('',#3680,10.);
#883=VECTOR('',#3681,10.);
#884=VECTOR('',#3686,10.);
#885=VECTOR('',#3689,10.);
#886=VECTOR('',#3690,10.);
#887=VECTOR('',#3695,10.);
#888=VECTOR('',#3698,10.);
#889=VECTOR('',#3699,10.);
#890=VECTOR('',#3704,10.);
#891=VECTOR('',#3707,10.);
#892=VECTOR('',#3708,10.);
#893=VECTOR('',#3715,10.);
#894=VECTOR('',#3716,10.);
#895=VECTOR('',#3721,10.);
#896=VECTOR('',#3724,10.);
#897=VECTOR('',#3725,10.);
#898=VECTOR('',#3730,10.);
#899=VECTOR('',#3733,10.);
#900=VECTOR('',#3734,10.);
#901=VECTOR('',#3739,10.);
#902=VECTOR('',#3742,10.);
#903=VECTOR('',#3743,10.);
#904=VECTOR('',#3748,10.);
#905=VECTOR('',#3751,10.);
#906=VECTOR('',#3752,10.);
#907=VECTOR('',#3757,10.);
#908=VECTOR('',#3760,10.);
#909=CIRCLE('',#2672,4.75);
#910=CIRCLE('',#2673,4.75);
#911=CIRCLE('',#2676,4.75);
#912=CIRCLE('',#2677,4.75);
#913=CIRCLE('',#2680,2.6);
#914=CIRCLE('',#2681,2.6);
#915=CIRCLE('',#2684,2.6);
#916=CIRCLE('',#2685,2.6);
#917=CIRCLE('',#2688,1.);
#918=CIRCLE('',#2689,1.);
#919=CIRCLE('',#2692,0.999999999999189);
#920=CIRCLE('',#2693,0.999999999999189);
#921=CIRCLE('',#2696,0.99999999999982);
#922=CIRCLE('',#2697,0.99999999999982);
#923=CIRCLE('',#2700,0.999999999999975);
#924=CIRCLE('',#2701,0.999999999999975);
#925=CIRCLE('',#2704,0.999999999998598);
#926=CIRCLE('',#2705,0.999999999998598);
#927=CIRCLE('',#2707,1.5);
#928=CIRCLE('',#2708,1.5);
#929=CIRCLE('',#2711,0.999999999997232);
#930=CIRCLE('',#2712,0.999999999997232);
#931=CIRCLE('',#2715,1.00000000000043);
#932=CIRCLE('',#2716,1.00000000000043);
#933=CIRCLE('',#2719,1.00000000000002);
#934=CIRCLE('',#2720,1.00000000000002);
#935=CIRCLE('',#2723,1.00000000000005);
#936=CIRCLE('',#2724,1.00000000000005);
#937=CIRCLE('',#2727,1.00000000000067);
#938=CIRCLE('',#2728,1.00000000000067);
#939=CIRCLE('',#2731,1.);
#940=CIRCLE('',#2732,1.);
#941=CIRCLE('',#2735,1.00000000000101);
#942=CIRCLE('',#2736,1.00000000000101);
#943=CIRCLE('',#2739,1.00000000000006);
#944=CIRCLE('',#2740,1.00000000000006);
#945=CIRCLE('',#2743,0.999999999999334);
#946=CIRCLE('',#2744,0.999999999999334);
#947=CIRCLE('',#2746,0.85);
#948=CIRCLE('',#2747,0.85);
#949=CIRCLE('',#2749,0.85);
#950=CIRCLE('',#2750,0.85);
#951=CIRCLE('',#2752,1.1);
#952=CIRCLE('',#2753,1.1);
#953=CIRCLE('',#2756,0.999999999999999);
#954=CIRCLE('',#2757,0.999999999999999);
#955=CIRCLE('',#2760,0.99999999999932);
#956=CIRCLE('',#2761,0.99999999999932);
#957=CIRCLE('',#2764,0.999999999997808);
#958=CIRCLE('',#2765,0.999999999997808);
#959=CIRCLE('',#2768,1.00000000000001);
#960=CIRCLE('',#2769,1.00000000000001);
#961=CIRCLE('',#2772,1.00000000000003);
#962=CIRCLE('',#2773,1.00000000000003);
#963=CIRCLE('',#2775,0.85);
#964=CIRCLE('',#2776,0.85);
#965=CIRCLE('',#2778,1.5);
#966=CIRCLE('',#2779,1.5);
#967=CIRCLE('',#2781,1.1);
#968=CIRCLE('',#2782,1.1);
#969=CIRCLE('',#2785,1.00000000000002);
#970=CIRCLE('',#2786,1.00000000000002);
#971=CIRCLE('',#2789,1.00000000000148);
#972=CIRCLE('',#2790,1.00000000000148);
#973=CIRCLE('',#2793,1.00000000000067);
#974=CIRCLE('',#2794,1.00000000000067);
#975=CIRCLE('',#2797,0.999999999999989);
#976=CIRCLE('',#2798,0.999999999999989);
#977=CIRCLE('',#2800,1.5);
#978=CIRCLE('',#2801,1.5);
#979=CIRCLE('',#2803,1.1);
#980=CIRCLE('',#2804,1.1);
#981=CIRCLE('',#2806,1.5);
#982=CIRCLE('',#2807,1.5);
#983=CIRCLE('',#2809,0.85);
#984=CIRCLE('',#2810,0.85);
#985=CIRCLE('',#2812,1.1);
#986=CIRCLE('',#2813,1.1);
#987=CIRCLE('',#2815,9.99999999999997);
#988=CIRCLE('',#2816,9.99999999999997);
#989=CIRCLE('',#2819,5.);
#990=CIRCLE('',#2820,5.);
#991=CIRCLE('',#2823,3.00000000000003);
#992=CIRCLE('',#2824,3.00000000000003);
#993=CIRCLE('',#2827,1.00000000000149);
#994=CIRCLE('',#2828,1.00000000000149);
#995=CIRCLE('',#2831,1.00000000000152);
#996=CIRCLE('',#2832,1.00000000000152);
#997=CIRCLE('',#2835,3.00000000000003);
#998=CIRCLE('',#2836,3.00000000000003);
#999=CIRCLE('',#2839,5.00000000000002);
#1000=CIRCLE('',#2840,5.00000000000002);
#1001=CIRCLE('',#2843,9.99999999999993);
#1002=CIRCLE('',#2844,9.99999999999993);
#1003=CIRCLE('',#2847,0.99999999999947);
#1004=CIRCLE('',#2848,0.99999999999947);
#1005=CIRCLE('',#2851,1.);
#1006=CIRCLE('',#2852,1.);
#1007=CIRCLE('',#2855,0.999999999999189);
#1008=CIRCLE('',#2856,0.999999999999189);
#1009=CIRCLE('',#2859,5.);
#1010=CIRCLE('',#2860,5.);
#1011=CIRCLE('',#2862,1.);
#1012=CIRCLE('',#2863,2.2);
#1013=CIRCLE('',#2865,5.);
#1014=CIRCLE('',#2866,5.);
#1015=CIRCLE('',#2867,9.99999999999861);
#1016=CIRCLE('',#2868,5.);
#1017=CIRCLE('',#2869,5.);
#1018=CIRCLE('',#2870,10.);
#1019=CIRCLE('',#2871,10.);
#1020=CIRCLE('',#2872,5.);
#1021=CIRCLE('',#2873,5.);
#1022=CIRCLE('',#2874,9.99999999999861);
#1023=CIRCLE('',#2875,5.);
#1024=CIRCLE('',#2876,2.2);
#1025=CIRCLE('',#2877,2.2);
#1026=CIRCLE('',#2878,3.4);
#1027=CIRCLE('',#2879,3.4);
#1028=CIRCLE('',#2880,1.5);
#1029=CIRCLE('',#2881,1.5);
#1030=CIRCLE('',#2882,1.5);
#1031=CIRCLE('',#2883,1.5);
#1032=CIRCLE('',#2884,3.4);
#1033=CIRCLE('',#2885,3.4);
#1034=CIRCLE('',#2886,2.2);
#1035=CIRCLE('',#2888,1.);
#1036=CIRCLE('',#2890,1.);
#1037=CIRCLE('',#2892,1.);
#1038=CIRCLE('',#2894,1.);
#1039=CIRCLE('',#2896,1.);
#1040=CIRCLE('',#2898,1.);
#1041=CIRCLE('',#2900,1.);
#1042=CIRCLE('',#2902,1.5);
#1043=CIRCLE('',#2904,1.5);
#1044=CIRCLE('',#2906,1.5);
#1045=CIRCLE('',#2908,1.5);
#1046=CIRCLE('',#2910,1.5);
#1047=CIRCLE('',#2912,1.5);
#1048=CIRCLE('',#2914,1.5);
#1049=CIRCLE('',#2916,1.5);
#1050=CIRCLE('',#2918,1.5);
#1051=CIRCLE('',#2920,1.5);
#1052=CIRCLE('',#2922,1.5);
#1053=CIRCLE('',#2924,1.5);
#1054=CIRCLE('',#2926,10.);
#1055=CIRCLE('',#2929,5.);
#1056=CIRCLE('',#2932,5.);
#1057=CIRCLE('',#2935,9.99999999999861);
#1058=CIRCLE('',#2938,5.);
#1059=CIRCLE('',#2941,5.);
#1060=CIRCLE('',#2944,5.);
#1061=CIRCLE('',#2947,9.99999999999861);
#1062=CIRCLE('',#2950,5.);
#1063=CIRCLE('',#2953,5.);
#1064=CIRCLE('',#2956,10.);
#1065=VERTEX_POINT('',#3765);
#1066=VERTEX_POINT('',#3766);
#1067=VERTEX_POINT('',#3768);
#1068=VERTEX_POINT('',#3770);
#1069=VERTEX_POINT('',#3774);
#1070=VERTEX_POINT('',#3776);
#1071=VERTEX_POINT('',#3780);
#1072=VERTEX_POINT('',#3781);
#1073=VERTEX_POINT('',#3783);
#1074=VERTEX_POINT('',#3785);
#1075=VERTEX_POINT('',#3789);
#1076=VERTEX_POINT('',#3791);
#1077=VERTEX_POINT('',#3795);
#1078=VERTEX_POINT('',#3796);
#1079=VERTEX_POINT('',#3798);
#1080=VERTEX_POINT('',#3800);
#1081=VERTEX_POINT('',#3804);
#1082=VERTEX_POINT('',#3806);
#1083=VERTEX_POINT('',#3810);
#1084=VERTEX_POINT('',#3812);
#1085=VERTEX_POINT('',#3816);
#1086=VERTEX_POINT('',#3817);
#1087=VERTEX_POINT('',#3819);
#1088=VERTEX_POINT('',#3821);
#1089=VERTEX_POINT('',#3825);
#1090=VERTEX_POINT('',#3827);
#1091=VERTEX_POINT('',#3831);
#1092=VERTEX_POINT('',#3833);
#1093=VERTEX_POINT('',#3837);
#1094=VERTEX_POINT('',#3839);
#1095=VERTEX_POINT('',#3843);
#1096=VERTEX_POINT('',#3845);
#1097=VERTEX_POINT('',#3849);
#1098=VERTEX_POINT('',#3851);
#1099=VERTEX_POINT('',#3855);
#1100=VERTEX_POINT('',#3857);
#1101=VERTEX_POINT('',#3861);
#1102=VERTEX_POINT('',#3863);
#1103=VERTEX_POINT('',#3867);
#1104=VERTEX_POINT('',#3869);
#1105=VERTEX_POINT('',#3876);
#1106=VERTEX_POINT('',#3878);
#1107=VERTEX_POINT('',#3882);
#1108=VERTEX_POINT('',#3883);
#1109=VERTEX_POINT('',#3885);
#1110=VERTEX_POINT('',#3887);
#1111=VERTEX_POINT('',#3891);
#1112=VERTEX_POINT('',#3893);
#1113=VERTEX_POINT('',#3897);
#1114=VERTEX_POINT('',#3899);
#1115=VERTEX_POINT('',#3903);
#1116=VERTEX_POINT('',#3905);
#1117=VERTEX_POINT('',#3909);
#1118=VERTEX_POINT('',#3911);
#1119=VERTEX_POINT('',#3915);
#1120=VERTEX_POINT('',#3917);
#1121=VERTEX_POINT('',#3921);
#1122=VERTEX_POINT('',#3923);
#1123=VERTEX_POINT('',#3927);
#1124=VERTEX_POINT('',#3929);
#1125=VERTEX_POINT('',#3933);
#1126=VERTEX_POINT('',#3935);
#1127=VERTEX_POINT('',#3942);
#1128=VERTEX_POINT('',#3943);
#1129=VERTEX_POINT('',#3945);
#1130=VERTEX_POINT('',#3947);
#1131=VERTEX_POINT('',#3951);
#1132=VERTEX_POINT('',#3953);
#1133=VERTEX_POINT('',#3957);
#1134=VERTEX_POINT('',#3959);
#1135=VERTEX_POINT('',#3963);
#1136=VERTEX_POINT('',#3965);
#1137=VERTEX_POINT('',#3969);
#1138=VERTEX_POINT('',#3971);
#1139=VERTEX_POINT('',#3975);
#1140=VERTEX_POINT('',#3977);
#1141=VERTEX_POINT('',#3981);
#1142=VERTEX_POINT('',#3983);
#1143=VERTEX_POINT('',#3990);
#1144=VERTEX_POINT('',#3992);
#1145=VERTEX_POINT('',#3996);
#1146=VERTEX_POINT('',#3998);
#1147=VERTEX_POINT('',#4002);
#1148=VERTEX_POINT('',#4004);
#1149=VERTEX_POINT('',#4008);
#1150=VERTEX_POINT('',#4009);
#1151=VERTEX_POINT('',#4011);
#1152=VERTEX_POINT('',#4013);
#1153=VERTEX_POINT('',#4017);
#1154=VERTEX_POINT('',#4019);
#1155=VERTEX_POINT('',#4023);
#1156=VERTEX_POINT('',#4025);
#1157=VERTEX_POINT('',#4029);
#1158=VERTEX_POINT('',#4031);
#1159=VERTEX_POINT('',#4035);
#1160=VERTEX_POINT('',#4037);
#1161=VERTEX_POINT('',#4041);
#1162=VERTEX_POINT('',#4043);
#1163=VERTEX_POINT('',#4047);
#1164=VERTEX_POINT('',#4049);
#1165=VERTEX_POINT('',#4053);
#1166=VERTEX_POINT('',#4055);
#1167=VERTEX_POINT('',#4059);
#1168=VERTEX_POINT('',#4061);
#1169=VERTEX_POINT('',#4068);
#1170=VERTEX_POINT('',#4070);
#1171=VERTEX_POINT('',#4074);
#1172=VERTEX_POINT('',#4076);
#1173=VERTEX_POINT('',#4080);
#1174=VERTEX_POINT('',#4082);
#1175=VERTEX_POINT('',#4086);
#1176=VERTEX_POINT('',#4087);
#1177=VERTEX_POINT('',#4089);
#1178=VERTEX_POINT('',#4091);
#1179=VERTEX_POINT('',#4095);
#1180=VERTEX_POINT('',#4097);
#1181=VERTEX_POINT('',#4101);
#1182=VERTEX_POINT('',#4103);
#1183=VERTEX_POINT('',#4107);
#1184=VERTEX_POINT('',#4109);
#1185=VERTEX_POINT('',#4113);
#1186=VERTEX_POINT('',#4115);
#1187=VERTEX_POINT('',#4119);
#1188=VERTEX_POINT('',#4121);
#1189=VERTEX_POINT('',#4125);
#1190=VERTEX_POINT('',#4127);
#1191=VERTEX_POINT('',#4134);
#1192=VERTEX_POINT('',#4136);
#1193=VERTEX_POINT('',#4140);
#1194=VERTEX_POINT('',#4142);
#1195=VERTEX_POINT('',#4146);
#1196=VERTEX_POINT('',#4148);
#1197=VERTEX_POINT('',#4152);
#1198=VERTEX_POINT('',#4154);
#1199=VERTEX_POINT('',#4158);
#1200=VERTEX_POINT('',#4160);
#1201=VERTEX_POINT('',#4164);
#1202=VERTEX_POINT('',#4166);
#1203=VERTEX_POINT('',#4170);
#1204=VERTEX_POINT('',#4172);
#1205=VERTEX_POINT('',#4176);
#1206=VERTEX_POINT('',#4178);
#1207=VERTEX_POINT('',#4182);
#1208=VERTEX_POINT('',#4184);
#1209=VERTEX_POINT('',#4188);
#1210=VERTEX_POINT('',#4190);
#1211=VERTEX_POINT('',#4194);
#1212=VERTEX_POINT('',#4196);
#1213=VERTEX_POINT('',#4200);
#1214=VERTEX_POINT('',#4202);
#1215=VERTEX_POINT('',#4206);
#1216=VERTEX_POINT('',#4208);
#1217=VERTEX_POINT('',#4212);
#1218=VERTEX_POINT('',#4214);
#1219=VERTEX_POINT('',#4218);
#1220=VERTEX_POINT('',#4220);
#1221=VERTEX_POINT('',#4224);
#1222=VERTEX_POINT('',#4226);
#1223=VERTEX_POINT('',#4230);
#1224=VERTEX_POINT('',#4232);
#1225=VERTEX_POINT('',#4236);
#1226=VERTEX_POINT('',#4238);
#1227=VERTEX_POINT('',#4242);
#1228=VERTEX_POINT('',#4244);
#1229=VERTEX_POINT('',#4251);
#1230=VERTEX_POINT('',#4253);
#1231=VERTEX_POINT('',#4257);
#1232=VERTEX_POINT('',#4259);
#1233=VERTEX_POINT('',#4263);
#1234=VERTEX_POINT('',#4265);
#1235=VERTEX_POINT('',#4269);
#1236=VERTEX_POINT('',#4271);
#1237=VERTEX_POINT('',#4275);
#1238=VERTEX_POINT('',#4277);
#1239=VERTEX_POINT('',#4281);
#1240=VERTEX_POINT('',#4283);
#1241=VERTEX_POINT('',#4290);
#1242=VERTEX_POINT('',#4292);
#1243=VERTEX_POINT('',#4296);
#1244=VERTEX_POINT('',#4298);
#1245=VERTEX_POINT('',#4302);
#1246=VERTEX_POINT('',#4304);
#1247=VERTEX_POINT('',#4306);
#1248=VERTEX_POINT('',#4308);
#1249=VERTEX_POINT('',#4310);
#1250=VERTEX_POINT('',#4312);
#1251=VERTEX_POINT('',#4314);
#1252=VERTEX_POINT('',#4316);
#1253=VERTEX_POINT('',#4318);
#1254=VERTEX_POINT('',#4320);
#1255=VERTEX_POINT('',#4322);
#1256=VERTEX_POINT('',#4324);
#1257=VERTEX_POINT('',#4326);
#1258=VERTEX_POINT('',#4328);
#1259=VERTEX_POINT('',#4330);
#1260=VERTEX_POINT('',#4332);
#1261=VERTEX_POINT('',#4334);
#1262=VERTEX_POINT('',#4336);
#1263=VERTEX_POINT('',#4338);
#1264=VERTEX_POINT('',#4340);
#1265=VERTEX_POINT('',#4342);
#1266=VERTEX_POINT('',#4345);
#1267=VERTEX_POINT('',#4347);
#1268=VERTEX_POINT('',#4349);
#1269=VERTEX_POINT('',#4351);
#1270=VERTEX_POINT('',#4353);
#1271=VERTEX_POINT('',#4355);
#1272=VERTEX_POINT('',#4357);
#1273=VERTEX_POINT('',#4359);
#1274=VERTEX_POINT('',#4361);
#1275=VERTEX_POINT('',#4363);
#1276=VERTEX_POINT('',#4365);
#1277=VERTEX_POINT('',#4368);
#1278=VERTEX_POINT('',#4372);
#1279=VERTEX_POINT('',#4376);
#1280=VERTEX_POINT('',#4380);
#1281=VERTEX_POINT('',#4384);
#1282=VERTEX_POINT('',#4388);
#1283=VERTEX_POINT('',#4392);
#1284=VERTEX_POINT('',#4396);
#1285=VERTEX_POINT('',#4400);
#1286=VERTEX_POINT('',#4404);
#1287=VERTEX_POINT('',#4408);
#1288=VERTEX_POINT('',#4412);
#1289=VERTEX_POINT('',#4416);
#1290=VERTEX_POINT('',#4420);
#1291=VERTEX_POINT('',#4424);
#1292=VERTEX_POINT('',#4428);
#1293=VERTEX_POINT('',#4432);
#1294=VERTEX_POINT('',#4436);
#1295=VERTEX_POINT('',#4440);
#1296=VERTEX_POINT('',#4444);
#1297=VERTEX_POINT('',#4445);
#1298=VERTEX_POINT('',#4450);
#1299=VERTEX_POINT('',#4454);
#1300=VERTEX_POINT('',#4458);
#1301=VERTEX_POINT('',#4462);
#1302=VERTEX_POINT('',#4466);
#1303=VERTEX_POINT('',#4470);
#1304=VERTEX_POINT('',#4474);
#1305=VERTEX_POINT('',#4478);
#1306=VERTEX_POINT('',#4482);
#1307=VERTEX_POINT('',#4488);
#1308=VERTEX_POINT('',#4492);
#1309=VERTEX_POINT('',#4496);
#1310=VERTEX_POINT('',#4500);
#1311=VERTEX_POINT('',#4504);
#1312=VERTEX_POINT('',#4508);
#1313=VERTEX_POINT('',#4512);
#1314=VERTEX_POINT('',#4516);
#1315=VERTEX_POINT('',#4520);
#1316=VERTEX_POINT('',#4524);
#1317=EDGE_CURVE('',#1065,#1066,#909,.T.);
#1318=EDGE_CURVE('',#1066,#1067,#457,.T.);
#1319=EDGE_CURVE('',#1068,#1067,#910,.F.);
#1320=EDGE_CURVE('',#1068,#1065,#458,.T.);
#1321=EDGE_CURVE('',#1069,#1068,#459,.T.);
#1322=EDGE_CURVE('',#1070,#1069,#460,.T.);
#1323=EDGE_CURVE('',#1065,#1070,#461,.T.);
#1324=EDGE_CURVE('',#1071,#1072,#911,.T.);
#1325=EDGE_CURVE('',#1072,#1073,#462,.T.);
#1326=EDGE_CURVE('',#1074,#1073,#912,.F.);
#1327=EDGE_CURVE('',#1074,#1071,#463,.T.);
#1328=EDGE_CURVE('',#1075,#1074,#464,.T.);
#1329=EDGE_CURVE('',#1075,#1076,#465,.T.);
#1330=EDGE_CURVE('',#1071,#1076,#466,.T.);
#1331=EDGE_CURVE('',#1077,#1078,#913,.F.);
#1332=EDGE_CURVE('',#1077,#1079,#467,.T.);
#1333=EDGE_CURVE('',#1079,#1080,#914,.T.);
#1334=EDGE_CURVE('',#1080,#1078,#468,.T.);
#1335=EDGE_CURVE('',#1081,#1080,#469,.T.);
#1336=EDGE_CURVE('',#1082,#1081,#470,.T.);
#1337=EDGE_CURVE('',#1082,#1078,#471,.T.);
#1338=EDGE_CURVE('',#1083,#1081,#915,.F.);
#1339=EDGE_CURVE('',#1083,#1084,#472,.T.);
#1340=EDGE_CURVE('',#1084,#1082,#916,.T.);
#1341=EDGE_CURVE('',#1085,#1086,#473,.T.);
#1342=EDGE_CURVE('',#1085,#1087,#474,.T.);
#1343=EDGE_CURVE('',#1088,#1087,#475,.T.);
#1344=EDGE_CURVE('',#1086,#1088,#476,.T.);
#1345=EDGE_CURVE('',#1086,#1089,#917,.T.);
#1346=EDGE_CURVE('',#1090,#1088,#918,.T.);
#1347=EDGE_CURVE('',#1089,#1090,#477,.T.);
#1348=EDGE_CURVE('',#1089,#1091,#478,.T.);
#1349=EDGE_CURVE('',#1092,#1090,#479,.T.);
#1350=EDGE_CURVE('',#1091,#1092,#480,.T.);
#1351=EDGE_CURVE('',#1091,#1093,#919,.T.);
#1352=EDGE_CURVE('',#1094,#1092,#920,.T.);
#1353=EDGE_CURVE('',#1093,#1094,#481,.T.);
#1354=EDGE_CURVE('',#1093,#1095,#482,.T.);
#1355=EDGE_CURVE('',#1096,#1094,#483,.T.);
#1356=EDGE_CURVE('',#1095,#1096,#484,.T.);
#1357=EDGE_CURVE('',#1095,#1097,#921,.T.);
#1358=EDGE_CURVE('',#1098,#1096,#922,.T.);
#1359=EDGE_CURVE('',#1097,#1098,#485,.T.);
#1360=EDGE_CURVE('',#1097,#1099,#486,.T.);
#1361=EDGE_CURVE('',#1100,#1098,#487,.T.);
#1362=EDGE_CURVE('',#1099,#1100,#488,.T.);
#1363=EDGE_CURVE('',#1099,#1101,#923,.T.);
#1364=EDGE_CURVE('',#1102,#1100,#924,.T.);
#1365=EDGE_CURVE('',#1101,#1102,#489,.T.);
#1366=EDGE_CURVE('',#1101,#1103,#490,.T.);
#1367=EDGE_CURVE('',#1104,#1102,#491,.T.);
#1368=EDGE_CURVE('',#1103,#1104,#492,.T.);
#1369=EDGE_CURVE('',#1103,#1085,#925,.T.);
#1370=EDGE_CURVE('',#1087,#1104,#926,.T.);
#1371=EDGE_CURVE('',#1105,#1105,#927,.T.);
#1372=EDGE_CURVE('',#1105,#1106,#493,.T.);
#1373=EDGE_CURVE('',#1106,#1106,#928,.T.);
#1374=EDGE_CURVE('',#1107,#1108,#494,.T.);
#1375=EDGE_CURVE('',#1107,#1109,#495,.T.);
#1376=EDGE_CURVE('',#1110,#1109,#496,.T.);
#1377=EDGE_CURVE('',#1108,#1110,#497,.T.);
#1378=EDGE_CURVE('',#1108,#1111,#929,.T.);
#1379=EDGE_CURVE('',#1112,#1110,#930,.T.);
#1380=EDGE_CURVE('',#1111,#1112,#498,.T.);
#1381=EDGE_CURVE('',#1111,#1113,#499,.T.);
#1382=EDGE_CURVE('',#1114,#1112,#500,.T.);
#1383=EDGE_CURVE('',#1113,#1114,#501,.T.);
#1384=EDGE_CURVE('',#1113,#1115,#931,.T.);
#1385=EDGE_CURVE('',#1116,#1114,#932,.T.);
#1386=EDGE_CURVE('',#1115,#1116,#502,.T.);
#1387=EDGE_CURVE('',#1115,#1117,#503,.T.);
#1388=EDGE_CURVE('',#1118,#1116,#504,.T.);
#1389=EDGE_CURVE('',#1117,#1118,#505,.T.);
#1390=EDGE_CURVE('',#1117,#1119,#933,.T.);
#1391=EDGE_CURVE('',#1120,#1118,#934,.T.);
#1392=EDGE_CURVE('',#1119,#1120,#506,.T.);
#1393=EDGE_CURVE('',#1119,#1121,#507,.T.);
#1394=EDGE_CURVE('',#1122,#1120,#508,.T.);
#1395=EDGE_CURVE('',#1121,#1122,#509,.T.);
#1396=EDGE_CURVE('',#1121,#1123,#935,.T.);
#1397=EDGE_CURVE('',#1124,#1122,#936,.T.);
#1398=EDGE_CURVE('',#1123,#1124,#510,.T.);
#1399=EDGE_CURVE('',#1123,#1125,#511,.T.);
#1400=EDGE_CURVE('',#1126,#1124,#512,.T.);
#1401=EDGE_CURVE('',#1125,#1126,#513,.T.);
#1402=EDGE_CURVE('',#1125,#1107,#937,.T.);
#1403=EDGE_CURVE('',#1109,#1126,#938,.T.);
#1404=EDGE_CURVE('',#1127,#1128,#514,.T.);
#1405=EDGE_CURVE('',#1127,#1129,#515,.T.);
#1406=EDGE_CURVE('',#1130,#1129,#516,.T.);
#1407=EDGE_CURVE('',#1128,#1130,#517,.T.);
#1408=EDGE_CURVE('',#1128,#1131,#939,.T.);
#1409=EDGE_CURVE('',#1132,#1130,#940,.T.);
#1410=EDGE_CURVE('',#1131,#1132,#518,.T.);
#1411=EDGE_CURVE('',#1131,#1133,#519,.T.);
#1412=EDGE_CURVE('',#1134,#1132,#520,.T.);
#1413=EDGE_CURVE('',#1133,#1134,#521,.T.);
#1414=EDGE_CURVE('',#1133,#1135,#941,.T.);
#1415=EDGE_CURVE('',#1136,#1134,#942,.T.);
#1416=EDGE_CURVE('',#1135,#1136,#522,.T.);
#1417=EDGE_CURVE('',#1135,#1137,#523,.T.);
#1418=EDGE_CURVE('',#1138,#1136,#524,.T.);
#1419=EDGE_CURVE('',#1137,#1138,#525,.T.);
#1420=EDGE_CURVE('',#1137,#1139,#943,.T.);
#1421=EDGE_CURVE('',#1140,#1138,#944,.T.);
#1422=EDGE_CURVE('',#1139,#1140,#526,.T.);
#1423=EDGE_CURVE('',#1139,#1141,#527,.T.);
#1424=EDGE_CURVE('',#1142,#1140,#528,.T.);
#1425=EDGE_CURVE('',#1141,#1142,#529,.T.);
#1426=EDGE_CURVE('',#1141,#1127,#945,.T.);
#1427=EDGE_CURVE('',#1129,#1142,#946,.T.);
#1428=EDGE_CURVE('',#1143,#1143,#947,.T.);
#1429=EDGE_CURVE('',#1143,#1144,#530,.T.);
#1430=EDGE_CURVE('',#1144,#1144,#948,.T.);
#1431=EDGE_CURVE('',#1145,#1145,#949,.T.);
#1432=EDGE_CURVE('',#1145,#1146,#531,.T.);
#1433=EDGE_CURVE('',#1146,#1146,#950,.T.);
#1434=EDGE_CURVE('',#1147,#1147,#951,.T.);
#1435=EDGE_CURVE('',#1147,#1148,#532,.T.);
#1436=EDGE_CURVE('',#1148,#1148,#952,.T.);
#1437=EDGE_CURVE('',#1149,#1150,#533,.T.);
#1438=EDGE_CURVE('',#1149,#1151,#534,.T.);
#1439=EDGE_CURVE('',#1152,#1151,#535,.T.);
#1440=EDGE_CURVE('',#1150,#1152,#536,.T.);
#1441=EDGE_CURVE('',#1150,#1153,#953,.T.);
#1442=EDGE_CURVE('',#1154,#1152,#954,.T.);
#1443=EDGE_CURVE('',#1153,#1154,#537,.T.);
#1444=EDGE_CURVE('',#1153,#1155,#538,.T.);
#1445=EDGE_CURVE('',#1156,#1154,#539,.T.);
#1446=EDGE_CURVE('',#1155,#1156,#540,.T.);
#1447=EDGE_CURVE('',#1155,#1157,#955,.T.);
#1448=EDGE_CURVE('',#1158,#1156,#956,.T.);
#1449=EDGE_CURVE('',#1157,#1158,#541,.T.);
#1450=EDGE_CURVE('',#1157,#1159,#542,.T.);
#1451=EDGE_CURVE('',#1160,#1158,#543,.T.);
#1452=EDGE_CURVE('',#1159,#1160,#544,.T.);
#1453=EDGE_CURVE('',#1159,#1161,#957,.T.);
#1454=EDGE_CURVE('',#1162,#1160,#958,.T.);
#1455=EDGE_CURVE('',#1161,#1162,#545,.T.);
#1456=EDGE_CURVE('',#1161,#1163,#546,.T.);
#1457=EDGE_CURVE('',#1164,#1162,#547,.T.);
#1458=EDGE_CURVE('',#1163,#1164,#548,.T.);
#1459=EDGE_CURVE('',#1163,#1165,#959,.T.);
#1460=EDGE_CURVE('',#1166,#1164,#960,.T.);
#1461=EDGE_CURVE('',#1165,#1166,#549,.T.);
#1462=EDGE_CURVE('',#1165,#1167,#550,.T.);
#1463=EDGE_CURVE('',#1168,#1166,#551,.T.);
#1464=EDGE_CURVE('',#1167,#1168,#552,.T.);
#1465=EDGE_CURVE('',#1167,#1149,#961,.T.);
#1466=EDGE_CURVE('',#1151,#1168,#962,.T.);
#1467=EDGE_CURVE('',#1169,#1169,#963,.T.);
#1468=EDGE_CURVE('',#1169,#1170,#553,.T.);
#1469=EDGE_CURVE('',#1170,#1170,#964,.T.);
#1470=EDGE_CURVE('',#1171,#1171,#965,.T.);
#1471=EDGE_CURVE('',#1171,#1172,#554,.T.);
#1472=EDGE_CURVE('',#1172,#1172,#966,.T.);
#1473=EDGE_CURVE('',#1173,#1173,#967,.T.);
#1474=EDGE_CURVE('',#1173,#1174,#555,.T.);
#1475=EDGE_CURVE('',#1174,#1174,#968,.T.);
#1476=EDGE_CURVE('',#1175,#1176,#556,.T.);
#1477=EDGE_CURVE('',#1175,#1177,#557,.T.);
#1478=EDGE_CURVE('',#1178,#1177,#558,.T.);
#1479=EDGE_CURVE('',#1176,#1178,#559,.T.);
#1480=EDGE_CURVE('',#1176,#1179,#969,.T.);
#1481=EDGE_CURVE('',#1180,#1178,#970,.T.);
#1482=EDGE_CURVE('',#1179,#1180,#560,.T.);
#1483=EDGE_CURVE('',#1179,#1181,#561,.T.);
#1484=EDGE_CURVE('',#1182,#1180,#562,.T.);
#1485=EDGE_CURVE('',#1181,#1182,#563,.T.);
#1486=EDGE_CURVE('',#1181,#1183,#971,.T.);
#1487=EDGE_CURVE('',#1184,#1182,#972,.T.);
#1488=EDGE_CURVE('',#1183,#1184,#564,.T.);
#1489=EDGE_CURVE('',#1183,#1185,#565,.T.);
#1490=EDGE_CURVE('',#1186,#1184,#566,.T.);
#1491=EDGE_CURVE('',#1185,#1186,#567,.T.);
#1492=EDGE_CURVE('',#1185,#1187,#973,.T.);
#1493=EDGE_CURVE('',#1188,#1186,#974,.T.);
#1494=EDGE_CURVE('',#1187,#1188,#568,.T.);
#1495=EDGE_CURVE('',#1187,#1189,#569,.T.);
#1496=EDGE_CURVE('',#1190,#1188,#570,.T.);
#1497=EDGE_CURVE('',#1189,#1190,#571,.T.);
#1498=EDGE_CURVE('',#1189,#1175,#975,.T.);
#1499=EDGE_CURVE('',#1177,#1190,#976,.T.);
#1500=EDGE_CURVE('',#1191,#1191,#977,.T.);
#1501=EDGE_CURVE('',#1191,#1192,#572,.T.);
#1502=EDGE_CURVE('',#1192,#1192,#978,.T.);
#1503=EDGE_CURVE('',#1193,#1193,#979,.T.);
#1504=EDGE_CURVE('',#1193,#1194,#573,.T.);
#1505=EDGE_CURVE('',#1194,#1194,#980,.T.);
#1506=EDGE_CURVE('',#1195,#1195,#981,.T.);
#1507=EDGE_CURVE('',#1195,#1196,#574,.T.);
#1508=EDGE_CURVE('',#1196,#1196,#982,.T.);
#1509=EDGE_CURVE('',#1197,#1197,#983,.T.);
#1510=EDGE_CURVE('',#1197,#1198,#575,.T.);
#1511=EDGE_CURVE('',#1198,#1198,#984,.T.);
#1512=EDGE_CURVE('',#1199,#1199,#985,.T.);
#1513=EDGE_CURVE('',#1199,#1200,#576,.T.);
#1514=EDGE_CURVE('',#1200,#1200,#986,.T.);
#1515=EDGE_CURVE('',#1201,#1070,#987,.T.);
#1516=EDGE_CURVE('',#1202,#1069,#988,.T.);
#1517=EDGE_CURVE('',#1201,#1202,#577,.T.);
#1518=EDGE_CURVE('',#1201,#1203,#578,.T.);
#1519=EDGE_CURVE('',#1204,#1202,#579,.T.);
#1520=EDGE_CURVE('',#1203,#1204,#580,.T.);
#1521=EDGE_CURVE('',#1203,#1205,#989,.T.);
#1522=EDGE_CURVE('',#1206,#1204,#990,.T.);
#1523=EDGE_CURVE('',#1205,#1206,#581,.T.);
#1524=EDGE_CURVE('',#1205,#1207,#582,.T.);
#1525=EDGE_CURVE('',#1208,#1206,#583,.T.);
#1526=EDGE_CURVE('',#1207,#1208,#584,.T.);
#1527=EDGE_CURVE('',#1207,#1209,#991,.T.);
#1528=EDGE_CURVE('',#1210,#1208,#992,.T.);
#1529=EDGE_CURVE('',#1209,#1210,#585,.T.);
#1530=EDGE_CURVE('',#1209,#1211,#586,.T.);
#1531=EDGE_CURVE('',#1212,#1210,#587,.T.);
#1532=EDGE_CURVE('',#1211,#1212,#588,.T.);
#1533=EDGE_CURVE('',#1213,#1211,#993,.T.);
#1534=EDGE_CURVE('',#1214,#1212,#994,.T.);
#1535=EDGE_CURVE('',#1213,#1214,#589,.T.);
#1536=EDGE_CURVE('',#1213,#1215,#590,.T.);
#1537=EDGE_CURVE('',#1216,#1214,#591,.T.);
#1538=EDGE_CURVE('',#1215,#1216,#592,.T.);
#1539=EDGE_CURVE('',#1217,#1215,#995,.T.);
#1540=EDGE_CURVE('',#1218,#1216,#996,.T.);
#1541=EDGE_CURVE('',#1217,#1218,#593,.T.);
#1542=EDGE_CURVE('',#1217,#1219,#594,.T.);
#1543=EDGE_CURVE('',#1220,#1218,#595,.T.);
#1544=EDGE_CURVE('',#1219,#1220,#596,.T.);
#1545=EDGE_CURVE('',#1219,#1221,#997,.T.);
#1546=EDGE_CURVE('',#1222,#1220,#998,.T.);
#1547=EDGE_CURVE('',#1221,#1222,#597,.T.);
#1548=EDGE_CURVE('',#1221,#1223,#598,.T.);
#1549=EDGE_CURVE('',#1224,#1222,#599,.T.);
#1550=EDGE_CURVE('',#1223,#1224,#600,.T.);
#1551=EDGE_CURVE('',#1223,#1225,#999,.T.);
#1552=EDGE_CURVE('',#1226,#1224,#1000,.T.);
#1553=EDGE_CURVE('',#1225,#1226,#601,.T.);
#1554=EDGE_CURVE('',#1225,#1227,#602,.T.);
#1555=EDGE_CURVE('',#1228,#1226,#603,.T.);
#1556=EDGE_CURVE('',#1227,#1228,#604,.T.);
#1557=EDGE_CURVE('',#1075,#1227,#1001,.T.);
#1558=EDGE_CURVE('',#1076,#1228,#1002,.T.);
#1559=EDGE_CURVE('',#1229,#1077,#605,.T.);
#1560=EDGE_CURVE('',#1230,#1229,#606,.T.);
#1561=EDGE_CURVE('',#1079,#1230,#607,.T.);
#1562=EDGE_CURVE('',#1231,#1230,#1003,.T.);
#1563=EDGE_CURVE('',#1232,#1229,#1004,.T.);
#1564=EDGE_CURVE('',#1231,#1232,#608,.T.);
#1565=EDGE_CURVE('',#1231,#1233,#609,.T.);
#1566=EDGE_CURVE('',#1234,#1232,#610,.T.);
#1567=EDGE_CURVE('',#1233,#1234,#611,.T.);
#1568=EDGE_CURVE('',#1235,#1233,#1005,.T.);
#1569=EDGE_CURVE('',#1236,#1234,#1006,.T.);
#1570=EDGE_CURVE('',#1235,#1236,#612,.T.);
#1571=EDGE_CURVE('',#1235,#1237,#613,.T.);
#1572=EDGE_CURVE('',#1238,#1236,#614,.T.);
#1573=EDGE_CURVE('',#1237,#1238,#615,.T.);
#1574=EDGE_CURVE('',#1239,#1237,#1007,.T.);
#1575=EDGE_CURVE('',#1240,#1238,#1008,.T.);
#1576=EDGE_CURVE('',#1239,#1240,#616,.T.);
#1577=EDGE_CURVE('',#1239,#1083,#617,.T.);
#1578=EDGE_CURVE('',#1084,#1240,#618,.T.);
#1579=EDGE_CURVE('',#1241,#1066,#1009,.T.);
#1580=EDGE_CURVE('',#1242,#1241,#619,.T.);
#1581=EDGE_CURVE('',#1242,#1067,#1010,.T.);
#1582=EDGE_CURVE('',#1243,#1243,#1011,.T.);
#1583=EDGE_CURVE('',#1243,#1244,#620,.T.);
#1584=EDGE_CURVE('',#1244,#1244,#1012,.T.);
#1585=EDGE_CURVE('',#1073,#1245,#1013,.T.);
#1586=EDGE_CURVE('',#1245,#1246,#621,.T.);
#1587=EDGE_CURVE('',#1246,#1247,#1014,.T.);
#1588=EDGE_CURVE('',#1247,#1248,#622,.T.);
#1589=EDGE_CURVE('',#1248,#1249,#1015,.T.);
#1590=EDGE_CURVE('',#1249,#1250,#623,.T.);
#1591=EDGE_CURVE('',#1250,#1251,#1016,.T.);
#1592=EDGE_CURVE('',#1251,#1252,#624,.T.);
#1593=EDGE_CURVE('',#1252,#1253,#1017,.T.);
#1594=EDGE_CURVE('',#1253,#1254,#625,.T.);
#1595=EDGE_CURVE('',#1254,#1255,#1018,.T.);
#1596=EDGE_CURVE('',#1255,#1256,#626,.T.);
#1597=EDGE_CURVE('',#1256,#1257,#1019,.T.);
#1598=EDGE_CURVE('',#1257,#1258,#627,.T.);
#1599=EDGE_CURVE('',#1258,#1259,#1020,.T.);
#1600=EDGE_CURVE('',#1259,#1260,#628,.T.);
#1601=EDGE_CURVE('',#1260,#1261,#1021,.T.);
#1602=EDGE_CURVE('',#1261,#1262,#629,.T.);
#1603=EDGE_CURVE('',#1262,#1263,#1022,.T.);
#1604=EDGE_CURVE('',#1263,#1264,#630,.T.);
#1605=EDGE_CURVE('',#1264,#1265,#1023,.T.);
#1606=EDGE_CURVE('',#1265,#1241,#631,.T.);
#1607=EDGE_CURVE('',#1266,#1266,#1024,.T.);
#1608=EDGE_CURVE('',#1267,#1267,#1025,.T.);
#1609=EDGE_CURVE('',#1268,#1268,#1026,.T.);
#1610=EDGE_CURVE('',#1269,#1269,#1027,.T.);
#1611=EDGE_CURVE('',#1270,#1270,#1028,.T.);
#1612=EDGE_CURVE('',#1271,#1271,#1029,.T.);
#1613=EDGE_CURVE('',#1272,#1272,#1030,.T.);
#1614=EDGE_CURVE('',#1273,#1273,#1031,.T.);
#1615=EDGE_CURVE('',#1274,#1274,#1032,.T.);
#1616=EDGE_CURVE('',#1275,#1275,#1033,.T.);
#1617=EDGE_CURVE('',#1276,#1276,#1034,.T.);
#1618=EDGE_CURVE('',#1277,#1277,#1035,.T.);
#1619=EDGE_CURVE('',#1277,#1243,#632,.T.);
#1620=EDGE_CURVE('',#1278,#1278,#1036,.T.);
#1621=EDGE_CURVE('',#1278,#1266,#633,.T.);
#1622=EDGE_CURVE('',#1279,#1279,#1037,.T.);
#1623=EDGE_CURVE('',#1279,#1278,#634,.T.);
#1624=EDGE_CURVE('',#1280,#1280,#1038,.T.);
#1625=EDGE_CURVE('',#1280,#1276,#635,.T.);
#1626=EDGE_CURVE('',#1281,#1281,#1039,.T.);
#1627=EDGE_CURVE('',#1281,#1280,#636,.T.);
#1628=EDGE_CURVE('',#1282,#1282,#1040,.T.);
#1629=EDGE_CURVE('',#1282,#1267,#637,.T.);
#1630=EDGE_CURVE('',#1283,#1283,#1041,.T.);
#1631=EDGE_CURVE('',#1283,#1282,#638,.T.);
#1632=EDGE_CURVE('',#1284,#1284,#1042,.T.);
#1633=EDGE_CURVE('',#1284,#1275,#639,.T.);
#1634=EDGE_CURVE('',#1285,#1285,#1043,.T.);
#1635=EDGE_CURVE('',#1285,#1284,#640,.T.);
#1636=EDGE_CURVE('',#1286,#1286,#1044,.T.);
#1637=EDGE_CURVE('',#1286,#1268,#641,.T.);
#1638=EDGE_CURVE('',#1287,#1287,#1045,.T.);
#1639=EDGE_CURVE('',#1287,#1286,#642,.T.);
#1640=EDGE_CURVE('',#1288,#1288,#1046,.T.);
#1641=EDGE_CURVE('',#1288,#1274,#643,.T.);
#1642=EDGE_CURVE('',#1289,#1289,#1047,.T.);
#1643=EDGE_CURVE('',#1289,#1288,#644,.T.);
#1644=EDGE_CURVE('',#1290,#1290,#1048,.T.);
#1645=EDGE_CURVE('',#1290,#1269,#645,.T.);
#1646=EDGE_CURVE('',#1291,#1291,#1049,.T.);
#1647=EDGE_CURVE('',#1291,#1290,#646,.T.);
#1648=EDGE_CURVE('',#1292,#1292,#1050,.T.);
#1649=EDGE_CURVE('',#1292,#1273,#647,.T.);
#1650=EDGE_CURVE('',#1293,#1293,#1051,.T.);
#1651=EDGE_CURVE('',#1293,#1272,#648,.T.);
#1652=EDGE_CURVE('',#1294,#1294,#1052,.T.);
#1653=EDGE_CURVE('',#1294,#1271,#649,.T.);
#1654=EDGE_CURVE('',#1295,#1295,#1053,.T.);
#1655=EDGE_CURVE('',#1295,#1270,#650,.T.);
#1656=EDGE_CURVE('',#1296,#1297,#1054,.T.);
#1657=EDGE_CURVE('',#1296,#1255,#651,.T.);
#1658=EDGE_CURVE('',#1297,#1254,#652,.T.);
#1659=EDGE_CURVE('',#1297,#1298,#653,.T.);
#1660=EDGE_CURVE('',#1298,#1253,#654,.T.);
#1661=EDGE_CURVE('',#1299,#1298,#1055,.T.);
#1662=EDGE_CURVE('',#1299,#1252,#655,.T.);
#1663=EDGE_CURVE('',#1300,#1299,#656,.T.);
#1664=EDGE_CURVE('',#1300,#1251,#657,.T.);
#1665=EDGE_CURVE('',#1301,#1300,#1056,.T.);
#1666=EDGE_CURVE('',#1301,#1250,#658,.T.);
#1667=EDGE_CURVE('',#1301,#1302,#659,.T.);
#1668=EDGE_CURVE('',#1302,#1249,#660,.T.);
#1669=EDGE_CURVE('',#1302,#1303,#1057,.T.);
#1670=EDGE_CURVE('',#1303,#1248,#661,.T.);
#1671=EDGE_CURVE('',#1303,#1304,#662,.T.);
#1672=EDGE_CURVE('',#1304,#1247,#663,.T.);
#1673=EDGE_CURVE('',#1305,#1304,#1058,.T.);
#1674=EDGE_CURVE('',#1305,#1246,#664,.T.);
#1675=EDGE_CURVE('',#1305,#1306,#665,.T.);
#1676=EDGE_CURVE('',#1306,#1245,#666,.T.);
#1677=EDGE_CURVE('',#1072,#1306,#1059,.T.);
#1678=EDGE_CURVE('',#1307,#1242,#667,.T.);
#1679=EDGE_CURVE('',#1307,#1265,#668,.T.);
#1680=EDGE_CURVE('',#1308,#1307,#1060,.T.);
#1681=EDGE_CURVE('',#1308,#1264,#669,.T.);
#1682=EDGE_CURVE('',#1309,#1308,#670,.T.);
#1683=EDGE_CURVE('',#1309,#1263,#671,.T.);
#1684=EDGE_CURVE('',#1309,#1310,#1061,.T.);
#1685=EDGE_CURVE('',#1310,#1262,#672,.T.);
#1686=EDGE_CURVE('',#1311,#1310,#673,.T.);
#1687=EDGE_CURVE('',#1311,#1261,#674,.T.);
#1688=EDGE_CURVE('',#1312,#1311,#1062,.T.);
#1689=EDGE_CURVE('',#1312,#1260,#675,.T.);
#1690=EDGE_CURVE('',#1312,#1313,#676,.T.);
#1691=EDGE_CURVE('',#1313,#1259,#677,.T.);
#1692=EDGE_CURVE('',#1314,#1313,#1063,.T.);
#1693=EDGE_CURVE('',#1314,#1258,#678,.T.);
#1694=EDGE_CURVE('',#1315,#1314,#679,.T.);
#1695=EDGE_CURVE('',#1315,#1257,#680,.T.);
#1696=EDGE_CURVE('',#1315,#1316,#1064,.T.);
#1697=EDGE_CURVE('',#1316,#1256,#681,.T.);
#1698=EDGE_CURVE('',#1296,#1316,#682,.T.);
#1699=ORIENTED_EDGE('',*,*,#1317,.T.);
#1700=ORIENTED_EDGE('',*,*,#1318,.T.);
#1701=ORIENTED_EDGE('',*,*,#1319,.F.);
#1702=ORIENTED_EDGE('',*,*,#1320,.T.);
#1703=ORIENTED_EDGE('',*,*,#1320,.F.);
#1704=ORIENTED_EDGE('',*,*,#1321,.F.);
#1705=ORIENTED_EDGE('',*,*,#1322,.F.);
#1706=ORIENTED_EDGE('',*,*,#1323,.F.);
#1707=ORIENTED_EDGE('',*,*,#1324,.T.);
#1708=ORIENTED_EDGE('',*,*,#1325,.T.);
#1709=ORIENTED_EDGE('',*,*,#1326,.F.);
#1710=ORIENTED_EDGE('',*,*,#1327,.T.);
#1711=ORIENTED_EDGE('',*,*,#1327,.F.);
#1712=ORIENTED_EDGE('',*,*,#1328,.F.);
#1713=ORIENTED_EDGE('',*,*,#1329,.T.);
#1714=ORIENTED_EDGE('',*,*,#1330,.F.);
#1715=ORIENTED_EDGE('',*,*,#1331,.F.);
#1716=ORIENTED_EDGE('',*,*,#1332,.T.);
#1717=ORIENTED_EDGE('',*,*,#1333,.T.);
#1718=ORIENTED_EDGE('',*,*,#1334,.T.);
#1719=ORIENTED_EDGE('',*,*,#1334,.F.);
#1720=ORIENTED_EDGE('',*,*,#1335,.F.);
#1721=ORIENTED_EDGE('',*,*,#1336,.F.);
#1722=ORIENTED_EDGE('',*,*,#1337,.T.);
#1723=ORIENTED_EDGE('',*,*,#1338,.F.);
#1724=ORIENTED_EDGE('',*,*,#1339,.T.);
#1725=ORIENTED_EDGE('',*,*,#1340,.T.);
#1726=ORIENTED_EDGE('',*,*,#1336,.T.);
#1727=ORIENTED_EDGE('',*,*,#1341,.F.);
#1728=ORIENTED_EDGE('',*,*,#1342,.T.);
#1729=ORIENTED_EDGE('',*,*,#1343,.F.);
#1730=ORIENTED_EDGE('',*,*,#1344,.F.);
#1731=ORIENTED_EDGE('',*,*,#1345,.F.);
#1732=ORIENTED_EDGE('',*,*,#1344,.T.);
#1733=ORIENTED_EDGE('',*,*,#1346,.F.);
#1734=ORIENTED_EDGE('',*,*,#1347,.F.);
#1735=ORIENTED_EDGE('',*,*,#1348,.F.);
#1736=ORIENTED_EDGE('',*,*,#1347,.T.);
#1737=ORIENTED_EDGE('',*,*,#1349,.F.);
#1738=ORIENTED_EDGE('',*,*,#1350,.F.);
#1739=ORIENTED_EDGE('',*,*,#1351,.F.);
#1740=ORIENTED_EDGE('',*,*,#1350,.T.);
#1741=ORIENTED_EDGE('',*,*,#1352,.F.);
#1742=ORIENTED_EDGE('',*,*,#1353,.F.);
#1743=ORIENTED_EDGE('',*,*,#1354,.F.);
#1744=ORIENTED_EDGE('',*,*,#1353,.T.);
#1745=ORIENTED_EDGE('',*,*,#1355,.F.);
#1746=ORIENTED_EDGE('',*,*,#1356,.F.);
#1747=ORIENTED_EDGE('',*,*,#1357,.F.);
#1748=ORIENTED_EDGE('',*,*,#1356,.T.);
#1749=ORIENTED_EDGE('',*,*,#1358,.F.);
#1750=ORIENTED_EDGE('',*,*,#1359,.F.);
#1751=ORIENTED_EDGE('',*,*,#1360,.F.);
#1752=ORIENTED_EDGE('',*,*,#1359,.T.);
#1753=ORIENTED_EDGE('',*,*,#1361,.F.);
#1754=ORIENTED_EDGE('',*,*,#1362,.F.);
#1755=ORIENTED_EDGE('',*,*,#1363,.F.);
#1756=ORIENTED_EDGE('',*,*,#1362,.T.);
#1757=ORIENTED_EDGE('',*,*,#1364,.F.);
#1758=ORIENTED_EDGE('',*,*,#1365,.F.);
#1759=ORIENTED_EDGE('',*,*,#1366,.F.);
#1760=ORIENTED_EDGE('',*,*,#1365,.T.);
#1761=ORIENTED_EDGE('',*,*,#1367,.F.);
#1762=ORIENTED_EDGE('',*,*,#1368,.F.);
#1763=ORIENTED_EDGE('',*,*,#1369,.F.);
#1764=ORIENTED_EDGE('',*,*,#1368,.T.);
#1765=ORIENTED_EDGE('',*,*,#1370,.F.);
#1766=ORIENTED_EDGE('',*,*,#1342,.F.);
#1767=ORIENTED_EDGE('',*,*,#1371,.F.);
#1768=ORIENTED_EDGE('',*,*,#1372,.T.);
#1769=ORIENTED_EDGE('',*,*,#1373,.F.);
#1770=ORIENTED_EDGE('',*,*,#1372,.F.);
#1771=ORIENTED_EDGE('',*,*,#1374,.F.);
#1772=ORIENTED_EDGE('',*,*,#1375,.T.);
#1773=ORIENTED_EDGE('',*,*,#1376,.F.);
#1774=ORIENTED_EDGE('',*,*,#1377,.F.);
#1775=ORIENTED_EDGE('',*,*,#1378,.F.);
#1776=ORIENTED_EDGE('',*,*,#1377,.T.);
#1777=ORIENTED_EDGE('',*,*,#1379,.F.);
#1778=ORIENTED_EDGE('',*,*,#1380,.F.);
#1779=ORIENTED_EDGE('',*,*,#1381,.F.);
#1780=ORIENTED_EDGE('',*,*,#1380,.T.);
#1781=ORIENTED_EDGE('',*,*,#1382,.F.);
#1782=ORIENTED_EDGE('',*,*,#1383,.F.);
#1783=ORIENTED_EDGE('',*,*,#1384,.F.);
#1784=ORIENTED_EDGE('',*,*,#1383,.T.);
#1785=ORIENTED_EDGE('',*,*,#1385,.F.);
#1786=ORIENTED_EDGE('',*,*,#1386,.F.);
#1787=ORIENTED_EDGE('',*,*,#1387,.F.);
#1788=ORIENTED_EDGE('',*,*,#1386,.T.);
#1789=ORIENTED_EDGE('',*,*,#1388,.F.);
#1790=ORIENTED_EDGE('',*,*,#1389,.F.);
#1791=ORIENTED_EDGE('',*,*,#1390,.F.);
#1792=ORIENTED_EDGE('',*,*,#1389,.T.);
#1793=ORIENTED_EDGE('',*,*,#1391,.F.);
#1794=ORIENTED_EDGE('',*,*,#1392,.F.);
#1795=ORIENTED_EDGE('',*,*,#1393,.F.);
#1796=ORIENTED_EDGE('',*,*,#1392,.T.);
#1797=ORIENTED_EDGE('',*,*,#1394,.F.);
#1798=ORIENTED_EDGE('',*,*,#1395,.F.);
#1799=ORIENTED_EDGE('',*,*,#1396,.F.);
#1800=ORIENTED_EDGE('',*,*,#1395,.T.);
#1801=ORIENTED_EDGE('',*,*,#1397,.F.);
#1802=ORIENTED_EDGE('',*,*,#1398,.F.);
#1803=ORIENTED_EDGE('',*,*,#1399,.F.);
#1804=ORIENTED_EDGE('',*,*,#1398,.T.);
#1805=ORIENTED_EDGE('',*,*,#1400,.F.);
#1806=ORIENTED_EDGE('',*,*,#1401,.F.);
#1807=ORIENTED_EDGE('',*,*,#1402,.F.);
#1808=ORIENTED_EDGE('',*,*,#1401,.T.);
#1809=ORIENTED_EDGE('',*,*,#1403,.F.);
#1810=ORIENTED_EDGE('',*,*,#1375,.F.);
#1811=ORIENTED_EDGE('',*,*,#1404,.F.);
#1812=ORIENTED_EDGE('',*,*,#1405,.T.);
#1813=ORIENTED_EDGE('',*,*,#1406,.F.);
#1814=ORIENTED_EDGE('',*,*,#1407,.F.);
#1815=ORIENTED_EDGE('',*,*,#1408,.F.);
#1816=ORIENTED_EDGE('',*,*,#1407,.T.);
#1817=ORIENTED_EDGE('',*,*,#1409,.F.);
#1818=ORIENTED_EDGE('',*,*,#1410,.F.);
#1819=ORIENTED_EDGE('',*,*,#1411,.F.);
#1820=ORIENTED_EDGE('',*,*,#1410,.T.);
#1821=ORIENTED_EDGE('',*,*,#1412,.F.);
#1822=ORIENTED_EDGE('',*,*,#1413,.F.);
#1823=ORIENTED_EDGE('',*,*,#1414,.F.);
#1824=ORIENTED_EDGE('',*,*,#1413,.T.);
#1825=ORIENTED_EDGE('',*,*,#1415,.F.);
#1826=ORIENTED_EDGE('',*,*,#1416,.F.);
#1827=ORIENTED_EDGE('',*,*,#1417,.F.);
#1828=ORIENTED_EDGE('',*,*,#1416,.T.);
#1829=ORIENTED_EDGE('',*,*,#1418,.F.);
#1830=ORIENTED_EDGE('',*,*,#1419,.F.);
#1831=ORIENTED_EDGE('',*,*,#1420,.F.);
#1832=ORIENTED_EDGE('',*,*,#1419,.T.);
#1833=ORIENTED_EDGE('',*,*,#1421,.F.);
#1834=ORIENTED_EDGE('',*,*,#1422,.F.);
#1835=ORIENTED_EDGE('',*,*,#1423,.F.);
#1836=ORIENTED_EDGE('',*,*,#1422,.T.);
#1837=ORIENTED_EDGE('',*,*,#1424,.F.);
#1838=ORIENTED_EDGE('',*,*,#1425,.F.);
#1839=ORIENTED_EDGE('',*,*,#1426,.F.);
#1840=ORIENTED_EDGE('',*,*,#1425,.T.);
#1841=ORIENTED_EDGE('',*,*,#1427,.F.);
#1842=ORIENTED_EDGE('',*,*,#1405,.F.);
#1843=ORIENTED_EDGE('',*,*,#1428,.F.);
#1844=ORIENTED_EDGE('',*,*,#1429,.T.);
#1845=ORIENTED_EDGE('',*,*,#1430,.F.);
#1846=ORIENTED_EDGE('',*,*,#1429,.F.);
#1847=ORIENTED_EDGE('',*,*,#1431,.F.);
#1848=ORIENTED_EDGE('',*,*,#1432,.T.);
#1849=ORIENTED_EDGE('',*,*,#1433,.F.);
#1850=ORIENTED_EDGE('',*,*,#1432,.F.);
#1851=ORIENTED_EDGE('',*,*,#1434,.F.);
#1852=ORIENTED_EDGE('',*,*,#1435,.T.);
#1853=ORIENTED_EDGE('',*,*,#1436,.F.);
#1854=ORIENTED_EDGE('',*,*,#1435,.F.);
#1855=ORIENTED_EDGE('',*,*,#1437,.F.);
#1856=ORIENTED_EDGE('',*,*,#1438,.T.);
#1857=ORIENTED_EDGE('',*,*,#1439,.F.);
#1858=ORIENTED_EDGE('',*,*,#1440,.F.);
#1859=ORIENTED_EDGE('',*,*,#1441,.F.);
#1860=ORIENTED_EDGE('',*,*,#1440,.T.);
#1861=ORIENTED_EDGE('',*,*,#1442,.F.);
#1862=ORIENTED_EDGE('',*,*,#1443,.F.);
#1863=ORIENTED_EDGE('',*,*,#1444,.F.);
#1864=ORIENTED_EDGE('',*,*,#1443,.T.);
#1865=ORIENTED_EDGE('',*,*,#1445,.F.);
#1866=ORIENTED_EDGE('',*,*,#1446,.F.);
#1867=ORIENTED_EDGE('',*,*,#1447,.F.);
#1868=ORIENTED_EDGE('',*,*,#1446,.T.);
#1869=ORIENTED_EDGE('',*,*,#1448,.F.);
#1870=ORIENTED_EDGE('',*,*,#1449,.F.);
#1871=ORIENTED_EDGE('',*,*,#1450,.F.);
#1872=ORIENTED_EDGE('',*,*,#1449,.T.);
#1873=ORIENTED_EDGE('',*,*,#1451,.F.);
#1874=ORIENTED_EDGE('',*,*,#1452,.F.);
#1875=ORIENTED_EDGE('',*,*,#1453,.F.);
#1876=ORIENTED_EDGE('',*,*,#1452,.T.);
#1877=ORIENTED_EDGE('',*,*,#1454,.F.);
#1878=ORIENTED_EDGE('',*,*,#1455,.F.);
#1879=ORIENTED_EDGE('',*,*,#1456,.F.);
#1880=ORIENTED_EDGE('',*,*,#1455,.T.);
#1881=ORIENTED_EDGE('',*,*,#1457,.F.);
#1882=ORIENTED_EDGE('',*,*,#1458,.F.);
#1883=ORIENTED_EDGE('',*,*,#1459,.F.);
#1884=ORIENTED_EDGE('',*,*,#1458,.T.);
#1885=ORIENTED_EDGE('',*,*,#1460,.F.);
#1886=ORIENTED_EDGE('',*,*,#1461,.F.);
#1887=ORIENTED_EDGE('',*,*,#1462,.F.);
#1888=ORIENTED_EDGE('',*,*,#1461,.T.);
#1889=ORIENTED_EDGE('',*,*,#1463,.F.);
#1890=ORIENTED_EDGE('',*,*,#1464,.F.);
#1891=ORIENTED_EDGE('',*,*,#1465,.F.);
#1892=ORIENTED_EDGE('',*,*,#1464,.T.);
#1893=ORIENTED_EDGE('',*,*,#1466,.F.);
#1894=ORIENTED_EDGE('',*,*,#1438,.F.);
#1895=ORIENTED_EDGE('',*,*,#1467,.F.);
#1896=ORIENTED_EDGE('',*,*,#1468,.T.);
#1897=ORIENTED_EDGE('',*,*,#1469,.F.);
#1898=ORIENTED_EDGE('',*,*,#1468,.F.);
#1899=ORIENTED_EDGE('',*,*,#1470,.F.);
#1900=ORIENTED_EDGE('',*,*,#1471,.T.);
#1901=ORIENTED_EDGE('',*,*,#1472,.F.);
#1902=ORIENTED_EDGE('',*,*,#1471,.F.);
#1903=ORIENTED_EDGE('',*,*,#1473,.F.);
#1904=ORIENTED_EDGE('',*,*,#1474,.T.);
#1905=ORIENTED_EDGE('',*,*,#1475,.F.);
#1906=ORIENTED_EDGE('',*,*,#1474,.F.);
#1907=ORIENTED_EDGE('',*,*,#1476,.F.);
#1908=ORIENTED_EDGE('',*,*,#1477,.T.);
#1909=ORIENTED_EDGE('',*,*,#1478,.F.);
#1910=ORIENTED_EDGE('',*,*,#1479,.F.);
#1911=ORIENTED_EDGE('',*,*,#1480,.F.);
#1912=ORIENTED_EDGE('',*,*,#1479,.T.);
#1913=ORIENTED_EDGE('',*,*,#1481,.F.);
#1914=ORIENTED_EDGE('',*,*,#1482,.F.);
#1915=ORIENTED_EDGE('',*,*,#1483,.F.);
#1916=ORIENTED_EDGE('',*,*,#1482,.T.);
#1917=ORIENTED_EDGE('',*,*,#1484,.F.);
#1918=ORIENTED_EDGE('',*,*,#1485,.F.);
#1919=ORIENTED_EDGE('',*,*,#1486,.F.);
#1920=ORIENTED_EDGE('',*,*,#1485,.T.);
#1921=ORIENTED_EDGE('',*,*,#1487,.F.);
#1922=ORIENTED_EDGE('',*,*,#1488,.F.);
#1923=ORIENTED_EDGE('',*,*,#1489,.F.);
#1924=ORIENTED_EDGE('',*,*,#1488,.T.);
#1925=ORIENTED_EDGE('',*,*,#1490,.F.);
#1926=ORIENTED_EDGE('',*,*,#1491,.F.);
#1927=ORIENTED_EDGE('',*,*,#1492,.F.);
#1928=ORIENTED_EDGE('',*,*,#1491,.T.);
#1929=ORIENTED_EDGE('',*,*,#1493,.F.);
#1930=ORIENTED_EDGE('',*,*,#1494,.F.);
#1931=ORIENTED_EDGE('',*,*,#1495,.F.);
#1932=ORIENTED_EDGE('',*,*,#1494,.T.);
#1933=ORIENTED_EDGE('',*,*,#1496,.F.);
#1934=ORIENTED_EDGE('',*,*,#1497,.F.);
#1935=ORIENTED_EDGE('',*,*,#1498,.F.);
#1936=ORIENTED_EDGE('',*,*,#1497,.T.);
#1937=ORIENTED_EDGE('',*,*,#1499,.F.);
#1938=ORIENTED_EDGE('',*,*,#1477,.F.);
#1939=ORIENTED_EDGE('',*,*,#1500,.F.);
#1940=ORIENTED_EDGE('',*,*,#1501,.T.);
#1941=ORIENTED_EDGE('',*,*,#1502,.F.);
#1942=ORIENTED_EDGE('',*,*,#1501,.F.);
#1943=ORIENTED_EDGE('',*,*,#1503,.F.);
#1944=ORIENTED_EDGE('',*,*,#1504,.T.);
#1945=ORIENTED_EDGE('',*,*,#1505,.F.);
#1946=ORIENTED_EDGE('',*,*,#1504,.F.);
#1947=ORIENTED_EDGE('',*,*,#1506,.F.);
#1948=ORIENTED_EDGE('',*,*,#1507,.T.);
#1949=ORIENTED_EDGE('',*,*,#1508,.F.);
#1950=ORIENTED_EDGE('',*,*,#1507,.F.);
#1951=ORIENTED_EDGE('',*,*,#1509,.F.);
#1952=ORIENTED_EDGE('',*,*,#1510,.T.);
#1953=ORIENTED_EDGE('',*,*,#1511,.F.);
#1954=ORIENTED_EDGE('',*,*,#1510,.F.);
#1955=ORIENTED_EDGE('',*,*,#1512,.F.);
#1956=ORIENTED_EDGE('',*,*,#1513,.T.);
#1957=ORIENTED_EDGE('',*,*,#1514,.F.);
#1958=ORIENTED_EDGE('',*,*,#1513,.F.);
#1959=ORIENTED_EDGE('',*,*,#1515,.T.);
#1960=ORIENTED_EDGE('',*,*,#1322,.T.);
#1961=ORIENTED_EDGE('',*,*,#1516,.F.);
#1962=ORIENTED_EDGE('',*,*,#1517,.F.);
#1963=ORIENTED_EDGE('',*,*,#1518,.F.);
#1964=ORIENTED_EDGE('',*,*,#1517,.T.);
#1965=ORIENTED_EDGE('',*,*,#1519,.F.);
#1966=ORIENTED_EDGE('',*,*,#1520,.F.);
#1967=ORIENTED_EDGE('',*,*,#1521,.F.);
#1968=ORIENTED_EDGE('',*,*,#1520,.T.);
#1969=ORIENTED_EDGE('',*,*,#1522,.F.);
#1970=ORIENTED_EDGE('',*,*,#1523,.F.);
#1971=ORIENTED_EDGE('',*,*,#1524,.F.);
#1972=ORIENTED_EDGE('',*,*,#1523,.T.);
#1973=ORIENTED_EDGE('',*,*,#1525,.F.);
#1974=ORIENTED_EDGE('',*,*,#1526,.F.);
#1975=ORIENTED_EDGE('',*,*,#1527,.F.);
#1976=ORIENTED_EDGE('',*,*,#1526,.T.);
#1977=ORIENTED_EDGE('',*,*,#1528,.F.);
#1978=ORIENTED_EDGE('',*,*,#1529,.F.);
#1979=ORIENTED_EDGE('',*,*,#1530,.F.);
#1980=ORIENTED_EDGE('',*,*,#1529,.T.);
#1981=ORIENTED_EDGE('',*,*,#1531,.F.);
#1982=ORIENTED_EDGE('',*,*,#1532,.F.);
#1983=ORIENTED_EDGE('',*,*,#1533,.T.);
#1984=ORIENTED_EDGE('',*,*,#1532,.T.);
#1985=ORIENTED_EDGE('',*,*,#1534,.F.);
#1986=ORIENTED_EDGE('',*,*,#1535,.F.);
#1987=ORIENTED_EDGE('',*,*,#1536,.F.);
#1988=ORIENTED_EDGE('',*,*,#1535,.T.);
#1989=ORIENTED_EDGE('',*,*,#1537,.F.);
#1990=ORIENTED_EDGE('',*,*,#1538,.F.);
#1991=ORIENTED_EDGE('',*,*,#1539,.T.);
#1992=ORIENTED_EDGE('',*,*,#1538,.T.);
#1993=ORIENTED_EDGE('',*,*,#1540,.F.);
#1994=ORIENTED_EDGE('',*,*,#1541,.F.);
#1995=ORIENTED_EDGE('',*,*,#1542,.F.);
#1996=ORIENTED_EDGE('',*,*,#1541,.T.);
#1997=ORIENTED_EDGE('',*,*,#1543,.F.);
#1998=ORIENTED_EDGE('',*,*,#1544,.F.);
#1999=ORIENTED_EDGE('',*,*,#1545,.F.);
#2000=ORIENTED_EDGE('',*,*,#1544,.T.);
#2001=ORIENTED_EDGE('',*,*,#1546,.F.);
#2002=ORIENTED_EDGE('',*,*,#1547,.F.);
#2003=ORIENTED_EDGE('',*,*,#1548,.F.);
#2004=ORIENTED_EDGE('',*,*,#1547,.T.);
#2005=ORIENTED_EDGE('',*,*,#1549,.F.);
#2006=ORIENTED_EDGE('',*,*,#1550,.F.);
#2007=ORIENTED_EDGE('',*,*,#1551,.F.);
#2008=ORIENTED_EDGE('',*,*,#1550,.T.);
#2009=ORIENTED_EDGE('',*,*,#1552,.F.);
#2010=ORIENTED_EDGE('',*,*,#1553,.F.);
#2011=ORIENTED_EDGE('',*,*,#1554,.F.);
#2012=ORIENTED_EDGE('',*,*,#1553,.T.);
#2013=ORIENTED_EDGE('',*,*,#1555,.F.);
#2014=ORIENTED_EDGE('',*,*,#1556,.F.);
#2015=ORIENTED_EDGE('',*,*,#1557,.T.);
#2016=ORIENTED_EDGE('',*,*,#1556,.T.);
#2017=ORIENTED_EDGE('',*,*,#1558,.F.);
#2018=ORIENTED_EDGE('',*,*,#1329,.F.);
#2019=ORIENTED_EDGE('',*,*,#1332,.F.);
#2020=ORIENTED_EDGE('',*,*,#1559,.F.);
#2021=ORIENTED_EDGE('',*,*,#1560,.F.);
#2022=ORIENTED_EDGE('',*,*,#1561,.F.);
#2023=ORIENTED_EDGE('',*,*,#1562,.T.);
#2024=ORIENTED_EDGE('',*,*,#1560,.T.);
#2025=ORIENTED_EDGE('',*,*,#1563,.F.);
#2026=ORIENTED_EDGE('',*,*,#1564,.F.);
#2027=ORIENTED_EDGE('',*,*,#1565,.F.);
#2028=ORIENTED_EDGE('',*,*,#1564,.T.);
#2029=ORIENTED_EDGE('',*,*,#1566,.F.);
#2030=ORIENTED_EDGE('',*,*,#1567,.F.);
#2031=ORIENTED_EDGE('',*,*,#1568,.T.);
#2032=ORIENTED_EDGE('',*,*,#1567,.T.);
#2033=ORIENTED_EDGE('',*,*,#1569,.F.);
#2034=ORIENTED_EDGE('',*,*,#1570,.F.);
#2035=ORIENTED_EDGE('',*,*,#1571,.F.);
#2036=ORIENTED_EDGE('',*,*,#1570,.T.);
#2037=ORIENTED_EDGE('',*,*,#1572,.F.);
#2038=ORIENTED_EDGE('',*,*,#1573,.F.);
#2039=ORIENTED_EDGE('',*,*,#1574,.T.);
#2040=ORIENTED_EDGE('',*,*,#1573,.T.);
#2041=ORIENTED_EDGE('',*,*,#1575,.F.);
#2042=ORIENTED_EDGE('',*,*,#1576,.F.);
#2043=ORIENTED_EDGE('',*,*,#1339,.F.);
#2044=ORIENTED_EDGE('',*,*,#1577,.F.);
#2045=ORIENTED_EDGE('',*,*,#1576,.T.);
#2046=ORIENTED_EDGE('',*,*,#1578,.F.);
#2047=ORIENTED_EDGE('',*,*,#1318,.F.);
#2048=ORIENTED_EDGE('',*,*,#1579,.F.);
#2049=ORIENTED_EDGE('',*,*,#1580,.F.);
#2050=ORIENTED_EDGE('',*,*,#1581,.T.);
#2051=ORIENTED_EDGE('',*,*,#1582,.T.);
#2052=ORIENTED_EDGE('',*,*,#1583,.T.);
#2053=ORIENTED_EDGE('',*,*,#1584,.T.);
#2054=ORIENTED_EDGE('',*,*,#1583,.F.);
#2055=ORIENTED_EDGE('',*,*,#1323,.T.);
#2056=ORIENTED_EDGE('',*,*,#1515,.F.);
#2057=ORIENTED_EDGE('',*,*,#1518,.T.);
#2058=ORIENTED_EDGE('',*,*,#1521,.T.);
#2059=ORIENTED_EDGE('',*,*,#1524,.T.);
#2060=ORIENTED_EDGE('',*,*,#1527,.T.);
#2061=ORIENTED_EDGE('',*,*,#1530,.T.);
#2062=ORIENTED_EDGE('',*,*,#1533,.F.);
#2063=ORIENTED_EDGE('',*,*,#1536,.T.);
#2064=ORIENTED_EDGE('',*,*,#1539,.F.);
#2065=ORIENTED_EDGE('',*,*,#1542,.T.);
#2066=ORIENTED_EDGE('',*,*,#1545,.T.);
#2067=ORIENTED_EDGE('',*,*,#1548,.T.);
#2068=ORIENTED_EDGE('',*,*,#1551,.T.);
#2069=ORIENTED_EDGE('',*,*,#1554,.T.);
#2070=ORIENTED_EDGE('',*,*,#1557,.F.);
#2071=ORIENTED_EDGE('',*,*,#1328,.T.);
#2072=ORIENTED_EDGE('',*,*,#1326,.T.);
#2073=ORIENTED_EDGE('',*,*,#1585,.T.);
#2074=ORIENTED_EDGE('',*,*,#1586,.T.);
#2075=ORIENTED_EDGE('',*,*,#1587,.T.);
#2076=ORIENTED_EDGE('',*,*,#1588,.T.);
#2077=ORIENTED_EDGE('',*,*,#1589,.T.);
#2078=ORIENTED_EDGE('',*,*,#1590,.T.);
#2079=ORIENTED_EDGE('',*,*,#1591,.T.);
#2080=ORIENTED_EDGE('',*,*,#1592,.T.);
#2081=ORIENTED_EDGE('',*,*,#1593,.T.);
#2082=ORIENTED_EDGE('',*,*,#1594,.T.);
#2083=ORIENTED_EDGE('',*,*,#1595,.T.);
#2084=ORIENTED_EDGE('',*,*,#1596,.T.);
#2085=ORIENTED_EDGE('',*,*,#1597,.T.);
#2086=ORIENTED_EDGE('',*,*,#1598,.T.);
#2087=ORIENTED_EDGE('',*,*,#1599,.T.);
#2088=ORIENTED_EDGE('',*,*,#1600,.T.);
#2089=ORIENTED_EDGE('',*,*,#1601,.T.);
#2090=ORIENTED_EDGE('',*,*,#1602,.T.);
#2091=ORIENTED_EDGE('',*,*,#1603,.T.);
#2092=ORIENTED_EDGE('',*,*,#1604,.T.);
#2093=ORIENTED_EDGE('',*,*,#1605,.T.);
#2094=ORIENTED_EDGE('',*,*,#1606,.T.);
#2095=ORIENTED_EDGE('',*,*,#1579,.T.);
#2096=ORIENTED_EDGE('',*,*,#1317,.F.);
#2097=ORIENTED_EDGE('',*,*,#1369,.T.);
#2098=ORIENTED_EDGE('',*,*,#1341,.T.);
#2099=ORIENTED_EDGE('',*,*,#1345,.T.);
#2100=ORIENTED_EDGE('',*,*,#1348,.T.);
#2101=ORIENTED_EDGE('',*,*,#1351,.T.);
#2102=ORIENTED_EDGE('',*,*,#1354,.T.);
#2103=ORIENTED_EDGE('',*,*,#1357,.T.);
#2104=ORIENTED_EDGE('',*,*,#1360,.T.);
#2105=ORIENTED_EDGE('',*,*,#1363,.T.);
#2106=ORIENTED_EDGE('',*,*,#1366,.T.);
#2107=ORIENTED_EDGE('',*,*,#1373,.T.);
#2108=ORIENTED_EDGE('',*,*,#1402,.T.);
#2109=ORIENTED_EDGE('',*,*,#1374,.T.);
#2110=ORIENTED_EDGE('',*,*,#1378,.T.);
#2111=ORIENTED_EDGE('',*,*,#1381,.T.);
#2112=ORIENTED_EDGE('',*,*,#1384,.T.);
#2113=ORIENTED_EDGE('',*,*,#1387,.T.);
#2114=ORIENTED_EDGE('',*,*,#1390,.T.);
#2115=ORIENTED_EDGE('',*,*,#1393,.T.);
#2116=ORIENTED_EDGE('',*,*,#1396,.T.);
#2117=ORIENTED_EDGE('',*,*,#1399,.T.);
#2118=ORIENTED_EDGE('',*,*,#1426,.T.);
#2119=ORIENTED_EDGE('',*,*,#1404,.T.);
#2120=ORIENTED_EDGE('',*,*,#1408,.T.);
#2121=ORIENTED_EDGE('',*,*,#1411,.T.);
#2122=ORIENTED_EDGE('',*,*,#1414,.T.);
#2123=ORIENTED_EDGE('',*,*,#1417,.T.);
#2124=ORIENTED_EDGE('',*,*,#1420,.T.);
#2125=ORIENTED_EDGE('',*,*,#1423,.T.);
#2126=ORIENTED_EDGE('',*,*,#1430,.T.);
#2127=ORIENTED_EDGE('',*,*,#1433,.T.);
#2128=ORIENTED_EDGE('',*,*,#1436,.T.);
#2129=ORIENTED_EDGE('',*,*,#1465,.T.);
#2130=ORIENTED_EDGE('',*,*,#1437,.T.);
#2131=ORIENTED_EDGE('',*,*,#1441,.T.);
#2132=ORIENTED_EDGE('',*,*,#1444,.T.);
#2133=ORIENTED_EDGE('',*,*,#1447,.T.);
#2134=ORIENTED_EDGE('',*,*,#1450,.T.);
#2135=ORIENTED_EDGE('',*,*,#1453,.T.);
#2136=ORIENTED_EDGE('',*,*,#1456,.T.);
#2137=ORIENTED_EDGE('',*,*,#1459,.T.);
#2138=ORIENTED_EDGE('',*,*,#1462,.T.);
#2139=ORIENTED_EDGE('',*,*,#1469,.T.);
#2140=ORIENTED_EDGE('',*,*,#1472,.T.);
#2141=ORIENTED_EDGE('',*,*,#1475,.T.);
#2142=ORIENTED_EDGE('',*,*,#1498,.T.);
#2143=ORIENTED_EDGE('',*,*,#1476,.T.);
#2144=ORIENTED_EDGE('',*,*,#1480,.T.);
#2145=ORIENTED_EDGE('',*,*,#1483,.T.);
#2146=ORIENTED_EDGE('',*,*,#1486,.T.);
#2147=ORIENTED_EDGE('',*,*,#1489,.T.);
#2148=ORIENTED_EDGE('',*,*,#1492,.T.);
#2149=ORIENTED_EDGE('',*,*,#1495,.T.);
#2150=ORIENTED_EDGE('',*,*,#1502,.T.);
#2151=ORIENTED_EDGE('',*,*,#1505,.T.);
#2152=ORIENTED_EDGE('',*,*,#1508,.T.);
#2153=ORIENTED_EDGE('',*,*,#1511,.T.);
#2154=ORIENTED_EDGE('',*,*,#1514,.T.);
#2155=ORIENTED_EDGE('',*,*,#1561,.T.);
#2156=ORIENTED_EDGE('',*,*,#1562,.F.);
#2157=ORIENTED_EDGE('',*,*,#1565,.T.);
#2158=ORIENTED_EDGE('',*,*,#1568,.F.);
#2159=ORIENTED_EDGE('',*,*,#1571,.T.);
#2160=ORIENTED_EDGE('',*,*,#1574,.F.);
#2161=ORIENTED_EDGE('',*,*,#1577,.T.);
#2162=ORIENTED_EDGE('',*,*,#1338,.T.);
#2163=ORIENTED_EDGE('',*,*,#1335,.T.);
#2164=ORIENTED_EDGE('',*,*,#1333,.F.);
#2165=ORIENTED_EDGE('',*,*,#1607,.F.);
#2166=ORIENTED_EDGE('',*,*,#1608,.F.);
#2167=ORIENTED_EDGE('',*,*,#1609,.F.);
#2168=ORIENTED_EDGE('',*,*,#1610,.F.);
#2169=ORIENTED_EDGE('',*,*,#1611,.T.);
#2170=ORIENTED_EDGE('',*,*,#1612,.T.);
#2171=ORIENTED_EDGE('',*,*,#1613,.T.);
#2172=ORIENTED_EDGE('',*,*,#1614,.T.);
#2173=ORIENTED_EDGE('',*,*,#1615,.F.);
#2174=ORIENTED_EDGE('',*,*,#1616,.F.);
#2175=ORIENTED_EDGE('',*,*,#1617,.F.);
#2176=ORIENTED_EDGE('',*,*,#1584,.F.);
#2177=ORIENTED_EDGE('',*,*,#1618,.T.);
#2178=ORIENTED_EDGE('',*,*,#1619,.T.);
#2179=ORIENTED_EDGE('',*,*,#1582,.F.);
#2180=ORIENTED_EDGE('',*,*,#1619,.F.);
#2181=ORIENTED_EDGE('',*,*,#1620,.T.);
#2182=ORIENTED_EDGE('',*,*,#1621,.T.);
#2183=ORIENTED_EDGE('',*,*,#1607,.T.);
#2184=ORIENTED_EDGE('',*,*,#1621,.F.);
#2185=ORIENTED_EDGE('',*,*,#1622,.T.);
#2186=ORIENTED_EDGE('',*,*,#1623,.T.);
#2187=ORIENTED_EDGE('',*,*,#1620,.F.);
#2188=ORIENTED_EDGE('',*,*,#1623,.F.);
#2189=ORIENTED_EDGE('',*,*,#1624,.T.);
#2190=ORIENTED_EDGE('',*,*,#1625,.T.);
#2191=ORIENTED_EDGE('',*,*,#1617,.T.);
#2192=ORIENTED_EDGE('',*,*,#1625,.F.);
#2193=ORIENTED_EDGE('',*,*,#1626,.T.);
#2194=ORIENTED_EDGE('',*,*,#1627,.T.);
#2195=ORIENTED_EDGE('',*,*,#1624,.F.);
#2196=ORIENTED_EDGE('',*,*,#1627,.F.);
#2197=ORIENTED_EDGE('',*,*,#1628,.T.);
#2198=ORIENTED_EDGE('',*,*,#1629,.T.);
#2199=ORIENTED_EDGE('',*,*,#1608,.T.);
#2200=ORIENTED_EDGE('',*,*,#1629,.F.);
#2201=ORIENTED_EDGE('',*,*,#1630,.T.);
#2202=ORIENTED_EDGE('',*,*,#1631,.T.);
#2203=ORIENTED_EDGE('',*,*,#1628,.F.);
#2204=ORIENTED_EDGE('',*,*,#1631,.F.);
#2205=ORIENTED_EDGE('',*,*,#1632,.T.);
#2206=ORIENTED_EDGE('',*,*,#1633,.T.);
#2207=ORIENTED_EDGE('',*,*,#1616,.T.);
#2208=ORIENTED_EDGE('',*,*,#1633,.F.);
#2209=ORIENTED_EDGE('',*,*,#1634,.T.);
#2210=ORIENTED_EDGE('',*,*,#1635,.T.);
#2211=ORIENTED_EDGE('',*,*,#1632,.F.);
#2212=ORIENTED_EDGE('',*,*,#1635,.F.);
#2213=ORIENTED_EDGE('',*,*,#1636,.T.);
#2214=ORIENTED_EDGE('',*,*,#1637,.T.);
#2215=ORIENTED_EDGE('',*,*,#1609,.T.);
#2216=ORIENTED_EDGE('',*,*,#1637,.F.);
#2217=ORIENTED_EDGE('',*,*,#1638,.T.);
#2218=ORIENTED_EDGE('',*,*,#1639,.T.);
#2219=ORIENTED_EDGE('',*,*,#1636,.F.);
#2220=ORIENTED_EDGE('',*,*,#1639,.F.);
#2221=ORIENTED_EDGE('',*,*,#1640,.T.);
#2222=ORIENTED_EDGE('',*,*,#1641,.T.);
#2223=ORIENTED_EDGE('',*,*,#1615,.T.);
#2224=ORIENTED_EDGE('',*,*,#1641,.F.);
#2225=ORIENTED_EDGE('',*,*,#1642,.T.);
#2226=ORIENTED_EDGE('',*,*,#1643,.T.);
#2227=ORIENTED_EDGE('',*,*,#1640,.F.);
#2228=ORIENTED_EDGE('',*,*,#1643,.F.);
#2229=ORIENTED_EDGE('',*,*,#1644,.T.);
#2230=ORIENTED_EDGE('',*,*,#1645,.T.);
#2231=ORIENTED_EDGE('',*,*,#1610,.T.);
#2232=ORIENTED_EDGE('',*,*,#1645,.F.);
#2233=ORIENTED_EDGE('',*,*,#1646,.T.);
#2234=ORIENTED_EDGE('',*,*,#1647,.T.);
#2235=ORIENTED_EDGE('',*,*,#1644,.F.);
#2236=ORIENTED_EDGE('',*,*,#1647,.F.);
#2237=ORIENTED_EDGE('',*,*,#1648,.T.);
#2238=ORIENTED_EDGE('',*,*,#1649,.T.);
#2239=ORIENTED_EDGE('',*,*,#1614,.F.);
#2240=ORIENTED_EDGE('',*,*,#1649,.F.);
#2241=ORIENTED_EDGE('',*,*,#1650,.T.);
#2242=ORIENTED_EDGE('',*,*,#1651,.T.);
#2243=ORIENTED_EDGE('',*,*,#1613,.F.);
#2244=ORIENTED_EDGE('',*,*,#1651,.F.);
#2245=ORIENTED_EDGE('',*,*,#1652,.T.);
#2246=ORIENTED_EDGE('',*,*,#1653,.T.);
#2247=ORIENTED_EDGE('',*,*,#1612,.F.);
#2248=ORIENTED_EDGE('',*,*,#1653,.F.);
#2249=ORIENTED_EDGE('',*,*,#1654,.T.);
#2250=ORIENTED_EDGE('',*,*,#1655,.T.);
#2251=ORIENTED_EDGE('',*,*,#1611,.F.);
#2252=ORIENTED_EDGE('',*,*,#1655,.F.);
#2253=ORIENTED_EDGE('',*,*,#1656,.F.);
#2254=ORIENTED_EDGE('',*,*,#1657,.T.);
#2255=ORIENTED_EDGE('',*,*,#1595,.F.);
#2256=ORIENTED_EDGE('',*,*,#1658,.F.);
#2257=ORIENTED_EDGE('',*,*,#1659,.F.);
#2258=ORIENTED_EDGE('',*,*,#1658,.T.);
#2259=ORIENTED_EDGE('',*,*,#1594,.F.);
#2260=ORIENTED_EDGE('',*,*,#1660,.F.);
#2261=ORIENTED_EDGE('',*,*,#1661,.T.);
#2262=ORIENTED_EDGE('',*,*,#1660,.T.);
#2263=ORIENTED_EDGE('',*,*,#1593,.F.);
#2264=ORIENTED_EDGE('',*,*,#1662,.F.);
#2265=ORIENTED_EDGE('',*,*,#1663,.T.);
#2266=ORIENTED_EDGE('',*,*,#1662,.T.);
#2267=ORIENTED_EDGE('',*,*,#1592,.F.);
#2268=ORIENTED_EDGE('',*,*,#1664,.F.);
#2269=ORIENTED_EDGE('',*,*,#1665,.T.);
#2270=ORIENTED_EDGE('',*,*,#1664,.T.);
#2271=ORIENTED_EDGE('',*,*,#1591,.F.);
#2272=ORIENTED_EDGE('',*,*,#1666,.F.);
#2273=ORIENTED_EDGE('',*,*,#1667,.F.);
#2274=ORIENTED_EDGE('',*,*,#1666,.T.);
#2275=ORIENTED_EDGE('',*,*,#1590,.F.);
#2276=ORIENTED_EDGE('',*,*,#1668,.F.);
#2277=ORIENTED_EDGE('',*,*,#1669,.F.);
#2278=ORIENTED_EDGE('',*,*,#1668,.T.);
#2279=ORIENTED_EDGE('',*,*,#1589,.F.);
#2280=ORIENTED_EDGE('',*,*,#1670,.F.);
#2281=ORIENTED_EDGE('',*,*,#1671,.F.);
#2282=ORIENTED_EDGE('',*,*,#1670,.T.);
#2283=ORIENTED_EDGE('',*,*,#1588,.F.);
#2284=ORIENTED_EDGE('',*,*,#1672,.F.);
#2285=ORIENTED_EDGE('',*,*,#1673,.T.);
#2286=ORIENTED_EDGE('',*,*,#1672,.T.);
#2287=ORIENTED_EDGE('',*,*,#1587,.F.);
#2288=ORIENTED_EDGE('',*,*,#1674,.F.);
#2289=ORIENTED_EDGE('',*,*,#1675,.F.);
#2290=ORIENTED_EDGE('',*,*,#1674,.T.);
#2291=ORIENTED_EDGE('',*,*,#1586,.F.);
#2292=ORIENTED_EDGE('',*,*,#1676,.F.);
#2293=ORIENTED_EDGE('',*,*,#1325,.F.);
#2294=ORIENTED_EDGE('',*,*,#1677,.T.);
#2295=ORIENTED_EDGE('',*,*,#1676,.T.);
#2296=ORIENTED_EDGE('',*,*,#1585,.F.);
#2297=ORIENTED_EDGE('',*,*,#1678,.T.);
#2298=ORIENTED_EDGE('',*,*,#1580,.T.);
#2299=ORIENTED_EDGE('',*,*,#1606,.F.);
#2300=ORIENTED_EDGE('',*,*,#1679,.F.);
#2301=ORIENTED_EDGE('',*,*,#1680,.T.);
#2302=ORIENTED_EDGE('',*,*,#1679,.T.);
#2303=ORIENTED_EDGE('',*,*,#1605,.F.);
#2304=ORIENTED_EDGE('',*,*,#1681,.F.);
#2305=ORIENTED_EDGE('',*,*,#1682,.T.);
#2306=ORIENTED_EDGE('',*,*,#1681,.T.);
#2307=ORIENTED_EDGE('',*,*,#1604,.F.);
#2308=ORIENTED_EDGE('',*,*,#1683,.F.);
#2309=ORIENTED_EDGE('',*,*,#1684,.F.);
#2310=ORIENTED_EDGE('',*,*,#1683,.T.);
#2311=ORIENTED_EDGE('',*,*,#1603,.F.);
#2312=ORIENTED_EDGE('',*,*,#1685,.F.);
#2313=ORIENTED_EDGE('',*,*,#1686,.T.);
#2314=ORIENTED_EDGE('',*,*,#1685,.T.);
#2315=ORIENTED_EDGE('',*,*,#1602,.F.);
#2316=ORIENTED_EDGE('',*,*,#1687,.F.);
#2317=ORIENTED_EDGE('',*,*,#1688,.T.);
#2318=ORIENTED_EDGE('',*,*,#1687,.T.);
#2319=ORIENTED_EDGE('',*,*,#1601,.F.);
#2320=ORIENTED_EDGE('',*,*,#1689,.F.);
#2321=ORIENTED_EDGE('',*,*,#1690,.F.);
#2322=ORIENTED_EDGE('',*,*,#1689,.T.);
#2323=ORIENTED_EDGE('',*,*,#1600,.F.);
#2324=ORIENTED_EDGE('',*,*,#1691,.F.);
#2325=ORIENTED_EDGE('',*,*,#1692,.T.);
#2326=ORIENTED_EDGE('',*,*,#1691,.T.);
#2327=ORIENTED_EDGE('',*,*,#1599,.F.);
#2328=ORIENTED_EDGE('',*,*,#1693,.F.);
#2329=ORIENTED_EDGE('',*,*,#1694,.T.);
#2330=ORIENTED_EDGE('',*,*,#1693,.T.);
#2331=ORIENTED_EDGE('',*,*,#1598,.F.);
#2332=ORIENTED_EDGE('',*,*,#1695,.F.);
#2333=ORIENTED_EDGE('',*,*,#1696,.F.);
#2334=ORIENTED_EDGE('',*,*,#1695,.T.);
#2335=ORIENTED_EDGE('',*,*,#1597,.F.);
#2336=ORIENTED_EDGE('',*,*,#1697,.F.);
#2337=ORIENTED_EDGE('',*,*,#1698,.T.);
#2338=ORIENTED_EDGE('',*,*,#1697,.T.);
#2339=ORIENTED_EDGE('',*,*,#1596,.F.);
#2340=ORIENTED_EDGE('',*,*,#1657,.F.);
#2341=ORIENTED_EDGE('',*,*,#1324,.F.);
#2342=ORIENTED_EDGE('',*,*,#1330,.T.);
#2343=ORIENTED_EDGE('',*,*,#1558,.T.);
#2344=ORIENTED_EDGE('',*,*,#1555,.T.);
#2345=ORIENTED_EDGE('',*,*,#1552,.T.);
#2346=ORIENTED_EDGE('',*,*,#1549,.T.);
#2347=ORIENTED_EDGE('',*,*,#1546,.T.);
#2348=ORIENTED_EDGE('',*,*,#1543,.T.);
#2349=ORIENTED_EDGE('',*,*,#1540,.T.);
#2350=ORIENTED_EDGE('',*,*,#1537,.T.);
#2351=ORIENTED_EDGE('',*,*,#1534,.T.);
#2352=ORIENTED_EDGE('',*,*,#1531,.T.);
#2353=ORIENTED_EDGE('',*,*,#1528,.T.);
#2354=ORIENTED_EDGE('',*,*,#1525,.T.);
#2355=ORIENTED_EDGE('',*,*,#1522,.T.);
#2356=ORIENTED_EDGE('',*,*,#1519,.T.);
#2357=ORIENTED_EDGE('',*,*,#1516,.T.);
#2358=ORIENTED_EDGE('',*,*,#1321,.T.);
#2359=ORIENTED_EDGE('',*,*,#1319,.T.);
#2360=ORIENTED_EDGE('',*,*,#1581,.F.);
#2361=ORIENTED_EDGE('',*,*,#1678,.F.);
#2362=ORIENTED_EDGE('',*,*,#1680,.F.);
#2363=ORIENTED_EDGE('',*,*,#1682,.F.);
#2364=ORIENTED_EDGE('',*,*,#1684,.T.);
#2365=ORIENTED_EDGE('',*,*,#1686,.F.);
#2366=ORIENTED_EDGE('',*,*,#1688,.F.);
#2367=ORIENTED_EDGE('',*,*,#1690,.T.);
#2368=ORIENTED_EDGE('',*,*,#1692,.F.);
#2369=ORIENTED_EDGE('',*,*,#1694,.F.);
#2370=ORIENTED_EDGE('',*,*,#1696,.T.);
#2371=ORIENTED_EDGE('',*,*,#1698,.F.);
#2372=ORIENTED_EDGE('',*,*,#1656,.T.);
#2373=ORIENTED_EDGE('',*,*,#1659,.T.);
#2374=ORIENTED_EDGE('',*,*,#1661,.F.);
#2375=ORIENTED_EDGE('',*,*,#1663,.F.);
#2376=ORIENTED_EDGE('',*,*,#1665,.F.);
#2377=ORIENTED_EDGE('',*,*,#1667,.T.);
#2378=ORIENTED_EDGE('',*,*,#1669,.T.);
#2379=ORIENTED_EDGE('',*,*,#1671,.T.);
#2380=ORIENTED_EDGE('',*,*,#1673,.F.);
#2381=ORIENTED_EDGE('',*,*,#1675,.T.);
#2382=ORIENTED_EDGE('',*,*,#1677,.F.);
#2383=ORIENTED_EDGE('',*,*,#1337,.F.);
#2384=ORIENTED_EDGE('',*,*,#1340,.F.);
#2385=ORIENTED_EDGE('',*,*,#1578,.T.);
#2386=ORIENTED_EDGE('',*,*,#1575,.T.);
#2387=ORIENTED_EDGE('',*,*,#1572,.T.);
#2388=ORIENTED_EDGE('',*,*,#1569,.T.);
#2389=ORIENTED_EDGE('',*,*,#1566,.T.);
#2390=ORIENTED_EDGE('',*,*,#1563,.T.);
#2391=ORIENTED_EDGE('',*,*,#1559,.T.);
#2392=ORIENTED_EDGE('',*,*,#1331,.T.);
#2393=ORIENTED_EDGE('',*,*,#1370,.T.);
#2394=ORIENTED_EDGE('',*,*,#1367,.T.);
#2395=ORIENTED_EDGE('',*,*,#1364,.T.);
#2396=ORIENTED_EDGE('',*,*,#1361,.T.);
#2397=ORIENTED_EDGE('',*,*,#1358,.T.);
#2398=ORIENTED_EDGE('',*,*,#1355,.T.);
#2399=ORIENTED_EDGE('',*,*,#1352,.T.);
#2400=ORIENTED_EDGE('',*,*,#1349,.T.);
#2401=ORIENTED_EDGE('',*,*,#1346,.T.);
#2402=ORIENTED_EDGE('',*,*,#1343,.T.);
#2403=ORIENTED_EDGE('',*,*,#1371,.T.);
#2404=ORIENTED_EDGE('',*,*,#1403,.T.);
#2405=ORIENTED_EDGE('',*,*,#1400,.T.);
#2406=ORIENTED_EDGE('',*,*,#1397,.T.);
#2407=ORIENTED_EDGE('',*,*,#1394,.T.);
#2408=ORIENTED_EDGE('',*,*,#1391,.T.);
#2409=ORIENTED_EDGE('',*,*,#1388,.T.);
#2410=ORIENTED_EDGE('',*,*,#1385,.T.);
#2411=ORIENTED_EDGE('',*,*,#1382,.T.);
#2412=ORIENTED_EDGE('',*,*,#1379,.T.);
#2413=ORIENTED_EDGE('',*,*,#1376,.T.);
#2414=ORIENTED_EDGE('',*,*,#1427,.T.);
#2415=ORIENTED_EDGE('',*,*,#1424,.T.);
#2416=ORIENTED_EDGE('',*,*,#1421,.T.);
#2417=ORIENTED_EDGE('',*,*,#1418,.T.);
#2418=ORIENTED_EDGE('',*,*,#1415,.T.);
#2419=ORIENTED_EDGE('',*,*,#1412,.T.);
#2420=ORIENTED_EDGE('',*,*,#1409,.T.);
#2421=ORIENTED_EDGE('',*,*,#1406,.T.);
#2422=ORIENTED_EDGE('',*,*,#1428,.T.);
#2423=ORIENTED_EDGE('',*,*,#1431,.T.);
#2424=ORIENTED_EDGE('',*,*,#1434,.T.);
#2425=ORIENTED_EDGE('',*,*,#1466,.T.);
#2426=ORIENTED_EDGE('',*,*,#1463,.T.);
#2427=ORIENTED_EDGE('',*,*,#1460,.T.);
#2428=ORIENTED_EDGE('',*,*,#1457,.T.);
#2429=ORIENTED_EDGE('',*,*,#1454,.T.);
#2430=ORIENTED_EDGE('',*,*,#1451,.T.);
#2431=ORIENTED_EDGE('',*,*,#1448,.T.);
#2432=ORIENTED_EDGE('',*,*,#1445,.T.);
#2433=ORIENTED_EDGE('',*,*,#1442,.T.);
#2434=ORIENTED_EDGE('',*,*,#1439,.T.);
#2435=ORIENTED_EDGE('',*,*,#1467,.T.);
#2436=ORIENTED_EDGE('',*,*,#1470,.T.);
#2437=ORIENTED_EDGE('',*,*,#1473,.T.);
#2438=ORIENTED_EDGE('',*,*,#1499,.T.);
#2439=ORIENTED_EDGE('',*,*,#1496,.T.);
#2440=ORIENTED_EDGE('',*,*,#1493,.T.);
#2441=ORIENTED_EDGE('',*,*,#1490,.T.);
#2442=ORIENTED_EDGE('',*,*,#1487,.T.);
#2443=ORIENTED_EDGE('',*,*,#1484,.T.);
#2444=ORIENTED_EDGE('',*,*,#1481,.T.);
#2445=ORIENTED_EDGE('',*,*,#1478,.T.);
#2446=ORIENTED_EDGE('',*,*,#1500,.T.);
#2447=ORIENTED_EDGE('',*,*,#1503,.T.);
#2448=ORIENTED_EDGE('',*,*,#1506,.T.);
#2449=ORIENTED_EDGE('',*,*,#1509,.T.);
#2450=ORIENTED_EDGE('',*,*,#1512,.T.);
#2451=ORIENTED_EDGE('',*,*,#1638,.F.);
#2452=ORIENTED_EDGE('',*,*,#1646,.F.);
#2453=ORIENTED_EDGE('',*,*,#1654,.F.);
#2454=ORIENTED_EDGE('',*,*,#1642,.F.);
#2455=ORIENTED_EDGE('',*,*,#1652,.F.);
#2456=ORIENTED_EDGE('',*,*,#1650,.F.);
#2457=ORIENTED_EDGE('',*,*,#1648,.F.);
#2458=ORIENTED_EDGE('',*,*,#1626,.F.);
#2459=ORIENTED_EDGE('',*,*,#1634,.F.);
#2460=ORIENTED_EDGE('',*,*,#1630,.F.);
#2461=ORIENTED_EDGE('',*,*,#1618,.F.);
#2462=ORIENTED_EDGE('',*,*,#1622,.F.);
#2463=CYLINDRICAL_SURFACE('',#2671,4.75);
#2464=CYLINDRICAL_SURFACE('',#2675,4.75);
#2465=CYLINDRICAL_SURFACE('',#2679,2.6);
#2466=CYLINDRICAL_SURFACE('',#2683,2.6);
#2467=CYLINDRICAL_SURFACE('',#2687,1.);
#2468=CYLINDRICAL_SURFACE('',#2691,0.999999999999189);
#2469=CYLINDRICAL_SURFACE('',#2695,0.99999999999982);
#2470=CYLINDRICAL_SURFACE('',#2699,0.999999999999975);
#2471=CYLINDRICAL_SURFACE('',#2703,0.999999999998598);
#2472=CYLINDRICAL_SURFACE('',#2706,1.5);
#2473=CYLINDRICAL_SURFACE('',#2710,0.999999999997232);
#2474=CYLINDRICAL_SURFACE('',#2714,1.00000000000043);
#2475=CYLINDRICAL_SURFACE('',#2718,1.00000000000002);
#2476=CYLINDRICAL_SURFACE('',#2722,1.00000000000005);
#2477=CYLINDRICAL_SURFACE('',#2726,1.00000000000067);
#2478=CYLINDRICAL_SURFACE('',#2730,1.);
#2479=CYLINDRICAL_SURFACE('',#2734,1.00000000000101);
#2480=CYLINDRICAL_SURFACE('',#2738,1.00000000000006);
#2481=CYLINDRICAL_SURFACE('',#2742,0.999999999999334);
#2482=CYLINDRICAL_SURFACE('',#2745,0.85);
#2483=CYLINDRICAL_SURFACE('',#2748,0.85);
#2484=CYLINDRICAL_SURFACE('',#2751,1.1);
#2485=CYLINDRICAL_SURFACE('',#2755,0.999999999999999);
#2486=CYLINDRICAL_SURFACE('',#2759,0.99999999999932);
#2487=CYLINDRICAL_SURFACE('',#2763,0.999999999997808);
#2488=CYLINDRICAL_SURFACE('',#2767,1.00000000000001);
#2489=CYLINDRICAL_SURFACE('',#2771,1.00000000000003);
#2490=CYLINDRICAL_SURFACE('',#2774,0.85);
#2491=CYLINDRICAL_SURFACE('',#2777,1.5);
#2492=CYLINDRICAL_SURFACE('',#2780,1.1);
#2493=CYLINDRICAL_SURFACE('',#2784,1.00000000000002);
#2494=CYLINDRICAL_SURFACE('',#2788,1.00000000000148);
#2495=CYLINDRICAL_SURFACE('',#2792,1.00000000000067);
#2496=CYLINDRICAL_SURFACE('',#2796,0.999999999999989);
#2497=CYLINDRICAL_SURFACE('',#2799,1.5);
#2498=CYLINDRICAL_SURFACE('',#2802,1.1);
#2499=CYLINDRICAL_SURFACE('',#2805,1.5);
#2500=CYLINDRICAL_SURFACE('',#2808,0.85);
#2501=CYLINDRICAL_SURFACE('',#2811,1.1);
#2502=CYLINDRICAL_SURFACE('',#2814,9.99999999999997);
#2503=CYLINDRICAL_SURFACE('',#2818,5.);
#2504=CYLINDRICAL_SURFACE('',#2822,3.00000000000003);
#2505=CYLINDRICAL_SURFACE('',#2826,1.00000000000149);
#2506=CYLINDRICAL_SURFACE('',#2830,1.00000000000152);
#2507=CYLINDRICAL_SURFACE('',#2834,3.00000000000003);
#2508=CYLINDRICAL_SURFACE('',#2838,5.00000000000002);
#2509=CYLINDRICAL_SURFACE('',#2842,9.99999999999993);
#2510=CYLINDRICAL_SURFACE('',#2846,0.99999999999947);
#2511=CYLINDRICAL_SURFACE('',#2850,1.);
#2512=CYLINDRICAL_SURFACE('',#2854,0.999999999999189);
#2513=CYLINDRICAL_SURFACE('',#2858,5.);
#2514=CYLINDRICAL_SURFACE('',#2887,1.);
#2515=CYLINDRICAL_SURFACE('',#2891,1.);
#2516=CYLINDRICAL_SURFACE('',#2895,1.);
#2517=CYLINDRICAL_SURFACE('',#2899,1.);
#2518=CYLINDRICAL_SURFACE('',#2903,1.5);
#2519=CYLINDRICAL_SURFACE('',#2907,1.5);
#2520=CYLINDRICAL_SURFACE('',#2911,1.5);
#2521=CYLINDRICAL_SURFACE('',#2915,1.5);
#2522=CYLINDRICAL_SURFACE('',#2917,1.5);
#2523=CYLINDRICAL_SURFACE('',#2919,1.5);
#2524=CYLINDRICAL_SURFACE('',#2921,1.5);
#2525=CYLINDRICAL_SURFACE('',#2923,1.5);
#2526=CYLINDRICAL_SURFACE('',#2925,10.);
#2527=CYLINDRICAL_SURFACE('',#2928,5.);
#2528=CYLINDRICAL_SURFACE('',#2931,5.);
#2529=CYLINDRICAL_SURFACE('',#2934,9.99999999999861);
#2530=CYLINDRICAL_SURFACE('',#2937,5.);
#2531=CYLINDRICAL_SURFACE('',#2940,5.);
#2532=CYLINDRICAL_SURFACE('',#2943,5.);
#2533=CYLINDRICAL_SURFACE('',#2946,9.99999999999861);
#2534=CYLINDRICAL_SURFACE('',#2949,5.);
#2535=CYLINDRICAL_SURFACE('',#2952,5.);
#2536=CYLINDRICAL_SURFACE('',#2955,10.);
#2537=ADVANCED_FACE('',(#133),#2463,.F.);
#2538=ADVANCED_FACE('',(#134),#83,.T.);
#2539=ADVANCED_FACE('',(#135),#2464,.F.);
#2540=ADVANCED_FACE('',(#136),#84,.T.);
#2541=ADVANCED_FACE('',(#137),#2465,.F.);
#2542=ADVANCED_FACE('',(#138),#85,.T.);
#2543=ADVANCED_FACE('',(#139),#2466,.F.);
#2544=ADVANCED_FACE('',(#140),#86,.T.);
#2545=ADVANCED_FACE('',(#141),#2467,.F.);
#2546=ADVANCED_FACE('',(#142),#87,.T.);
#2547=ADVANCED_FACE('',(#143),#2468,.F.);
#2548=ADVANCED_FACE('',(#144),#88,.T.);
#2549=ADVANCED_FACE('',(#145),#2469,.F.);
#2550=ADVANCED_FACE('',(#146),#89,.T.);
#2551=ADVANCED_FACE('',(#147),#2470,.F.);
#2552=ADVANCED_FACE('',(#148),#90,.T.);
#2553=ADVANCED_FACE('',(#149),#2471,.F.);
#2554=ADVANCED_FACE('',(#150),#2472,.F.);
#2555=ADVANCED_FACE('',(#151),#91,.T.);
#2556=ADVANCED_FACE('',(#152),#2473,.F.);
#2557=ADVANCED_FACE('',(#153),#92,.T.);
#2558=ADVANCED_FACE('',(#154),#2474,.F.);
#2559=ADVANCED_FACE('',(#155),#93,.T.);
#2560=ADVANCED_FACE('',(#156),#2475,.F.);
#2561=ADVANCED_FACE('',(#157),#94,.T.);
#2562=ADVANCED_FACE('',(#158),#2476,.F.);
#2563=ADVANCED_FACE('',(#159),#95,.T.);
#2564=ADVANCED_FACE('',(#160),#2477,.F.);
#2565=ADVANCED_FACE('',(#161),#96,.T.);
#2566=ADVANCED_FACE('',(#162),#2478,.F.);
#2567=ADVANCED_FACE('',(#163),#97,.T.);
#2568=ADVANCED_FACE('',(#164),#2479,.F.);
#2569=ADVANCED_FACE('',(#165),#98,.T.);
#2570=ADVANCED_FACE('',(#166),#2480,.F.);
#2571=ADVANCED_FACE('',(#167),#99,.T.);
#2572=ADVANCED_FACE('',(#168),#2481,.F.);
#2573=ADVANCED_FACE('',(#169),#2482,.F.);
#2574=ADVANCED_FACE('',(#170),#2483,.F.);
#2575=ADVANCED_FACE('',(#171),#2484,.F.);
#2576=ADVANCED_FACE('',(#172),#100,.T.);
#2577=ADVANCED_FACE('',(#173),#2485,.F.);
#2578=ADVANCED_FACE('',(#174),#101,.T.);
#2579=ADVANCED_FACE('',(#175),#2486,.F.);
#2580=ADVANCED_FACE('',(#176),#102,.T.);
#2581=ADVANCED_FACE('',(#177),#2487,.F.);
#2582=ADVANCED_FACE('',(#178),#103,.T.);
#2583=ADVANCED_FACE('',(#179),#2488,.F.);
#2584=ADVANCED_FACE('',(#180),#104,.T.);
#2585=ADVANCED_FACE('',(#181),#2489,.F.);
#2586=ADVANCED_FACE('',(#182),#2490,.F.);
#2587=ADVANCED_FACE('',(#183),#2491,.F.);
#2588=ADVANCED_FACE('',(#184),#2492,.F.);
#2589=ADVANCED_FACE('',(#185),#105,.T.);
#2590=ADVANCED_FACE('',(#186),#2493,.F.);
#2591=ADVANCED_FACE('',(#187),#106,.T.);
#2592=ADVANCED_FACE('',(#188),#2494,.F.);
#2593=ADVANCED_FACE('',(#189),#107,.T.);
#2594=ADVANCED_FACE('',(#190),#2495,.F.);
#2595=ADVANCED_FACE('',(#191),#108,.T.);
#2596=ADVANCED_FACE('',(#192),#2496,.F.);
#2597=ADVANCED_FACE('',(#193),#2497,.F.);
#2598=ADVANCED_FACE('',(#194),#2498,.F.);
#2599=ADVANCED_FACE('',(#195),#2499,.F.);
#2600=ADVANCED_FACE('',(#196),#2500,.F.);
#2601=ADVANCED_FACE('',(#197),#2501,.F.);
#2602=ADVANCED_FACE('',(#198),#2502,.F.);
#2603=ADVANCED_FACE('',(#199),#109,.T.);
#2604=ADVANCED_FACE('',(#200),#2503,.T.);
#2605=ADVANCED_FACE('',(#201),#110,.T.);
#2606=ADVANCED_FACE('',(#202),#2504,.T.);
#2607=ADVANCED_FACE('',(#203),#111,.T.);
#2608=ADVANCED_FACE('',(#204),#2505,.F.);
#2609=ADVANCED_FACE('',(#205),#112,.T.);
#2610=ADVANCED_FACE('',(#206),#2506,.F.);
#2611=ADVANCED_FACE('',(#207),#113,.T.);
#2612=ADVANCED_FACE('',(#208),#2507,.T.);
#2613=ADVANCED_FACE('',(#209),#114,.T.);
#2614=ADVANCED_FACE('',(#210),#2508,.T.);
#2615=ADVANCED_FACE('',(#211),#115,.T.);
#2616=ADVANCED_FACE('',(#212),#2509,.F.);
#2617=ADVANCED_FACE('',(#213),#116,.T.);
#2618=ADVANCED_FACE('',(#214),#2510,.F.);
#2619=ADVANCED_FACE('',(#215),#117,.T.);
#2620=ADVANCED_FACE('',(#216),#2511,.F.);
#2621=ADVANCED_FACE('',(#217),#118,.T.);
#2622=ADVANCED_FACE('',(#218),#2512,.F.);
#2623=ADVANCED_FACE('',(#219),#119,.T.);
#2624=ADVANCED_FACE('',(#220),#2513,.T.);
#2625=ADVANCED_FACE('',(#221),#75,.F.);
#2626=ADVANCED_FACE('',(#222,#15,#16,#17,#18,#19,#20,#21,#22,#23,#24,#25,
#26,#27,#28,#29,#30,#31,#32,#33,#34,#35,#36,#37,#38,#39,#40,#41,#42,#43,
#44),#120,.T.);
#2627=ADVANCED_FACE('',(#223),#2514,.F.);
#2628=ADVANCED_FACE('',(#224),#76,.F.);
#2629=ADVANCED_FACE('',(#225),#2515,.F.);
#2630=ADVANCED_FACE('',(#226),#77,.F.);
#2631=ADVANCED_FACE('',(#227),#2516,.F.);
#2632=ADVANCED_FACE('',(#228),#78,.F.);
#2633=ADVANCED_FACE('',(#229),#2517,.F.);
#2634=ADVANCED_FACE('',(#230),#79,.F.);
#2635=ADVANCED_FACE('',(#231),#2518,.F.);
#2636=ADVANCED_FACE('',(#232),#80,.F.);
#2637=ADVANCED_FACE('',(#233),#2519,.F.);
#2638=ADVANCED_FACE('',(#234),#81,.F.);
#2639=ADVANCED_FACE('',(#235),#2520,.F.);
#2640=ADVANCED_FACE('',(#236),#82,.F.);
#2641=ADVANCED_FACE('',(#237),#2521,.F.);
#2642=ADVANCED_FACE('',(#238),#2522,.F.);
#2643=ADVANCED_FACE('',(#239),#2523,.F.);
#2644=ADVANCED_FACE('',(#240),#2524,.F.);
#2645=ADVANCED_FACE('',(#241),#2525,.F.);
#2646=ADVANCED_FACE('',(#242),#2526,.F.);
#2647=ADVANCED_FACE('',(#243),#121,.T.);
#2648=ADVANCED_FACE('',(#244),#2527,.T.);
#2649=ADVANCED_FACE('',(#245),#122,.T.);
#2650=ADVANCED_FACE('',(#246),#2528,.T.);
#2651=ADVANCED_FACE('',(#247),#123,.T.);
#2652=ADVANCED_FACE('',(#248),#2529,.F.);
#2653=ADVANCED_FACE('',(#249),#124,.T.);
#2654=ADVANCED_FACE('',(#250),#2530,.T.);
#2655=ADVANCED_FACE('',(#251),#125,.T.);
#2656=ADVANCED_FACE('',(#252),#2531,.T.);
#2657=ADVANCED_FACE('',(#253),#126,.T.);
#2658=ADVANCED_FACE('',(#254),#2532,.T.);
#2659=ADVANCED_FACE('',(#255),#127,.T.);
#2660=ADVANCED_FACE('',(#256),#2533,.F.);
#2661=ADVANCED_FACE('',(#257),#128,.T.);
#2662=ADVANCED_FACE('',(#258),#2534,.T.);
#2663=ADVANCED_FACE('',(#259),#129,.T.);
#2664=ADVANCED_FACE('',(#260),#2535,.T.);
#2665=ADVANCED_FACE('',(#261),#130,.T.);
#2666=ADVANCED_FACE('',(#262),#2536,.F.);
#2667=ADVANCED_FACE('',(#263),#131,.T.);
#2668=ADVANCED_FACE('',(#264,#45,#46,#47,#48,#49,#50,#51,#52,#53,#54,#55,
#56,#57,#58,#59,#60,#61,#62,#63,#64,#65,#66,#67,#68,#69,#70,#71,#72,#73,
#74),#132,.F.);
#2669=CLOSED_SHELL('',(#2537,#2538,#2539,#2540,#2541,#2542,#2543,#2544,
#2545,#2546,#2547,#2548,#2549,#2550,#2551,#2552,#2553,#2554,#2555,#2556,
#2557,#2558,#2559,#2560,#2561,#2562,#2563,#2564,#2565,#2566,#2567,#2568,
#2569,#2570,#2571,#2572,#2573,#2574,#2575,#2576,#2577,#2578,#2579,#2580,
#2581,#2582,#2583,#2584,#2585,#2586,#2587,#2588,#2589,#2590,#2591,#2592,
#2593,#2594,#2595,#2596,#2597,#2598,#2599,#2600,#2601,#2602,#2603,#2604,
#2605,#2606,#2607,#2608,#2609,#2610,#2611,#2612,#2613,#2614,#2615,#2616,
#2617,#2618,#2619,#2620,#2621,#2622,#2623,#2624,#2625,#2626,#2627,#2628,
#2629,#2630,#2631,#2632,#2633,#2634,#2635,#2636,#2637,#2638,#2639,#2640,
#2641,#2642,#2643,#2644,#2645,#2646,#2647,#2648,#2649,#2650,#2651,#2652,
#2653,#2654,#2655,#2656,#2657,#2658,#2659,#2660,#2661,#2662,#2663,#2664,
#2665,#2666,#2667,#2668));
#2670=AXIS2_PLACEMENT_3D('',#3763,#2959,#2960);
#2671=AXIS2_PLACEMENT_3D('',#3764,#2961,#2962);
#2672=AXIS2_PLACEMENT_3D('',#3767,#2963,#2964);
#2673=AXIS2_PLACEMENT_3D('',#3771,#2966,#2967);
#2674=AXIS2_PLACEMENT_3D('',#3773,#2969,#2970);
#2675=AXIS2_PLACEMENT_3D('',#3779,#2974,#2975);
#2676=AXIS2_PLACEMENT_3D('',#3782,#2976,#2977);
#2677=AXIS2_PLACEMENT_3D('',#3786,#2979,#2980);
#2678=AXIS2_PLACEMENT_3D('',#3788,#2982,#2983);
#2679=AXIS2_PLACEMENT_3D('',#3794,#2987,#2988);
#2680=AXIS2_PLACEMENT_3D('',#3797,#2989,#2990);
#2681=AXIS2_PLACEMENT_3D('',#3801,#2992,#2993);
#2682=AXIS2_PLACEMENT_3D('',#3803,#2995,#2996);
#2683=AXIS2_PLACEMENT_3D('',#3809,#3000,#3001);
#2684=AXIS2_PLACEMENT_3D('',#3811,#3002,#3003);
#2685=AXIS2_PLACEMENT_3D('',#3814,#3005,#3006);
#2686=AXIS2_PLACEMENT_3D('',#3815,#3007,#3008);
#2687=AXIS2_PLACEMENT_3D('',#3824,#3013,#3014);
#2688=AXIS2_PLACEMENT_3D('',#3826,#3015,#3016);
#2689=AXIS2_PLACEMENT_3D('',#3828,#3017,#3018);
#2690=AXIS2_PLACEMENT_3D('',#3830,#3020,#3021);
#2691=AXIS2_PLACEMENT_3D('',#3836,#3025,#3026);
#2692=AXIS2_PLACEMENT_3D('',#3838,#3027,#3028);
#2693=AXIS2_PLACEMENT_3D('',#3840,#3029,#3030);
#2694=AXIS2_PLACEMENT_3D('',#3842,#3032,#3033);
#2695=AXIS2_PLACEMENT_3D('',#3848,#3037,#3038);
#2696=AXIS2_PLACEMENT_3D('',#3850,#3039,#3040);
#2697=AXIS2_PLACEMENT_3D('',#3852,#3041,#3042);
#2698=AXIS2_PLACEMENT_3D('',#3854,#3044,#3045);
#2699=AXIS2_PLACEMENT_3D('',#3860,#3049,#3050);
#2700=AXIS2_PLACEMENT_3D('',#3862,#3051,#3052);
#2701=AXIS2_PLACEMENT_3D('',#3864,#3053,#3054);
#2702=AXIS2_PLACEMENT_3D('',#3866,#3056,#3057);
#2703=AXIS2_PLACEMENT_3D('',#3872,#3061,#3062);
#2704=AXIS2_PLACEMENT_3D('',#3873,#3063,#3064);
#2705=AXIS2_PLACEMENT_3D('',#3874,#3065,#3066);
#2706=AXIS2_PLACEMENT_3D('',#3875,#3067,#3068);
#2707=AXIS2_PLACEMENT_3D('',#3877,#3069,#3070);
#2708=AXIS2_PLACEMENT_3D('',#3880,#3072,#3073);
#2709=AXIS2_PLACEMENT_3D('',#3881,#3074,#3075);
#2710=AXIS2_PLACEMENT_3D('',#3890,#3080,#3081);
#2711=AXIS2_PLACEMENT_3D('',#3892,#3082,#3083);
#2712=AXIS2_PLACEMENT_3D('',#3894,#3084,#3085);
#2713=AXIS2_PLACEMENT_3D('',#3896,#3087,#3088);
#2714=AXIS2_PLACEMENT_3D('',#3902,#3092,#3093);
#2715=AXIS2_PLACEMENT_3D('',#3904,#3094,#3095);
#2716=AXIS2_PLACEMENT_3D('',#3906,#3096,#3097);
#2717=AXIS2_PLACEMENT_3D('',#3908,#3099,#3100);
#2718=AXIS2_PLACEMENT_3D('',#3914,#3104,#3105);
#2719=AXIS2_PLACEMENT_3D('',#3916,#3106,#3107);
#2720=AXIS2_PLACEMENT_3D('',#3918,#3108,#3109);
#2721=AXIS2_PLACEMENT_3D('',#3920,#3111,#3112);
#2722=AXIS2_PLACEMENT_3D('',#3926,#3116,#3117);
#2723=AXIS2_PLACEMENT_3D('',#3928,#3118,#3119);
#2724=AXIS2_PLACEMENT_3D('',#3930,#3120,#3121);
#2725=AXIS2_PLACEMENT_3D('',#3932,#3123,#3124);
#2726=AXIS2_PLACEMENT_3D('',#3938,#3128,#3129);
#2727=AXIS2_PLACEMENT_3D('',#3939,#3130,#3131);
#2728=AXIS2_PLACEMENT_3D('',#3940,#3132,#3133);
#2729=AXIS2_PLACEMENT_3D('',#3941,#3134,#3135);
#2730=AXIS2_PLACEMENT_3D('',#3950,#3140,#3141);
#2731=AXIS2_PLACEMENT_3D('',#3952,#3142,#3143);
#2732=AXIS2_PLACEMENT_3D('',#3954,#3144,#3145);
#2733=AXIS2_PLACEMENT_3D('',#3956,#3147,#3148);
#2734=AXIS2_PLACEMENT_3D('',#3962,#3152,#3153);
#2735=AXIS2_PLACEMENT_3D('',#3964,#3154,#3155);
#2736=AXIS2_PLACEMENT_3D('',#3966,#3156,#3157);
#2737=AXIS2_PLACEMENT_3D('',#3968,#3159,#3160);
#2738=AXIS2_PLACEMENT_3D('',#3974,#3164,#3165);
#2739=AXIS2_PLACEMENT_3D('',#3976,#3166,#3167);
#2740=AXIS2_PLACEMENT_3D('',#3978,#3168,#3169);
#2741=AXIS2_PLACEMENT_3D('',#3980,#3171,#3172);
#2742=AXIS2_PLACEMENT_3D('',#3986,#3176,#3177);
#2743=AXIS2_PLACEMENT_3D('',#3987,#3178,#3179);
#2744=AXIS2_PLACEMENT_3D('',#3988,#3180,#3181);
#2745=AXIS2_PLACEMENT_3D('',#3989,#3182,#3183);
#2746=AXIS2_PLACEMENT_3D('',#3991,#3184,#3185);
#2747=AXIS2_PLACEMENT_3D('',#3994,#3187,#3188);
#2748=AXIS2_PLACEMENT_3D('',#3995,#3189,#3190);
#2749=AXIS2_PLACEMENT_3D('',#3997,#3191,#3192);
#2750=AXIS2_PLACEMENT_3D('',#4000,#3194,#3195);
#2751=AXIS2_PLACEMENT_3D('',#4001,#3196,#3197);
#2752=AXIS2_PLACEMENT_3D('',#4003,#3198,#3199);
#2753=AXIS2_PLACEMENT_3D('',#4006,#3201,#3202);
#2754=AXIS2_PLACEMENT_3D('',#4007,#3203,#3204);
#2755=AXIS2_PLACEMENT_3D('',#4016,#3209,#3210);
#2756=AXIS2_PLACEMENT_3D('',#4018,#3211,#3212);
#2757=AXIS2_PLACEMENT_3D('',#4020,#3213,#3214);
#2758=AXIS2_PLACEMENT_3D('',#4022,#3216,#3217);
#2759=AXIS2_PLACEMENT_3D('',#4028,#3221,#3222);
#2760=AXIS2_PLACEMENT_3D('',#4030,#3223,#3224);
#2761=AXIS2_PLACEMENT_3D('',#4032,#3225,#3226);
#2762=AXIS2_PLACEMENT_3D('',#4034,#3228,#3229);
#2763=AXIS2_PLACEMENT_3D('',#4040,#3233,#3234);
#2764=AXIS2_PLACEMENT_3D('',#4042,#3235,#3236);
#2765=AXIS2_PLACEMENT_3D('',#4044,#3237,#3238);
#2766=AXIS2_PLACEMENT_3D('',#4046,#3240,#3241);
#2767=AXIS2_PLACEMENT_3D('',#4052,#3245,#3246);
#2768=AXIS2_PLACEMENT_3D('',#4054,#3247,#3248);
#2769=AXIS2_PLACEMENT_3D('',#4056,#3249,#3250);
#2770=AXIS2_PLACEMENT_3D('',#4058,#3252,#3253);
#2771=AXIS2_PLACEMENT_3D('',#4064,#3257,#3258);
#2772=AXIS2_PLACEMENT_3D('',#4065,#3259,#3260);
#2773=AXIS2_PLACEMENT_3D('',#4066,#3261,#3262);
#2774=AXIS2_PLACEMENT_3D('',#4067,#3263,#3264);
#2775=AXIS2_PLACEMENT_3D('',#4069,#3265,#3266);
#2776=AXIS2_PLACEMENT_3D('',#4072,#3268,#3269);
#2777=AXIS2_PLACEMENT_3D('',#4073,#3270,#3271);
#2778=AXIS2_PLACEMENT_3D('',#4075,#3272,#3273);
#2779=AXIS2_PLACEMENT_3D('',#4078,#3275,#3276);
#2780=AXIS2_PLACEMENT_3D('',#4079,#3277,#3278);
#2781=AXIS2_PLACEMENT_3D('',#4081,#3279,#3280);
#2782=AXIS2_PLACEMENT_3D('',#4084,#3282,#3283);
#2783=AXIS2_PLACEMENT_3D('',#4085,#3284,#3285);
#2784=AXIS2_PLACEMENT_3D('',#4094,#3290,#3291);
#2785=AXIS2_PLACEMENT_3D('',#4096,#3292,#3293);
#2786=AXIS2_PLACEMENT_3D('',#4098,#3294,#3295);
#2787=AXIS2_PLACEMENT_3D('',#4100,#3297,#3298);
#2788=AXIS2_PLACEMENT_3D('',#4106,#3302,#3303);
#2789=AXIS2_PLACEMENT_3D('',#4108,#3304,#3305);
#2790=AXIS2_PLACEMENT_3D('',#4110,#3306,#3307);
#2791=AXIS2_PLACEMENT_3D('',#4112,#3309,#3310);
#2792=AXIS2_PLACEMENT_3D('',#4118,#3314,#3315);
#2793=AXIS2_PLACEMENT_3D('',#4120,#3316,#3317);
#2794=AXIS2_PLACEMENT_3D('',#4122,#3318,#3319);
#2795=AXIS2_PLACEMENT_3D('',#4124,#3321,#3322);
#2796=AXIS2_PLACEMENT_3D('',#4130,#3326,#3327);
#2797=AXIS2_PLACEMENT_3D('',#4131,#3328,#3329);
#2798=AXIS2_PLACEMENT_3D('',#4132,#3330,#3331);
#2799=AXIS2_PLACEMENT_3D('',#4133,#3332,#3333);
#2800=AXIS2_PLACEMENT_3D('',#4135,#3334,#3335);
#2801=AXIS2_PLACEMENT_3D('',#4138,#3337,#3338);
#2802=AXIS2_PLACEMENT_3D('',#4139,#3339,#3340);
#2803=AXIS2_PLACEMENT_3D('',#4141,#3341,#3342);
#2804=AXIS2_PLACEMENT_3D('',#4144,#3344,#3345);
#2805=AXIS2_PLACEMENT_3D('',#4145,#3346,#3347);
#2806=AXIS2_PLACEMENT_3D('',#4147,#3348,#3349);
#2807=AXIS2_PLACEMENT_3D('',#4150,#3351,#3352);
#2808=AXIS2_PLACEMENT_3D('',#4151,#3353,#3354);
#2809=AXIS2_PLACEMENT_3D('',#4153,#3355,#3356);
#2810=AXIS2_PLACEMENT_3D('',#4156,#3358,#3359);
#2811=AXIS2_PLACEMENT_3D('',#4157,#3360,#3361);
#2812=AXIS2_PLACEMENT_3D('',#4159,#3362,#3363);
#2813=AXIS2_PLACEMENT_3D('',#4162,#3365,#3366);
#2814=AXIS2_PLACEMENT_3D('',#4163,#3367,#3368);
#2815=AXIS2_PLACEMENT_3D('',#4165,#3369,#3370);
#2816=AXIS2_PLACEMENT_3D('',#4167,#3371,#3372);
#2817=AXIS2_PLACEMENT_3D('',#4169,#3374,#3375);
#2818=AXIS2_PLACEMENT_3D('',#4175,#3379,#3380);
#2819=AXIS2_PLACEMENT_3D('',#4177,#3381,#3382);
#2820=AXIS2_PLACEMENT_3D('',#4179,#3383,#3384);
#2821=AXIS2_PLACEMENT_3D('',#4181,#3386,#3387);
#2822=AXIS2_PLACEMENT_3D('',#4187,#3391,#3392);
#2823=AXIS2_PLACEMENT_3D('',#4189,#3393,#3394);
#2824=AXIS2_PLACEMENT_3D('',#4191,#3395,#3396);
#2825=AXIS2_PLACEMENT_3D('',#4193,#3398,#3399);
#2826=AXIS2_PLACEMENT_3D('',#4199,#3403,#3404);
#2827=AXIS2_PLACEMENT_3D('',#4201,#3405,#3406);
#2828=AXIS2_PLACEMENT_3D('',#4203,#3407,#3408);
#2829=AXIS2_PLACEMENT_3D('',#4205,#3410,#3411);
#2830=AXIS2_PLACEMENT_3D('',#4211,#3415,#3416);
#2831=AXIS2_PLACEMENT_3D('',#4213,#3417,#3418);
#2832=AXIS2_PLACEMENT_3D('',#4215,#3419,#3420);
#2833=AXIS2_PLACEMENT_3D('',#4217,#3422,#3423);
#2834=AXIS2_PLACEMENT_3D('',#4223,#3427,#3428);
#2835=AXIS2_PLACEMENT_3D('',#4225,#3429,#3430);
#2836=AXIS2_PLACEMENT_3D('',#4227,#3431,#3432);
#2837=AXIS2_PLACEMENT_3D('',#4229,#3434,#3435);
#2838=AXIS2_PLACEMENT_3D('',#4235,#3439,#3440);
#2839=AXIS2_PLACEMENT_3D('',#4237,#3441,#3442);
#2840=AXIS2_PLACEMENT_3D('',#4239,#3443,#3444);
#2841=AXIS2_PLACEMENT_3D('',#4241,#3446,#3447);
#2842=AXIS2_PLACEMENT_3D('',#4247,#3451,#3452);
#2843=AXIS2_PLACEMENT_3D('',#4248,#3453,#3454);
#2844=AXIS2_PLACEMENT_3D('',#4249,#3455,#3456);
#2845=AXIS2_PLACEMENT_3D('',#4250,#3457,#3458);
#2846=AXIS2_PLACEMENT_3D('',#4256,#3462,#3463);
#2847=AXIS2_PLACEMENT_3D('',#4258,#3464,#3465);
#2848=AXIS2_PLACEMENT_3D('',#4260,#3466,#3467);
#2849=AXIS2_PLACEMENT_3D('',#4262,#3469,#3470);
#2850=AXIS2_PLACEMENT_3D('',#4268,#3474,#3475);
#2851=AXIS2_PLACEMENT_3D('',#4270,#3476,#3477);
#2852=AXIS2_PLACEMENT_3D('',#4272,#3478,#3479);
#2853=AXIS2_PLACEMENT_3D('',#4274,#3481,#3482);
#2854=AXIS2_PLACEMENT_3D('',#4280,#3486,#3487);
#2855=AXIS2_PLACEMENT_3D('',#4282,#3488,#3489);
#2856=AXIS2_PLACEMENT_3D('',#4284,#3490,#3491);
#2857=AXIS2_PLACEMENT_3D('',#4286,#3493,#3494);
#2858=AXIS2_PLACEMENT_3D('',#4289,#3497,#3498);
#2859=AXIS2_PLACEMENT_3D('',#4291,#3499,#3500);
#2860=AXIS2_PLACEMENT_3D('',#4294,#3502,#3503);
#2861=AXIS2_PLACEMENT_3D('',#4295,#3504,#3505);
#2862=AXIS2_PLACEMENT_3D('',#4297,#3506,#3507);
#2863=AXIS2_PLACEMENT_3D('',#4300,#3509,#3510);
#2864=AXIS2_PLACEMENT_3D('',#4301,#3511,#3512);
#2865=AXIS2_PLACEMENT_3D('',#4303,#3513,#3514);
#2866=AXIS2_PLACEMENT_3D('',#4307,#3516,#3517);
#2867=AXIS2_PLACEMENT_3D('',#4311,#3519,#3520);
#2868=AXIS2_PLACEMENT_3D('',#4315,#3522,#3523);
#2869=AXIS2_PLACEMENT_3D('',#4319,#3525,#3526);
#2870=AXIS2_PLACEMENT_3D('',#4323,#3528,#3529);
#2871=AXIS2_PLACEMENT_3D('',#4327,#3531,#3532);
#2872=AXIS2_PLACEMENT_3D('',#4331,#3534,#3535);
#2873=AXIS2_PLACEMENT_3D('',#4335,#3537,#3538);
#2874=AXIS2_PLACEMENT_3D('',#4339,#3540,#3541);
#2875=AXIS2_PLACEMENT_3D('',#4343,#3543,#3544);
#2876=AXIS2_PLACEMENT_3D('',#4346,#3546,#3547);
#2877=AXIS2_PLACEMENT_3D('',#4348,#3548,#3549);
#2878=AXIS2_PLACEMENT_3D('',#4350,#3550,#3551);
#2879=AXIS2_PLACEMENT_3D('',#4352,#3552,#3553);
#2880=AXIS2_PLACEMENT_3D('',#4354,#3554,#3555);
#2881=AXIS2_PLACEMENT_3D('',#4356,#3556,#3557);
#2882=AXIS2_PLACEMENT_3D('',#4358,#3558,#3559);
#2883=AXIS2_PLACEMENT_3D('',#4360,#3560,#3561);
#2884=AXIS2_PLACEMENT_3D('',#4362,#3562,#3563);
#2885=AXIS2_PLACEMENT_3D('',#4364,#3564,#3565);
#2886=AXIS2_PLACEMENT_3D('',#4366,#3566,#3567);
#2887=AXIS2_PLACEMENT_3D('',#4367,#3568,#3569);
#2888=AXIS2_PLACEMENT_3D('',#4369,#3570,#3571);
#2889=AXIS2_PLACEMENT_3D('',#4371,#3573,#3574);
#2890=AXIS2_PLACEMENT_3D('',#4373,#3575,#3576);
#2891=AXIS2_PLACEMENT_3D('',#4375,#3578,#3579);
#2892=AXIS2_PLACEMENT_3D('',#4377,#3580,#3581);
#2893=AXIS2_PLACEMENT_3D('',#4379,#3583,#3584);
#2894=AXIS2_PLACEMENT_3D('',#4381,#3585,#3586);
#2895=AXIS2_PLACEMENT_3D('',#4383,#3588,#3589);
#2896=AXIS2_PLACEMENT_3D('',#4385,#3590,#3591);
#2897=AXIS2_PLACEMENT_3D('',#4387,#3593,#3594);
#2898=AXIS2_PLACEMENT_3D('',#4389,#3595,#3596);
#2899=AXIS2_PLACEMENT_3D('',#4391,#3598,#3599);
#2900=AXIS2_PLACEMENT_3D('',#4393,#3600,#3601);
#2901=AXIS2_PLACEMENT_3D('',#4395,#3603,#3604);
#2902=AXIS2_PLACEMENT_3D('',#4397,#3605,#3606);
#2903=AXIS2_PLACEMENT_3D('',#4399,#3608,#3609);
#2904=AXIS2_PLACEMENT_3D('',#4401,#3610,#3611);
#2905=AXIS2_PLACEMENT_3D('',#4403,#3613,#3614);
#2906=AXIS2_PLACEMENT_3D('',#4405,#3615,#3616);
#2907=AXIS2_PLACEMENT_3D('',#4407,#3618,#3619);
#2908=AXIS2_PLACEMENT_3D('',#4409,#3620,#3621);
#2909=AXIS2_PLACEMENT_3D('',#4411,#3623,#3624);
#2910=AXIS2_PLACEMENT_3D('',#4413,#3625,#3626);
#2911=AXIS2_PLACEMENT_3D('',#4415,#3628,#3629);
#2912=AXIS2_PLACEMENT_3D('',#4417,#3630,#3631);
#2913=AXIS2_PLACEMENT_3D('',#4419,#3633,#3634);
#2914=AXIS2_PLACEMENT_3D('',#4421,#3635,#3636);
#2915=AXIS2_PLACEMENT_3D('',#4423,#3638,#3639);
#2916=AXIS2_PLACEMENT_3D('',#4425,#3640,#3641);
#2917=AXIS2_PLACEMENT_3D('',#4427,#3643,#3644);
#2918=AXIS2_PLACEMENT_3D('',#4429,#3645,#3646);
#2919=AXIS2_PLACEMENT_3D('',#4431,#3648,#3649);
#2920=AXIS2_PLACEMENT_3D('',#4433,#3650,#3651);
#2921=AXIS2_PLACEMENT_3D('',#4435,#3653,#3654);
#2922=AXIS2_PLACEMENT_3D('',#4437,#3655,#3656);
#2923=AXIS2_PLACEMENT_3D('',#4439,#3658,#3659);
#2924=AXIS2_PLACEMENT_3D('',#4441,#3660,#3661);
#2925=AXIS2_PLACEMENT_3D('',#4443,#3663,#3664);
#2926=AXIS2_PLACEMENT_3D('',#4446,#3665,#3666);
#2927=AXIS2_PLACEMENT_3D('',#4449,#3669,#3670);
#2928=AXIS2_PLACEMENT_3D('',#4453,#3673,#3674);
#2929=AXIS2_PLACEMENT_3D('',#4455,#3675,#3676);
#2930=AXIS2_PLACEMENT_3D('',#4457,#3678,#3679);
#2931=AXIS2_PLACEMENT_3D('',#4461,#3682,#3683);
#2932=AXIS2_PLACEMENT_3D('',#4463,#3684,#3685);
#2933=AXIS2_PLACEMENT_3D('',#4465,#3687,#3688);
#2934=AXIS2_PLACEMENT_3D('',#4469,#3691,#3692);
#2935=AXIS2_PLACEMENT_3D('',#4471,#3693,#3694);
#2936=AXIS2_PLACEMENT_3D('',#4473,#3696,#3697);
#2937=AXIS2_PLACEMENT_3D('',#4477,#3700,#3701);
#2938=AXIS2_PLACEMENT_3D('',#4479,#3702,#3703);
#2939=AXIS2_PLACEMENT_3D('',#4481,#3705,#3706);
#2940=AXIS2_PLACEMENT_3D('',#4485,#3709,#3710);
#2941=AXIS2_PLACEMENT_3D('',#4486,#3711,#3712);
#2942=AXIS2_PLACEMENT_3D('',#4487,#3713,#3714);
#2943=AXIS2_PLACEMENT_3D('',#4491,#3717,#3718);
#2944=AXIS2_PLACEMENT_3D('',#4493,#3719,#3720);
#2945=AXIS2_PLACEMENT_3D('',#4495,#3722,#3723);
#2946=AXIS2_PLACEMENT_3D('',#4499,#3726,#3727);
#2947=AXIS2_PLACEMENT_3D('',#4501,#3728,#3729);
#2948=AXIS2_PLACEMENT_3D('',#4503,#3731,#3732);
#2949=AXIS2_PLACEMENT_3D('',#4507,#3735,#3736);
#2950=AXIS2_PLACEMENT_3D('',#4509,#3737,#3738);
#2951=AXIS2_PLACEMENT_3D('',#4511,#3740,#3741);
#2952=AXIS2_PLACEMENT_3D('',#4515,#3744,#3745);
#2953=AXIS2_PLACEMENT_3D('',#4517,#3746,#3747);
#2954=AXIS2_PLACEMENT_3D('',#4519,#3749,#3750);
#2955=AXIS2_PLACEMENT_3D('',#4523,#3753,#3754);
#2956=AXIS2_PLACEMENT_3D('',#4525,#3755,#3756);
#2957=AXIS2_PLACEMENT_3D('',#4527,#3758,#3759);
#2958=AXIS2_PLACEMENT_3D('',#4529,#3761,#3762);
#2959=DIRECTION('axis',(0.,0.,1.));
#2960=DIRECTION('refdir',(1.,0.,0.));
#2961=DIRECTION('center_axis',(0.,0.,1.));
#2962=DIRECTION('ref_axis',(-0.829391558983976,-0.558667738361658,0.));
#2963=DIRECTION('center_axis',(0.,0.,1.));
#2964=DIRECTION('ref_axis',(-0.829391558983976,-0.558667738361658,0.));
#2965=DIRECTION('',(0.,0.,-1.));
#2966=DIRECTION('center_axis',(0.,0.,-1.));
#2967=DIRECTION('ref_axis',(-0.829391558983976,-0.558667738361658,0.));
#2968=DIRECTION('',(0.,0.,1.));
#2969=DIRECTION('center_axis',(-0.829391558983976,-0.558667738361658,0.));
#2970=DIRECTION('ref_axis',(-0.558667738361658,0.829391558983976,0.));
#2971=DIRECTION('',(-0.558667738361658,0.829391558983976,0.));
#2972=DIRECTION('',(0.,0.,-1.));
#2973=DIRECTION('',(0.558667738361658,-0.829391558983976,0.));
#2974=DIRECTION('center_axis',(0.,0.,-1.));
#2975=DIRECTION('ref_axis',(0.829391558983971,-0.558667738361665,0.));
#2976=DIRECTION('center_axis',(0.,0.,-1.));
#2977=DIRECTION('ref_axis',(0.829391558983971,-0.558667738361665,0.));
#2978=DIRECTION('',(0.,0.,1.));
#2979=DIRECTION('center_axis',(0.,0.,1.));
#2980=DIRECTION('ref_axis',(0.829391558983971,-0.558667738361665,0.));
#2981=DIRECTION('',(0.,0.,-1.));
#2982=DIRECTION('center_axis',(0.829391558983972,-0.558667738361665,0.));
#2983=DIRECTION('ref_axis',(-0.558667738361665,-0.829391558983972,0.));
#2984=DIRECTION('',(0.558667738361665,0.829391558983971,0.));
#2985=DIRECTION('',(0.,0.,-1.));
#2986=DIRECTION('',(-0.558667738361665,-0.829391558983971,0.));
#2987=DIRECTION('center_axis',(0.,0.,-1.));
#2988=DIRECTION('ref_axis',(0.,1.,0.));
#2989=DIRECTION('center_axis',(0.,0.,-1.));
#2990=DIRECTION('ref_axis',(0.,1.,0.));
#2991=DIRECTION('',(0.,0.,1.));
#2992=DIRECTION('center_axis',(0.,0.,1.));
#2993=DIRECTION('ref_axis',(0.,1.,0.));
#2994=DIRECTION('',(0.,0.,-1.));
#2995=DIRECTION('center_axis',(0.,-1.,0.));
#2996=DIRECTION('ref_axis',(1.,0.,0.));
#2997=DIRECTION('',(1.,0.,0.));
#2998=DIRECTION('',(0.,0.,1.));
#2999=DIRECTION('',(1.,0.,0.));
#3000=DIRECTION('center_axis',(0.,0.,1.));
#3001=DIRECTION('ref_axis',(0.,1.,0.));
#3002=DIRECTION('center_axis',(0.,0.,1.));
#3003=DIRECTION('ref_axis',(0.,1.,0.));
#3004=DIRECTION('',(0.,0.,-1.));
#3005=DIRECTION('center_axis',(0.,0.,-1.));
#3006=DIRECTION('ref_axis',(0.,1.,0.));
#3007=DIRECTION('center_axis',(-0.763418639216233,-0.64590400315932,0.));
#3008=DIRECTION('ref_axis',(-0.64590400315932,0.763418639216233,0.));
#3009=DIRECTION('',(0.64590400315932,-0.763418639216233,0.));
#3010=DIRECTION('',(0.,0.,-1.));
#3011=DIRECTION('',(-0.64590400315932,0.763418639216233,0.));
#3012=DIRECTION('',(0.,0.,-1.));
#3013=DIRECTION('center_axis',(0.,0.,-1.));
#3014=DIRECTION('ref_axis',(0.761094121859547,-0.648641455405716,0.));
#3015=DIRECTION('center_axis',(0.,0.,-1.));
#3016=DIRECTION('ref_axis',(0.761094121859547,-0.648641455405716,0.));
#3017=DIRECTION('center_axis',(0.,0.,1.));
#3018=DIRECTION('ref_axis',(0.761094121859547,-0.648641455405716,0.));
#3019=DIRECTION('',(0.,0.,-1.));
#3020=DIRECTION('center_axis',(-0.761094121860141,0.648641455405018,0.));
#3021=DIRECTION('ref_axis',(0.648641455405018,0.761094121860141,0.));
#3022=DIRECTION('',(-0.648641455405018,-0.761094121860141,0.));
#3023=DIRECTION('',(0.648641455405018,0.761094121860141,0.));
#3024=DIRECTION('',(0.,0.,-1.));
#3025=DIRECTION('center_axis',(0.,0.,-1.));
#3026=DIRECTION('ref_axis',(-0.210309084777695,-0.977634946623722,0.));
#3027=DIRECTION('center_axis',(0.,0.,-1.));
#3028=DIRECTION('ref_axis',(-0.210309084777695,-0.977634946623722,0.));
#3029=DIRECTION('center_axis',(0.,0.,1.));
#3030=DIRECTION('ref_axis',(-0.210309084777695,-0.977634946623722,0.));
#3031=DIRECTION('',(0.,0.,-1.));
#3032=DIRECTION('center_axis',(0.210309084778557,0.977634946623537,0.));
#3033=DIRECTION('ref_axis',(0.977634946623537,-0.210309084778557,0.));
#3034=DIRECTION('',(-0.977634946623537,0.210309084778557,0.));
#3035=DIRECTION('',(0.977634946623537,-0.210309084778557,0.));
#3036=DIRECTION('',(0.,0.,-1.));
#3037=DIRECTION('center_axis',(0.,0.,-1.));
#3038=DIRECTION('ref_axis',(-1.,-4.09450251481831E-12,0.));
#3039=DIRECTION('center_axis',(0.,0.,-1.));
#3040=DIRECTION('ref_axis',(-1.,-4.09450251481831E-12,0.));
#3041=DIRECTION('center_axis',(0.,0.,1.));
#3042=DIRECTION('ref_axis',(-1.,-4.09450251481831E-12,0.));
#3043=DIRECTION('',(0.,0.,-1.));
#3044=DIRECTION('center_axis',(1.,4.71898309154612E-12,0.));
#3045=DIRECTION('ref_axis',(4.71898309154612E-12,-1.,0.));
#3046=DIRECTION('',(-4.71898309154612E-12,1.,0.));
#3047=DIRECTION('',(4.71898309154612E-12,-1.,0.));
#3048=DIRECTION('',(0.,0.,-1.));
#3049=DIRECTION('center_axis',(0.,0.,-1.));
#3050=DIRECTION('ref_axis',(-0.761094121860237,0.648641455404907,0.));
#3051=DIRECTION('center_axis',(0.,0.,-1.));
#3052=DIRECTION('ref_axis',(-0.761094121860237,0.648641455404907,0.));
#3053=DIRECTION('center_axis',(0.,0.,1.));
#3054=DIRECTION('ref_axis',(-0.761094121860237,0.648641455404907,0.));
#3055=DIRECTION('',(0.,0.,-1.));
#3056=DIRECTION('center_axis',(0.761094121860406,-0.648641455404708,0.));
#3057=DIRECTION('ref_axis',(-0.648641455404708,-0.761094121860406,0.));
#3058=DIRECTION('',(0.648641455404708,0.761094121860406,0.));
#3059=DIRECTION('',(-0.648641455404708,-0.761094121860406,0.));
#3060=DIRECTION('',(0.,0.,-1.));
#3061=DIRECTION('center_axis',(0.,0.,-1.));
#3062=DIRECTION('ref_axis',(0.763418639217027,0.645904003158382,0.));
#3063=DIRECTION('center_axis',(0.,0.,-1.));
#3064=DIRECTION('ref_axis',(0.763418639217027,0.645904003158382,0.));
#3065=DIRECTION('center_axis',(0.,0.,1.));
#3066=DIRECTION('ref_axis',(0.763418639217027,0.645904003158382,0.));
#3067=DIRECTION('center_axis',(0.,0.,-1.));
#3068=DIRECTION('ref_axis',(-1.,0.,0.));
#3069=DIRECTION('center_axis',(0.,0.,1.));
#3070=DIRECTION('ref_axis',(-1.,0.,0.));
#3071=DIRECTION('',(0.,0.,1.));
#3072=DIRECTION('center_axis',(0.,0.,-1.));
#3073=DIRECTION('ref_axis',(-1.,0.,0.));
#3074=DIRECTION('center_axis',(0.763418639213272,-0.645904003162819,0.));
#3075=DIRECTION('ref_axis',(-0.645904003162819,-0.763418639213272,0.));
#3076=DIRECTION('',(0.645904003162819,0.763418639213272,0.));
#3077=DIRECTION('',(0.,0.,-1.));
#3078=DIRECTION('',(-0.645904003162819,-0.763418639213272,0.));
#3079=DIRECTION('',(0.,0.,-1.));
#3080=DIRECTION('center_axis',(0.,0.,-1.));
#3081=DIRECTION('ref_axis',(0.761094121858864,0.648641455406517,0.));
#3082=DIRECTION('center_axis',(0.,0.,-1.));
#3083=DIRECTION('ref_axis',(0.761094121858864,0.648641455406517,0.));
#3084=DIRECTION('center_axis',(0.,0.,1.));
#3085=DIRECTION('ref_axis',(0.761094121858864,0.648641455406517,0.));
#3086=DIRECTION('',(0.,0.,-1.));
#3087=DIRECTION('center_axis',(-0.761094121856954,-0.648641455408759,0.));
#3088=DIRECTION('ref_axis',(-0.648641455408759,0.761094121856953,0.));
#3089=DIRECTION('',(0.648641455408759,-0.761094121856953,0.));
#3090=DIRECTION('',(-0.648641455408759,0.761094121856953,0.));
#3091=DIRECTION('',(0.,0.,-1.));
#3092=DIRECTION('center_axis',(0.,0.,-1.));
#3093=DIRECTION('ref_axis',(1.,0.,0.));
#3094=DIRECTION('center_axis',(0.,0.,-1.));
#3095=DIRECTION('ref_axis',(1.,0.,0.));
#3096=DIRECTION('center_axis',(0.,0.,1.));
#3097=DIRECTION('ref_axis',(1.,0.,0.));
#3098=DIRECTION('',(0.,0.,-1.));
#3099=DIRECTION('center_axis',(-1.,5.57435884541078E-13,0.));
#3100=DIRECTION('ref_axis',(5.57435884541078E-13,1.,0.));
#3101=DIRECTION('',(-5.57435884541078E-13,-1.,0.));
#3102=DIRECTION('',(5.57435884541078E-13,1.,0.));
#3103=DIRECTION('',(0.,0.,-1.));
#3104=DIRECTION('center_axis',(0.,0.,-1.));
#3105=DIRECTION('ref_axis',(0.210309084781408,-0.977634946622924,0.));
#3106=DIRECTION('center_axis',(0.,0.,-1.));
#3107=DIRECTION('ref_axis',(0.210309084781408,-0.977634946622924,0.));
#3108=DIRECTION('center_axis',(0.,0.,1.));
#3109=DIRECTION('ref_axis',(0.210309084781408,-0.977634946622924,0.));
#3110=DIRECTION('',(0.,0.,-1.));
#3111=DIRECTION('center_axis',(-0.210309084782722,0.977634946622641,0.));
#3112=DIRECTION('ref_axis',(0.977634946622641,0.210309084782722,0.));
#3113=DIRECTION('',(-0.977634946622641,-0.210309084782722,0.));
#3114=DIRECTION('',(0.977634946622641,0.210309084782722,0.));
#3115=DIRECTION('',(0.,0.,-1.));
#3116=DIRECTION('center_axis',(0.,0.,-1.));
#3117=DIRECTION('ref_axis',(-0.761094121856592,-0.648641455409183,0.));
#3118=DIRECTION('center_axis',(0.,0.,-1.));
#3119=DIRECTION('ref_axis',(-0.761094121856592,-0.648641455409183,0.));
#3120=DIRECTION('center_axis',(0.,0.,1.));
#3121=DIRECTION('ref_axis',(-0.761094121856592,-0.648641455409183,0.));
#3122=DIRECTION('',(0.,0.,-1.));
#3123=DIRECTION('center_axis',(0.761094121859617,0.648641455405633,0.));
#3124=DIRECTION('ref_axis',(0.648641455405633,-0.761094121859617,0.));
#3125=DIRECTION('',(-0.648641455405633,0.761094121859617,0.));
#3126=DIRECTION('',(0.648641455405633,-0.761094121859617,0.));
#3127=DIRECTION('',(0.,0.,-1.));
#3128=DIRECTION('center_axis',(0.,0.,-1.));
#3129=DIRECTION('ref_axis',(-0.763418639213359,0.645904003162717,0.));
#3130=DIRECTION('center_axis',(0.,0.,-1.));
#3131=DIRECTION('ref_axis',(-0.763418639213359,0.645904003162717,0.));
#3132=DIRECTION('center_axis',(0.,0.,1.));
#3133=DIRECTION('ref_axis',(-0.763418639213359,0.645904003162717,0.));
#3134=DIRECTION('center_axis',(-1.,7.83198914201766E-13,0.));
#3135=DIRECTION('ref_axis',(7.83198914201766E-13,1.,0.));
#3136=DIRECTION('',(-7.83198914201766E-13,-1.,0.));
#3137=DIRECTION('',(0.,0.,-1.));
#3138=DIRECTION('',(7.83198914201766E-13,1.,0.));
#3139=DIRECTION('',(0.,0.,-1.));
#3140=DIRECTION('center_axis',(0.,0.,-1.));
#3141=DIRECTION('ref_axis',(0.761094121859042,-0.648641455406309,0.));
#3142=DIRECTION('center_axis',(0.,0.,-1.));
#3143=DIRECTION('ref_axis',(0.761094121859042,-0.648641455406309,0.));
#3144=DIRECTION('center_axis',(0.,0.,1.));
#3145=DIRECTION('ref_axis',(0.761094121859042,-0.648641455406309,0.));
#3146=DIRECTION('',(0.,0.,-1.));
#3147=DIRECTION('center_axis',(-0.761094121857431,0.648641455408199,0.));
#3148=DIRECTION('ref_axis',(0.648641455408199,0.761094121857431,0.));
#3149=DIRECTION('',(-0.648641455408199,-0.761094121857431,0.));
#3150=DIRECTION('',(0.648641455408199,0.761094121857431,0.));
#3151=DIRECTION('',(0.,0.,-1.));
#3152=DIRECTION('center_axis',(0.,0.,-1.));
#3153=DIRECTION('ref_axis',(-1.,8.97060203896219E-13,0.));
#3154=DIRECTION('center_axis',(0.,0.,-1.));
#3155=DIRECTION('ref_axis',(-1.,8.97060203896219E-13,0.));
#3156=DIRECTION('center_axis',(0.,0.,1.));
#3157=DIRECTION('ref_axis',(-1.,8.97060203896219E-13,0.));
#3158=DIRECTION('',(0.,0.,-1.));
#3159=DIRECTION('center_axis',(1.,-1.01864124814196E-12,0.));
#3160=DIRECTION('ref_axis',(-1.01864124814196E-12,-1.,0.));
#3161=DIRECTION('',(1.01864124814196E-12,1.,0.));
#3162=DIRECTION('',(-1.01864124814196E-12,-1.,0.));
#3163=DIRECTION('',(0.,0.,-1.));
#3164=DIRECTION('center_axis',(0.,0.,-1.));
#3165=DIRECTION('ref_axis',(0.739971793794312,0.672637899905164,0.));
#3166=DIRECTION('center_axis',(0.,0.,-1.));
#3167=DIRECTION('ref_axis',(0.739971793794312,0.672637899905164,0.));
#3168=DIRECTION('center_axis',(0.,0.,1.));
#3169=DIRECTION('ref_axis',(0.739971793794312,0.672637899905164,0.));
#3170=DIRECTION('',(0.,0.,-1.));
#3171=DIRECTION('center_axis',(-0.739971793793508,-0.672637899906048,0.));
#3172=DIRECTION('ref_axis',(-0.672637899906048,0.739971793793508,0.));
#3173=DIRECTION('',(0.672637899906047,-0.739971793793508,0.));
#3174=DIRECTION('',(-0.672637899906047,0.739971793793508,0.));
#3175=DIRECTION('',(0.,0.,-1.));
#3176=DIRECTION('center_axis',(0.,0.,-1.));
#3177=DIRECTION('ref_axis',(1.,-3.30402372128667E-12,0.));
#3178=DIRECTION('center_axis',(0.,0.,-1.));
#3179=DIRECTION('ref_axis',(1.,-3.30402372128667E-12,0.));
#3180=DIRECTION('center_axis',(0.,0.,1.));
#3181=DIRECTION('ref_axis',(1.,-3.30402372128667E-12,0.));
#3182=DIRECTION('center_axis',(0.,0.,-1.));
#3183=DIRECTION('ref_axis',(-1.,0.,0.));
#3184=DIRECTION('center_axis',(0.,0.,1.));
#3185=DIRECTION('ref_axis',(-1.,0.,0.));
#3186=DIRECTION('',(0.,0.,1.));
#3187=DIRECTION('center_axis',(0.,0.,-1.));
#3188=DIRECTION('ref_axis',(-1.,0.,0.));
#3189=DIRECTION('center_axis',(0.,0.,-1.));
#3190=DIRECTION('ref_axis',(-1.,0.,0.));
#3191=DIRECTION('center_axis',(0.,0.,1.));
#3192=DIRECTION('ref_axis',(-1.,0.,0.));
#3193=DIRECTION('',(0.,0.,1.));
#3194=DIRECTION('center_axis',(0.,0.,-1.));
#3195=DIRECTION('ref_axis',(-1.,0.,0.));
#3196=DIRECTION('center_axis',(0.,0.,-1.));
#3197=DIRECTION('ref_axis',(-1.,0.,0.));
#3198=DIRECTION('center_axis',(0.,0.,1.));
#3199=DIRECTION('ref_axis',(-1.,0.,0.));
#3200=DIRECTION('',(0.,0.,1.));
#3201=DIRECTION('center_axis',(0.,0.,-1.));
#3202=DIRECTION('ref_axis',(-1.,0.,0.));
#3203=DIRECTION('center_axis',(0.76341863921768,0.64590400315761,0.));
#3204=DIRECTION('ref_axis',(0.64590400315761,-0.76341863921768,0.));
#3205=DIRECTION('',(-0.64590400315761,0.76341863921768,0.));
#3206=DIRECTION('',(0.,0.,-1.));
#3207=DIRECTION('',(0.64590400315761,-0.76341863921768,0.));
#3208=DIRECTION('',(0.,0.,-1.));
#3209=DIRECTION('center_axis',(0.,0.,-1.));
#3210=DIRECTION('ref_axis',(-0.761094121860007,0.648641455405175,0.));
#3211=DIRECTION('center_axis',(0.,0.,-1.));
#3212=DIRECTION('ref_axis',(-0.761094121860007,0.648641455405175,0.));
#3213=DIRECTION('center_axis',(0.,0.,1.));
#3214=DIRECTION('ref_axis',(-0.761094121860007,0.648641455405175,0.));
#3215=DIRECTION('',(0.,0.,-1.));
#3216=DIRECTION('center_axis',(0.761094121863868,-0.648641455400645,0.));
#3217=DIRECTION('ref_axis',(-0.648641455400645,-0.761094121863868,0.));
#3218=DIRECTION('',(0.648641455400645,0.761094121863868,0.));
#3219=DIRECTION('',(-0.648641455400645,-0.761094121863868,0.));
#3220=DIRECTION('',(0.,0.,-1.));
#3221=DIRECTION('center_axis',(0.,0.,-1.));
#3222=DIRECTION('ref_axis',(0.761094121858936,0.648641455406433,0.));
#3223=DIRECTION('center_axis',(0.,0.,-1.));
#3224=DIRECTION('ref_axis',(0.761094121858936,0.648641455406433,0.));
#3225=DIRECTION('center_axis',(0.,0.,1.));
#3226=DIRECTION('ref_axis',(0.761094121858936,0.648641455406433,0.));
#3227=DIRECTION('',(0.,0.,-1.));
#3228=DIRECTION('center_axis',(-0.761094121857871,-0.648641455407682,0.));
#3229=DIRECTION('ref_axis',(-0.648641455407682,0.761094121857871,0.));
#3230=DIRECTION('',(0.648641455407682,-0.761094121857871,0.));
#3231=DIRECTION('',(-0.648641455407682,0.761094121857871,0.));
#3232=DIRECTION('',(0.,0.,-1.));
#3233=DIRECTION('center_axis',(0.,0.,-1.));
#3234=DIRECTION('ref_axis',(0.763418639213312,-0.645904003162773,0.));
#3235=DIRECTION('center_axis',(0.,0.,-1.));
#3236=DIRECTION('ref_axis',(0.763418639213312,-0.645904003162773,0.));
#3237=DIRECTION('center_axis',(0.,0.,1.));
#3238=DIRECTION('ref_axis',(0.763418639213312,-0.645904003162773,0.));
#3239=DIRECTION('',(0.,0.,-1.));
#3240=DIRECTION('center_axis',(-0.7634186392137,0.645904003162314,0.));
#3241=DIRECTION('ref_axis',(0.645904003162314,0.7634186392137,0.));
#3242=DIRECTION('',(-0.645904003162314,-0.7634186392137,0.));
#3243=DIRECTION('',(0.645904003162314,0.7634186392137,0.));
#3244=DIRECTION('',(0.,0.,-1.));
#3245=DIRECTION('center_axis',(0.,0.,-1.));
#3246=DIRECTION('ref_axis',(6.80011602582905E-15,-1.,0.));
#3247=DIRECTION('center_axis',(0.,0.,-1.));
#3248=DIRECTION('ref_axis',(6.80011602582905E-15,-1.,0.));
#3249=DIRECTION('center_axis',(0.,0.,1.));
#3250=DIRECTION('ref_axis',(6.80011602582905E-15,-1.,0.));
#3251=DIRECTION('',(0.,0.,-1.));
#3252=DIRECTION('center_axis',(-1.92840581298143E-12,1.,0.));
#3253=DIRECTION('ref_axis',(1.,1.92840581298143E-12,0.));
#3254=DIRECTION('',(-1.,-1.92840581298143E-12,0.));
#3255=DIRECTION('',(1.,1.92840581298143E-12,0.));
#3256=DIRECTION('',(0.,0.,-1.));
#3257=DIRECTION('center_axis',(0.,0.,-1.));
#3258=DIRECTION('ref_axis',(-0.763418639217795,-0.645904003157474,0.));
#3259=DIRECTION('center_axis',(0.,0.,-1.));
#3260=DIRECTION('ref_axis',(-0.763418639217795,-0.645904003157474,0.));
#3261=DIRECTION('center_axis',(0.,0.,1.));
#3262=DIRECTION('ref_axis',(-0.763418639217795,-0.645904003157474,0.));
#3263=DIRECTION('center_axis',(0.,0.,-1.));
#3264=DIRECTION('ref_axis',(-1.,0.,0.));
#3265=DIRECTION('center_axis',(0.,0.,1.));
#3266=DIRECTION('ref_axis',(-1.,0.,0.));
#3267=DIRECTION('',(0.,0.,1.));
#3268=DIRECTION('center_axis',(0.,0.,-1.));
#3269=DIRECTION('ref_axis',(-1.,0.,0.));
#3270=DIRECTION('center_axis',(0.,0.,-1.));
#3271=DIRECTION('ref_axis',(-1.,0.,0.));
#3272=DIRECTION('center_axis',(0.,0.,1.));
#3273=DIRECTION('ref_axis',(-1.,0.,0.));
#3274=DIRECTION('',(0.,0.,1.));
#3275=DIRECTION('center_axis',(0.,0.,-1.));
#3276=DIRECTION('ref_axis',(-1.,0.,0.));
#3277=DIRECTION('center_axis',(0.,0.,-1.));
#3278=DIRECTION('ref_axis',(-1.,0.,0.));
#3279=DIRECTION('center_axis',(0.,0.,1.));
#3280=DIRECTION('ref_axis',(-1.,0.,0.));
#3281=DIRECTION('',(0.,0.,1.));
#3282=DIRECTION('center_axis',(0.,0.,-1.));
#3283=DIRECTION('ref_axis',(-1.,0.,0.));
#3284=DIRECTION('center_axis',(1.,-6.56577871653407E-17,0.));
#3285=DIRECTION('ref_axis',(-6.56577871653407E-17,-1.,0.));
#3286=DIRECTION('',(6.56577871653407E-17,1.,0.));
#3287=DIRECTION('',(0.,0.,-1.));
#3288=DIRECTION('',(-6.56577871653407E-17,-1.,0.));
#3289=DIRECTION('',(0.,0.,-1.));
#3290=DIRECTION('center_axis',(0.,0.,-1.));
#3291=DIRECTION('ref_axis',(-0.739971793795351,0.67263789990402,0.));
#3292=DIRECTION('center_axis',(0.,0.,-1.));
#3293=DIRECTION('ref_axis',(-0.739971793795351,0.67263789990402,0.));
#3294=DIRECTION('center_axis',(0.,0.,1.));
#3295=DIRECTION('ref_axis',(-0.739971793795351,0.67263789990402,0.));
#3296=DIRECTION('',(0.,0.,-1.));
#3297=DIRECTION('center_axis',(0.739971793793119,-0.672637899906475,0.));
#3298=DIRECTION('ref_axis',(-0.672637899906475,-0.739971793793119,0.));
#3299=DIRECTION('',(0.672637899906475,0.739971793793119,0.));
#3300=DIRECTION('',(-0.672637899906475,-0.739971793793119,0.));
#3301=DIRECTION('',(0.,0.,-1.));
#3302=DIRECTION('center_axis',(0.,0.,-1.));
#3303=DIRECTION('ref_axis',(1.,0.,0.));
#3304=DIRECTION('center_axis',(0.,0.,-1.));
#3305=DIRECTION('ref_axis',(1.,0.,0.));
#3306=DIRECTION('center_axis',(0.,0.,1.));
#3307=DIRECTION('ref_axis',(1.,0.,0.));
#3308=DIRECTION('',(0.,0.,-1.));
#3309=DIRECTION('center_axis',(-1.,5.43662970824215E-14,0.));
#3310=DIRECTION('ref_axis',(5.43662970824215E-14,1.,0.));
#3311=DIRECTION('',(-5.43662970824215E-14,-1.,0.));
#3312=DIRECTION('',(5.43662970824215E-14,1.,0.));
#3313=DIRECTION('',(0.,0.,-1.));
#3314=DIRECTION('center_axis',(0.,0.,-1.));
#3315=DIRECTION('ref_axis',(-0.761094121858562,-0.648641455406872,0.));
#3316=DIRECTION('center_axis',(0.,0.,-1.));
#3317=DIRECTION('ref_axis',(-0.761094121858562,-0.648641455406872,0.));
#3318=DIRECTION('center_axis',(0.,0.,1.));
#3319=DIRECTION('ref_axis',(-0.761094121858562,-0.648641455406872,0.));
#3320=DIRECTION('',(0.,0.,-1.));
#3321=DIRECTION('center_axis',(0.761094121857972,0.648641455407564,0.));
#3322=DIRECTION('ref_axis',(0.648641455407564,-0.761094121857972,0.));
#3323=DIRECTION('',(-0.648641455407564,0.761094121857972,0.));
#3324=DIRECTION('',(0.648641455407564,-0.761094121857972,0.));
#3325=DIRECTION('',(0.,0.,-1.));
#3326=DIRECTION('center_axis',(0.,0.,-1.));
#3327=DIRECTION('ref_axis',(-1.,1.40332190312621E-12,0.));
#3328=DIRECTION('center_axis',(0.,0.,-1.));
#3329=DIRECTION('ref_axis',(-1.,1.40332190312621E-12,0.));
#3330=DIRECTION('center_axis',(0.,0.,1.));
#3331=DIRECTION('ref_axis',(-1.,1.40332190312621E-12,0.));
#3332=DIRECTION('center_axis',(0.,0.,-1.));
#3333=DIRECTION('ref_axis',(-1.,0.,0.));
#3334=DIRECTION('center_axis',(0.,0.,1.));
#3335=DIRECTION('ref_axis',(-1.,0.,0.));
#3336=DIRECTION('',(0.,0.,1.));
#3337=DIRECTION('center_axis',(0.,0.,-1.));
#3338=DIRECTION('ref_axis',(-1.,0.,0.));
#3339=DIRECTION('center_axis',(0.,0.,-1.));
#3340=DIRECTION('ref_axis',(-1.,0.,0.));
#3341=DIRECTION('center_axis',(0.,0.,1.));
#3342=DIRECTION('ref_axis',(-1.,0.,0.));
#3343=DIRECTION('',(0.,0.,1.));
#3344=DIRECTION('center_axis',(0.,0.,-1.));
#3345=DIRECTION('ref_axis',(-1.,0.,0.));
#3346=DIRECTION('center_axis',(0.,0.,-1.));
#3347=DIRECTION('ref_axis',(-1.,0.,0.));
#3348=DIRECTION('center_axis',(0.,0.,1.));
#3349=DIRECTION('ref_axis',(-1.,0.,0.));
#3350=DIRECTION('',(0.,0.,1.));
#3351=DIRECTION('center_axis',(0.,0.,-1.));
#3352=DIRECTION('ref_axis',(-1.,0.,0.));
#3353=DIRECTION('center_axis',(0.,0.,-1.));
#3354=DIRECTION('ref_axis',(-1.,0.,0.));
#3355=DIRECTION('center_axis',(0.,0.,1.));
#3356=DIRECTION('ref_axis',(-1.,0.,0.));
#3357=DIRECTION('',(0.,0.,1.));
#3358=DIRECTION('center_axis',(0.,0.,-1.));
#3359=DIRECTION('ref_axis',(-1.,0.,0.));
#3360=DIRECTION('center_axis',(0.,0.,-1.));
#3361=DIRECTION('ref_axis',(-1.,0.,0.));
#3362=DIRECTION('center_axis',(0.,0.,1.));
#3363=DIRECTION('ref_axis',(-1.,0.,0.));
#3364=DIRECTION('',(0.,0.,1.));
#3365=DIRECTION('center_axis',(0.,0.,-1.));
#3366=DIRECTION('ref_axis',(-1.,0.,0.));
#3367=DIRECTION('center_axis',(0.,0.,-1.));
#3368=DIRECTION('ref_axis',(1.,1.4033219031262E-13,0.));
#3369=DIRECTION('center_axis',(0.,0.,1.));
#3370=DIRECTION('ref_axis',(1.,1.4033219031262E-13,0.));
#3371=DIRECTION('center_axis',(0.,0.,1.));
#3372=DIRECTION('ref_axis',(1.,1.4033219031262E-13,0.));
#3373=DIRECTION('',(0.,0.,-1.));
#3374=DIRECTION('center_axis',(-1.,2.70961261816024E-15,0.));
#3375=DIRECTION('ref_axis',(2.70961261816024E-15,1.,0.));
#3376=DIRECTION('',(-2.70961261816024E-15,-1.,0.));
#3377=DIRECTION('',(2.70961261816024E-15,1.,0.));
#3378=DIRECTION('',(0.,0.,-1.));
#3379=DIRECTION('center_axis',(0.,0.,-1.));
#3380=DIRECTION('ref_axis',(-1.,-1.77635683940025E-15,0.));
#3381=DIRECTION('center_axis',(0.,0.,1.));
#3382=DIRECTION('ref_axis',(-1.,-1.77635683940025E-15,0.));
#3383=DIRECTION('center_axis',(0.,0.,-1.));
#3384=DIRECTION('ref_axis',(-1.,-1.77635683940025E-15,0.));
#3385=DIRECTION('',(0.,0.,-1.));
#3386=DIRECTION('center_axis',(-0.262910333171284,-0.964820271714771,0.));
#3387=DIRECTION('ref_axis',(-0.964820271714771,0.262910333171284,0.));
#3388=DIRECTION('',(0.964820271714771,-0.262910333171284,0.));
#3389=DIRECTION('',(-0.964820271714771,0.262910333171284,0.));
#3390=DIRECTION('',(0.,0.,-1.));
#3391=DIRECTION('center_axis',(0.,0.,-1.));
#3392=DIRECTION('ref_axis',(-0.262910333171086,-0.964820271714825,0.));
#3393=DIRECTION('center_axis',(0.,0.,1.));
#3394=DIRECTION('ref_axis',(-0.262910333171086,-0.964820271714825,0.));
#3395=DIRECTION('center_axis',(0.,0.,-1.));
#3396=DIRECTION('ref_axis',(-0.262910333171086,-0.964820271714825,0.));
#3397=DIRECTION('',(0.,0.,-1.));
#3398=DIRECTION('center_axis',(0.761094121856929,-0.648641455408788,0.));
#3399=DIRECTION('ref_axis',(-0.648641455408788,-0.761094121856929,0.));
#3400=DIRECTION('',(0.648641455408788,0.761094121856929,0.));
#3401=DIRECTION('',(-0.648641455408788,-0.761094121856929,0.));
#3402=DIRECTION('',(0.,0.,-1.));
#3403=DIRECTION('center_axis',(0.,0.,-1.));
#3404=DIRECTION('ref_axis',(8.61949400742073E-13,1.,0.));
#3405=DIRECTION('center_axis',(0.,0.,1.));
#3406=DIRECTION('ref_axis',(8.61949400742073E-13,1.,0.));
#3407=DIRECTION('center_axis',(0.,0.,1.));
#3408=DIRECTION('ref_axis',(8.61949400742073E-13,1.,0.));
#3409=DIRECTION('',(0.,0.,-1.));
#3410=DIRECTION('center_axis',(0.,-1.,0.));
#3411=DIRECTION('ref_axis',(-1.,0.,0.));
#3412=DIRECTION('',(1.,0.,0.));
#3413=DIRECTION('',(-1.,0.,0.));
#3414=DIRECTION('',(0.,0.,-1.));
#3415=DIRECTION('center_axis',(0.,0.,-1.));
#3416=DIRECTION('ref_axis',(0.761094121857042,0.648641455408655,0.));
#3417=DIRECTION('center_axis',(0.,0.,1.));
#3418=DIRECTION('ref_axis',(0.761094121857042,0.648641455408655,0.));
#3419=DIRECTION('center_axis',(0.,0.,1.));
#3420=DIRECTION('ref_axis',(0.761094121857042,0.648641455408655,0.));
#3421=DIRECTION('',(0.,0.,-1.));
#3422=DIRECTION('center_axis',(-0.761094121856935,-0.64864145540878,0.));
#3423=DIRECTION('ref_axis',(-0.64864145540878,0.761094121856935,0.));
#3424=DIRECTION('',(0.64864145540878,-0.761094121856935,0.));
#3425=DIRECTION('',(-0.64864145540878,0.761094121856935,0.));
#3426=DIRECTION('',(0.,0.,-1.));
#3427=DIRECTION('center_axis',(0.,0.,-1.));
#3428=DIRECTION('ref_axis',(-0.761094121857773,-0.648641455407797,0.));
#3429=DIRECTION('center_axis',(0.,0.,1.));
#3430=DIRECTION('ref_axis',(-0.761094121857773,-0.648641455407797,0.));
#3431=DIRECTION('center_axis',(0.,0.,-1.));
#3432=DIRECTION('ref_axis',(-0.761094121857773,-0.648641455407797,0.));
#3433=DIRECTION('',(0.,0.,-1.));
#3434=DIRECTION('center_axis',(0.262910333171276,-0.964820271714773,0.));
#3435=DIRECTION('ref_axis',(-0.964820271714773,-0.262910333171276,0.));
#3436=DIRECTION('',(0.964820271714773,0.262910333171276,0.));
#3437=DIRECTION('',(-0.964820271714773,-0.262910333171276,0.));
#3438=DIRECTION('',(0.,0.,-1.));
#3439=DIRECTION('center_axis',(0.,0.,-1.));
#3440=DIRECTION('ref_axis',(0.262910333171039,-0.964820271714838,0.));
#3441=DIRECTION('center_axis',(0.,0.,1.));
#3442=DIRECTION('ref_axis',(0.262910333171039,-0.964820271714838,0.));
#3443=DIRECTION('center_axis',(0.,0.,-1.));
#3444=DIRECTION('ref_axis',(0.262910333171039,-0.964820271714838,0.));
#3445=DIRECTION('',(0.,0.,-1.));
#3446=DIRECTION('center_axis',(1.,-1.80640841210683E-16,0.));
#3447=DIRECTION('ref_axis',(-1.80640841210683E-16,-1.,0.));
#3448=DIRECTION('',(1.80640841210683E-16,1.,0.));
#3449=DIRECTION('',(-1.80640841210683E-16,-1.,0.));
#3450=DIRECTION('',(0.,0.,-1.));
#3451=DIRECTION('center_axis',(0.,0.,-1.));
#3452=DIRECTION('ref_axis',(-0.829391558983111,0.558667738362942,0.));
#3453=DIRECTION('center_axis',(0.,0.,1.));
#3454=DIRECTION('ref_axis',(-0.829391558983111,0.558667738362942,0.));
#3455=DIRECTION('center_axis',(0.,0.,1.));
#3456=DIRECTION('ref_axis',(-0.829391558983111,0.558667738362942,0.));
#3457=DIRECTION('center_axis',(-0.636644847818107,-0.771157142057739,0.));
#3458=DIRECTION('ref_axis',(-0.771157142057739,0.636644847818107,0.));
#3459=DIRECTION('',(-0.771157142057739,0.636644847818107,0.));
#3460=DIRECTION('',(0.,0.,-1.));
#3461=DIRECTION('',(0.771157142057739,-0.636644847818107,0.));
#3462=DIRECTION('center_axis',(0.,0.,-1.));
#3463=DIRECTION('ref_axis',(0.873793374947844,-0.486297375992568,0.));
#3464=DIRECTION('center_axis',(0.,0.,1.));
#3465=DIRECTION('ref_axis',(0.873793374947844,-0.486297375992568,0.));
#3466=DIRECTION('center_axis',(0.,0.,1.));
#3467=DIRECTION('ref_axis',(0.873793374947844,-0.486297375992568,0.));
#3468=DIRECTION('',(0.,0.,-1.));
#3469=DIRECTION('center_axis',(-0.873793374947484,0.486297375993215,0.));
#3470=DIRECTION('ref_axis',(0.486297375993215,0.873793374947484,0.));
#3471=DIRECTION('',(-0.486297375993215,-0.873793374947484,0.));
#3472=DIRECTION('',(0.486297375993215,0.873793374947484,0.));
#3473=DIRECTION('',(0.,0.,-1.));
#3474=DIRECTION('center_axis',(0.,0.,-1.));
#3475=DIRECTION('ref_axis',(-0.873793374947441,-0.486297375993291,0.));
#3476=DIRECTION('center_axis',(0.,0.,1.));
#3477=DIRECTION('ref_axis',(-0.873793374947441,-0.486297375993291,0.));
#3478=DIRECTION('center_axis',(0.,0.,1.));
#3479=DIRECTION('ref_axis',(-0.873793374947441,-0.486297375993291,0.));
#3480=DIRECTION('',(0.,0.,-1.));
#3481=DIRECTION('center_axis',(0.873793374947491,0.486297375993202,0.));
#3482=DIRECTION('ref_axis',(0.486297375993202,-0.873793374947491,0.));
#3483=DIRECTION('',(-0.486297375993202,0.873793374947491,0.));
#3484=DIRECTION('',(0.486297375993202,-0.873793374947491,0.));
#3485=DIRECTION('',(0.,0.,-1.));
#3486=DIRECTION('center_axis',(0.,0.,-1.));
#3487=DIRECTION('ref_axis',(-0.636644847818726,0.771157142057228,0.));
#3488=DIRECTION('center_axis',(0.,0.,1.));
#3489=DIRECTION('ref_axis',(-0.636644847818726,0.771157142057228,0.));
#3490=DIRECTION('center_axis',(0.,0.,1.));
#3491=DIRECTION('ref_axis',(-0.636644847818726,0.771157142057228,0.));
#3492=DIRECTION('',(0.,0.,-1.));
#3493=DIRECTION('center_axis',(0.636644847818174,-0.771157142057684,0.));
#3494=DIRECTION('ref_axis',(-0.771157142057684,-0.636644847818174,0.));
#3495=DIRECTION('',(0.771157142057684,0.636644847818174,0.));
#3496=DIRECTION('',(-0.771157142057684,-0.636644847818174,0.));
#3497=DIRECTION('center_axis',(0.,0.,1.));
#3498=DIRECTION('ref_axis',(-0.804268990745577,-0.59426542094008,0.));
#3499=DIRECTION('center_axis',(0.,0.,1.));
#3500=DIRECTION('ref_axis',(-0.804268990745577,-0.59426542094008,0.));
#3501=DIRECTION('',(0.,0.,1.));
#3502=DIRECTION('center_axis',(0.,0.,1.));
#3503=DIRECTION('ref_axis',(-0.804268990745577,-0.59426542094008,0.));
#3504=DIRECTION('center_axis',(0.,0.,1.));
#3505=DIRECTION('ref_axis',(1.,0.,0.));
#3506=DIRECTION('center_axis',(0.,0.,-1.));
#3507=DIRECTION('ref_axis',(1.,0.,0.));
#3508=DIRECTION('',(-0.707106781186547,-8.65956056235493E-17,0.707106781186548));
#3509=DIRECTION('center_axis',(0.,0.,1.));
#3510=DIRECTION('ref_axis',(1.,0.,0.));
#3511=DIRECTION('center_axis',(0.,0.,1.));
#3512=DIRECTION('ref_axis',(1.,0.,0.));
#3513=DIRECTION('center_axis',(0.,0.,1.));
#3514=DIRECTION('ref_axis',(-0.428755335002016,-0.903420645495391,0.));
#3515=DIRECTION('',(0.594265420939402,0.804268990746078,0.));
#3516=DIRECTION('center_axis',(0.,0.,1.));
#3517=DIRECTION('ref_axis',(0.804268990746591,-0.594265420938708,0.));
#3518=DIRECTION('',(-0.650242328475227,0.75972686819614,0.));
#3519=DIRECTION('center_axis',(0.,0.,-1.));
#3520=DIRECTION('ref_axis',(-0.759726868197926,0.65024232847314,0.));
#3521=DIRECTION('',(0.650242328473253,0.75972686819783,0.));
#3522=DIRECTION('center_axis',(0.,0.,1.));
#3523=DIRECTION('ref_axis',(0.759726868197585,-0.650242328473539,0.));
#3524=DIRECTION('',(-0.594265420941035,0.804268990744872,0.));
#3525=DIRECTION('center_axis',(0.,0.,1.));
#3526=DIRECTION('ref_axis',(0.804268990745012,0.594265420940846,0.));
#3527=DIRECTION('',(-0.90342064549407,-0.4287553350048,0.));
#3528=DIRECTION('center_axis',(0.,0.,-1.));
#3529=DIRECTION('ref_axis',(-1.66533453693773E-16,-1.,0.));
#3530=DIRECTION('',(-1.,0.,0.));
#3531=DIRECTION('center_axis',(0.,0.,-1.));
#3532=DIRECTION('ref_axis',(-0.428755335003371,-0.903420645494748,0.));
#3533=DIRECTION('',(-0.903420645494654,0.428755335003568,0.));
#3534=DIRECTION('center_axis',(0.,0.,1.));
#3535=DIRECTION('ref_axis',(0.42875533500345,0.90342064549471,0.));
#3536=DIRECTION('',(-0.594265420939869,-0.804268990745733,0.));
#3537=DIRECTION('center_axis',(0.,0.,1.));
#3538=DIRECTION('ref_axis',(-0.804268990745791,0.594265420939791,0.));
#3539=DIRECTION('',(0.650242328474237,-0.759726868196987,0.));
#3540=DIRECTION('center_axis',(0.,0.,-1.));
#3541=DIRECTION('ref_axis',(0.759726868196625,-0.65024232847466,0.));
#3542=DIRECTION('',(-0.650242328474247,-0.759726868196979,0.));
#3543=DIRECTION('center_axis',(0.,0.,1.));
#3544=DIRECTION('ref_axis',(-0.759726868197113,0.65024232847409,0.));
#3545=DIRECTION('',(0.594265420940035,-0.80426899074561,0.));
#3546=DIRECTION('center_axis',(0.,0.,1.));
#3547=DIRECTION('ref_axis',(1.,0.,0.));
#3548=DIRECTION('center_axis',(0.,0.,1.));
#3549=DIRECTION('ref_axis',(1.,0.,0.));
#3550=DIRECTION('center_axis',(0.,0.,1.));
#3551=DIRECTION('ref_axis',(1.,0.,0.));
#3552=DIRECTION('center_axis',(0.,0.,1.));
#3553=DIRECTION('ref_axis',(1.,0.,0.));
#3554=DIRECTION('center_axis',(0.,0.,-1.));
#3555=DIRECTION('ref_axis',(1.,0.,0.));
#3556=DIRECTION('center_axis',(0.,0.,-1.));
#3557=DIRECTION('ref_axis',(1.,0.,0.));
#3558=DIRECTION('center_axis',(0.,0.,-1.));
#3559=DIRECTION('ref_axis',(1.,0.,0.));
#3560=DIRECTION('center_axis',(0.,0.,-1.));
#3561=DIRECTION('ref_axis',(1.,0.,0.));
#3562=DIRECTION('center_axis',(0.,0.,1.));
#3563=DIRECTION('ref_axis',(1.,0.,0.));
#3564=DIRECTION('center_axis',(0.,0.,1.));
#3565=DIRECTION('ref_axis',(1.,0.,0.));
#3566=DIRECTION('center_axis',(0.,0.,1.));
#3567=DIRECTION('ref_axis',(1.,0.,0.));
#3568=DIRECTION('center_axis',(0.,0.,1.));
#3569=DIRECTION('ref_axis',(1.,0.,0.));
#3570=DIRECTION('center_axis',(0.,0.,-1.));
#3571=DIRECTION('ref_axis',(1.,0.,0.));
#3572=DIRECTION('',(0.,0.,1.));
#3573=DIRECTION('center_axis',(0.,0.,1.));
#3574=DIRECTION('ref_axis',(1.,0.,0.));
#3575=DIRECTION('center_axis',(0.,0.,-1.));
#3576=DIRECTION('ref_axis',(1.,0.,0.));
#3577=DIRECTION('',(-0.707106781186548,-8.65956056235494E-17,0.707106781186547));
#3578=DIRECTION('center_axis',(0.,0.,1.));
#3579=DIRECTION('ref_axis',(1.,0.,0.));
#3580=DIRECTION('center_axis',(0.,0.,-1.));
#3581=DIRECTION('ref_axis',(1.,0.,0.));
#3582=DIRECTION('',(0.,0.,1.));
#3583=DIRECTION('center_axis',(0.,0.,1.));
#3584=DIRECTION('ref_axis',(1.,0.,0.));
#3585=DIRECTION('center_axis',(0.,0.,-1.));
#3586=DIRECTION('ref_axis',(1.,0.,0.));
#3587=DIRECTION('',(-0.707106781186548,-8.65956056235494E-17,0.707106781186547));
#3588=DIRECTION('center_axis',(0.,0.,1.));
#3589=DIRECTION('ref_axis',(1.,0.,0.));
#3590=DIRECTION('center_axis',(0.,0.,-1.));
#3591=DIRECTION('ref_axis',(1.,0.,0.));
#3592=DIRECTION('',(0.,0.,1.));
#3593=DIRECTION('center_axis',(0.,0.,1.));
#3594=DIRECTION('ref_axis',(1.,0.,0.));
#3595=DIRECTION('center_axis',(0.,0.,-1.));
#3596=DIRECTION('ref_axis',(1.,0.,0.));
#3597=DIRECTION('',(-0.707106781186547,-8.65956056235493E-17,0.707106781186548));
#3598=DIRECTION('center_axis',(0.,0.,1.));
#3599=DIRECTION('ref_axis',(1.,0.,0.));
#3600=DIRECTION('center_axis',(0.,0.,-1.));
#3601=DIRECTION('ref_axis',(1.,0.,0.));
#3602=DIRECTION('',(0.,0.,1.));
#3603=DIRECTION('center_axis',(0.,0.,1.));
#3604=DIRECTION('ref_axis',(1.,0.,0.));
#3605=DIRECTION('center_axis',(0.,0.,-1.));
#3606=DIRECTION('ref_axis',(1.,0.,0.));
#3607=DIRECTION('',(-0.707106781186547,-8.65956056235493E-17,0.707106781186548));
#3608=DIRECTION('center_axis',(0.,0.,1.));
#3609=DIRECTION('ref_axis',(1.,0.,0.));
#3610=DIRECTION('center_axis',(0.,0.,-1.));
#3611=DIRECTION('ref_axis',(1.,0.,0.));
#3612=DIRECTION('',(0.,0.,1.));
#3613=DIRECTION('center_axis',(0.,0.,1.));
#3614=DIRECTION('ref_axis',(1.,0.,0.));
#3615=DIRECTION('center_axis',(0.,0.,-1.));
#3616=DIRECTION('ref_axis',(1.,0.,0.));
#3617=DIRECTION('',(-0.707106781186547,-8.65956056235493E-17,0.707106781186548));
#3618=DIRECTION('center_axis',(0.,0.,1.));
#3619=DIRECTION('ref_axis',(1.,0.,0.));
#3620=DIRECTION('center_axis',(0.,0.,-1.));
#3621=DIRECTION('ref_axis',(1.,0.,0.));
#3622=DIRECTION('',(0.,0.,1.));
#3623=DIRECTION('center_axis',(0.,0.,1.));
#3624=DIRECTION('ref_axis',(1.,0.,0.));
#3625=DIRECTION('center_axis',(0.,0.,-1.));
#3626=DIRECTION('ref_axis',(1.,0.,0.));
#3627=DIRECTION('',(-0.707106781186547,-8.65956056235493E-17,0.707106781186548));
#3628=DIRECTION('center_axis',(0.,0.,1.));
#3629=DIRECTION('ref_axis',(1.,0.,0.));
#3630=DIRECTION('center_axis',(0.,0.,-1.));
#3631=DIRECTION('ref_axis',(1.,0.,0.));
#3632=DIRECTION('',(0.,0.,1.));
#3633=DIRECTION('center_axis',(0.,0.,1.));
#3634=DIRECTION('ref_axis',(1.,0.,0.));
#3635=DIRECTION('center_axis',(0.,0.,-1.));
#3636=DIRECTION('ref_axis',(1.,0.,0.));
#3637=DIRECTION('',(-0.707106781186547,-8.65956056235493E-17,0.707106781186548));
#3638=DIRECTION('center_axis',(0.,0.,1.));
#3639=DIRECTION('ref_axis',(1.,0.,0.));
#3640=DIRECTION('center_axis',(0.,0.,-1.));
#3641=DIRECTION('ref_axis',(1.,0.,0.));
#3642=DIRECTION('',(0.,0.,1.));
#3643=DIRECTION('center_axis',(0.,0.,1.));
#3644=DIRECTION('ref_axis',(1.,0.,0.));
#3645=DIRECTION('center_axis',(0.,0.,-1.));
#3646=DIRECTION('ref_axis',(1.,0.,0.));
#3647=DIRECTION('',(0.,0.,1.));
#3648=DIRECTION('center_axis',(0.,0.,1.));
#3649=DIRECTION('ref_axis',(1.,0.,0.));
#3650=DIRECTION('center_axis',(0.,0.,-1.));
#3651=DIRECTION('ref_axis',(1.,0.,0.));
#3652=DIRECTION('',(0.,0.,1.));
#3653=DIRECTION('center_axis',(0.,0.,1.));
#3654=DIRECTION('ref_axis',(1.,0.,0.));
#3655=DIRECTION('center_axis',(0.,0.,-1.));
#3656=DIRECTION('ref_axis',(1.,0.,0.));
#3657=DIRECTION('',(0.,0.,1.));
#3658=DIRECTION('center_axis',(0.,0.,1.));
#3659=DIRECTION('ref_axis',(1.,0.,0.));
#3660=DIRECTION('center_axis',(0.,0.,-1.));
#3661=DIRECTION('ref_axis',(1.,0.,0.));
#3662=DIRECTION('',(0.,0.,1.));
#3663=DIRECTION('center_axis',(0.,0.,1.));
#3664=DIRECTION('ref_axis',(-1.66533453693773E-16,-1.,0.));
#3665=DIRECTION('center_axis',(0.,0.,1.));
#3666=DIRECTION('ref_axis',(-1.66533453693773E-16,-1.,0.));
#3667=DIRECTION('',(0.,0.,1.));
#3668=DIRECTION('',(0.,0.,1.));
#3669=DIRECTION('center_axis',(-0.4287553350048,0.90342064549407,0.));
#3670=DIRECTION('ref_axis',(-0.90342064549407,-0.4287553350048,0.));
#3671=DIRECTION('',(0.90342064549407,0.4287553350048,0.));
#3672=DIRECTION('',(0.,0.,1.));
#3673=DIRECTION('center_axis',(0.,0.,1.));
#3674=DIRECTION('ref_axis',(0.804268990745012,0.594265420940846,0.));
#3675=DIRECTION('center_axis',(0.,0.,1.));
#3676=DIRECTION('ref_axis',(0.804268990745012,0.594265420940846,0.));
#3677=DIRECTION('',(0.,0.,1.));
#3678=DIRECTION('center_axis',(0.804268990744872,0.594265420941035,0.));
#3679=DIRECTION('ref_axis',(-0.594265420941035,0.804268990744872,0.));
#3680=DIRECTION('',(-0.594265420941035,0.804268990744872,0.));
#3681=DIRECTION('',(0.,0.,1.));
#3682=DIRECTION('center_axis',(0.,0.,1.));
#3683=DIRECTION('ref_axis',(0.759726868197585,-0.650242328473539,0.));
#3684=DIRECTION('center_axis',(0.,0.,1.));
#3685=DIRECTION('ref_axis',(0.759726868197585,-0.650242328473539,0.));
#3686=DIRECTION('',(0.,0.,1.));
#3687=DIRECTION('center_axis',(0.75972686819783,-0.650242328473253,0.));
#3688=DIRECTION('ref_axis',(0.650242328473253,0.75972686819783,0.));
#3689=DIRECTION('',(-0.650242328473253,-0.75972686819783,0.));
#3690=DIRECTION('',(0.,0.,1.));
#3691=DIRECTION('center_axis',(0.,0.,1.));
#3692=DIRECTION('ref_axis',(-0.759726868197926,0.65024232847314,0.));
#3693=DIRECTION('center_axis',(0.,0.,1.));
#3694=DIRECTION('ref_axis',(-0.759726868197926,0.65024232847314,0.));
#3695=DIRECTION('',(0.,0.,1.));
#3696=DIRECTION('center_axis',(0.75972686819614,0.650242328475227,0.));
#3697=DIRECTION('ref_axis',(-0.650242328475227,0.75972686819614,0.));
#3698=DIRECTION('',(0.650242328475227,-0.75972686819614,0.));
#3699=DIRECTION('',(0.,0.,1.));
#3700=DIRECTION('center_axis',(0.,0.,1.));
#3701=DIRECTION('ref_axis',(0.804268990746591,-0.594265420938708,0.));
#3702=DIRECTION('center_axis',(0.,0.,1.));
#3703=DIRECTION('ref_axis',(0.804268990746591,-0.594265420938708,0.));
#3704=DIRECTION('',(0.,0.,1.));
#3705=DIRECTION('center_axis',(0.804268990746078,-0.594265420939402,0.));
#3706=DIRECTION('ref_axis',(0.594265420939402,0.804268990746078,0.));
#3707=DIRECTION('',(-0.594265420939402,-0.804268990746078,0.));
#3708=DIRECTION('',(0.,0.,1.));
#3709=DIRECTION('center_axis',(0.,0.,1.));
#3710=DIRECTION('ref_axis',(-0.428755335002016,-0.903420645495391,0.));
#3711=DIRECTION('center_axis',(0.,0.,1.));
#3712=DIRECTION('ref_axis',(-0.428755335002016,-0.903420645495391,0.));
#3713=DIRECTION('center_axis',(-0.80426899074561,-0.594265420940035,0.));
#3714=DIRECTION('ref_axis',(0.594265420940035,-0.80426899074561,0.));
#3715=DIRECTION('',(0.594265420940035,-0.80426899074561,0.));
#3716=DIRECTION('',(0.,0.,1.));
#3717=DIRECTION('center_axis',(0.,0.,1.));
#3718=DIRECTION('ref_axis',(-0.759726868197113,0.65024232847409,0.));
#3719=DIRECTION('center_axis',(0.,0.,1.));
#3720=DIRECTION('ref_axis',(-0.759726868197113,0.65024232847409,0.));
#3721=DIRECTION('',(0.,0.,1.));
#3722=DIRECTION('center_axis',(-0.759726868196979,0.650242328474247,0.));
#3723=DIRECTION('ref_axis',(-0.650242328474247,-0.759726868196979,0.));
#3724=DIRECTION('',(-0.650242328474247,-0.759726868196979,0.));
#3725=DIRECTION('',(0.,0.,1.));
#3726=DIRECTION('center_axis',(0.,0.,1.));
#3727=DIRECTION('ref_axis',(0.759726868196625,-0.65024232847466,0.));
#3728=DIRECTION('center_axis',(0.,0.,1.));
#3729=DIRECTION('ref_axis',(0.759726868196625,-0.65024232847466,0.));
#3730=DIRECTION('',(0.,0.,1.));
#3731=DIRECTION('center_axis',(-0.759726868196987,-0.650242328474237,0.));
#3732=DIRECTION('ref_axis',(0.650242328474237,-0.759726868196987,0.));
#3733=DIRECTION('',(0.650242328474237,-0.759726868196987,0.));
#3734=DIRECTION('',(0.,0.,1.));
#3735=DIRECTION('center_axis',(0.,0.,1.));
#3736=DIRECTION('ref_axis',(-0.804268990745791,0.594265420939791,0.));
#3737=DIRECTION('center_axis',(0.,0.,1.));
#3738=DIRECTION('ref_axis',(-0.804268990745791,0.594265420939791,0.));
#3739=DIRECTION('',(0.,0.,1.));
#3740=DIRECTION('center_axis',(-0.804268990745733,0.594265420939869,0.));
#3741=DIRECTION('ref_axis',(-0.594265420939869,-0.804268990745733,0.));
#3742=DIRECTION('',(0.594265420939869,0.804268990745733,0.));
#3743=DIRECTION('',(0.,0.,1.));
#3744=DIRECTION('center_axis',(0.,0.,1.));
#3745=DIRECTION('ref_axis',(0.42875533500345,0.90342064549471,0.));
#3746=DIRECTION('center_axis',(0.,0.,1.));
#3747=DIRECTION('ref_axis',(0.42875533500345,0.90342064549471,0.));
#3748=DIRECTION('',(0.,0.,1.));
#3749=DIRECTION('center_axis',(0.428755335003568,0.903420645494655,0.));
#3750=DIRECTION('ref_axis',(-0.903420645494655,0.428755335003568,0.));
#3751=DIRECTION('',(-0.903420645494654,0.428755335003568,0.));
#3752=DIRECTION('',(0.,0.,1.));
#3753=DIRECTION('center_axis',(0.,0.,1.));
#3754=DIRECTION('ref_axis',(-0.428755335003371,-0.903420645494748,0.));
#3755=DIRECTION('center_axis',(0.,0.,1.));
#3756=DIRECTION('ref_axis',(-0.428755335003371,-0.903420645494748,0.));
#3757=DIRECTION('',(0.,0.,1.));
#3758=DIRECTION('center_axis',(0.,1.,0.));
#3759=DIRECTION('ref_axis',(-1.,0.,0.));
#3760=DIRECTION('',(-1.,0.,0.));
#3761=DIRECTION('center_axis',(0.,0.,1.));
#3762=DIRECTION('ref_axis',(1.,0.,0.));
#3763=CARTESIAN_POINT('',(0.,0.,0.));
#3764=CARTESIAN_POINT('Origin',(-27.3496676108984,-33.1474993379961,6.));
#3765=CARTESIAN_POINT('',(-23.4100577057245,-30.4938275807783,8.5));
#3766=CARTESIAN_POINT('',(-28.1536018650527,-28.4660263096644,8.5));
#3767=CARTESIAN_POINT('Origin',(-27.3496676108984,-33.1474993379961,8.5));
#3768=CARTESIAN_POINT('',(-28.1536018650527,-28.4660263096644,6.));
#3769=CARTESIAN_POINT('',(-28.1536018650527,-28.4660263096644,6.));
#3770=CARTESIAN_POINT('',(-23.4100577057245,-30.4938275807783,6.));
#3771=CARTESIAN_POINT('Origin',(-27.3496676108984,-33.1474993379961,6.));
#3772=CARTESIAN_POINT('',(-23.4100577057245,-30.4938275807783,6.));
#3773=CARTESIAN_POINT('Origin',(-18.7060844102125,-37.4772910548371,8.5));
#3774=CARTESIAN_POINT('',(-18.7060844102125,-37.4772910548371,6.));
#3775=CARTESIAN_POINT('',(-23.5486640005219,-30.2880543044045,6.));
#3776=CARTESIAN_POINT('',(-18.7060844102125,-37.4772910548371,8.5));
#3777=CARTESIAN_POINT('',(-18.7060844102125,-37.4772910548371,8.5));
#3778=CARTESIAN_POINT('',(-23.5486640005219,-30.2880543044045,8.5));
#3779=CARTESIAN_POINT('Origin',(27.3496676109244,-33.1474993379577,6.));
#3780=CARTESIAN_POINT('',(23.4100577057505,-30.4938275807398,6.));
#3781=CARTESIAN_POINT('',(28.1536018650767,-28.4660263096256,6.));
#3782=CARTESIAN_POINT('Origin',(27.3496676109244,-33.1474993379577,6.));
#3783=CARTESIAN_POINT('',(28.1536018650767,-28.4660263096256,8.5));
#3784=CARTESIAN_POINT('',(28.1536018650767,-28.4660263096256,6.));
#3785=CARTESIAN_POINT('',(23.4100577057505,-30.4938275807398,8.5));
#3786=CARTESIAN_POINT('Origin',(27.3496676109244,-33.1474993379577,8.5));
#3787=CARTESIAN_POINT('',(23.4100577057505,-30.4938275807398,6.));
#3788=CARTESIAN_POINT('Origin',(23.548664000522,-30.2880543044045,8.5));
#3789=CARTESIAN_POINT('',(18.7060844102125,-37.4772910548371,8.5));
#3790=CARTESIAN_POINT('',(18.7060844102125,-37.4772910548371,8.5));
#3791=CARTESIAN_POINT('',(18.7060844102125,-37.4772910548371,6.));
#3792=CARTESIAN_POINT('',(18.7060844102125,-37.4772910548371,8.5));
#3793=CARTESIAN_POINT('',(18.7060844102125,-37.4772910548371,6.));
#3794=CARTESIAN_POINT('Origin',(2.77165554921668,-20.4283354041559,6.));
#3795=CARTESIAN_POINT('',(4.42693215354376,-18.4233268348058,6.));
#3796=CARTESIAN_POINT('',(2.77165554921668,-17.8283354041559,6.));
#3797=CARTESIAN_POINT('Origin',(2.77165554921668,-20.4283354041559,6.));
#3798=CARTESIAN_POINT('',(4.42693215354376,-18.4233268348058,8.5));
#3799=CARTESIAN_POINT('',(4.42693215354376,-18.4233268348058,6.));
#3800=CARTESIAN_POINT('',(2.77165554921668,-17.8283354041559,8.5));
#3801=CARTESIAN_POINT('Origin',(2.77165554921668,-20.4283354041559,8.5));
#3802=CARTESIAN_POINT('',(2.77165554921668,-17.8283354041559,6.));
#3803=CARTESIAN_POINT('Origin',(-3.05459243302175,-17.8283354041559,6.));
#3804=CARTESIAN_POINT('',(-2.77165554921596,-17.8283354041559,8.5));
#3805=CARTESIAN_POINT('',(-3.05459243302175,-17.8283354041559,8.5));
#3806=CARTESIAN_POINT('',(-2.77165554921596,-17.8283354041559,6.));
#3807=CARTESIAN_POINT('',(-2.77165554921596,-17.8283354041559,6.));
#3808=CARTESIAN_POINT('',(-3.05459243302175,-17.8283354041559,6.));
#3809=CARTESIAN_POINT('Origin',(-2.77165554921596,-20.4283354041559,6.));
#3810=CARTESIAN_POINT('',(-4.42693215354321,-18.4233268348059,8.5));
#3811=CARTESIAN_POINT('Origin',(-2.77165554921596,-20.4283354041559,8.5));
#3812=CARTESIAN_POINT('',(-4.42693215354321,-18.4233268348059,6.));
#3813=CARTESIAN_POINT('',(-4.42693215354321,-18.4233268348059,6.));
#3814=CARTESIAN_POINT('Origin',(-2.77165554921596,-20.4283354041559,6.));
#3815=CARTESIAN_POINT('Origin',(-3.49243282864336,-68.0073872744902,8.5));
#3816=CARTESIAN_POINT('',(-4.86160606947045,-66.3891090671237,8.5));
#3817=CARTESIAN_POINT('',(-3.49243282864335,-68.0073872744902,8.5));
#3818=CARTESIAN_POINT('',(-4.86160606947045,-66.3891090671237,8.5));
#3819=CARTESIAN_POINT('',(-4.86160606947045,-66.3891090671237,6.));
#3820=CARTESIAN_POINT('',(-4.86160606947045,-66.3891090671237,8.5));
#3821=CARTESIAN_POINT('',(-3.49243282864335,-68.0073872744902,6.));
#3822=CARTESIAN_POINT('',(-4.86160606947045,-66.3891090671237,6.));
#3823=CARTESIAN_POINT('',(-3.49243282864335,-68.0073872744902,8.5));
#3824=CARTESIAN_POINT('Origin',(-4.25585146786035,-68.6532912776486,8.5));
#3825=CARTESIAN_POINT('',(-3.49475734600081,-69.3019327330543,8.5));
#3826=CARTESIAN_POINT('Origin',(-4.25585146786035,-68.6532912776486,8.5));
#3827=CARTESIAN_POINT('',(-3.49475734600081,-69.3019327330543,6.));
#3828=CARTESIAN_POINT('Origin',(-4.25585146786035,-68.6532912776486,6.));
#3829=CARTESIAN_POINT('',(-3.49475734600081,-69.3019327330543,8.5));
#3830=CARTESIAN_POINT('Origin',(-4.70624664813296,-70.7234536347264,8.5));
#3831=CARTESIAN_POINT('',(-4.70624664813293,-70.7234536347264,8.5));
#3832=CARTESIAN_POINT('',(-3.49475734600081,-69.3019327330543,8.5));
#3833=CARTESIAN_POINT('',(-4.70624664813293,-70.7234536347264,6.));
#3834=CARTESIAN_POINT('',(-3.49475734600081,-69.3019327330543,6.));
#3835=CARTESIAN_POINT('',(-4.70624664813293,-70.7234536347264,8.5));
#3836=CARTESIAN_POINT('Origin',(-5.46734076999202,-70.0748121793214,8.5));
#3837=CARTESIAN_POINT('',(-5.67764985476954,-71.0524471259443,8.5));
#3838=CARTESIAN_POINT('Origin',(-5.46734076999202,-70.0748121793214,8.5));
#3839=CARTESIAN_POINT('',(-5.67764985476954,-71.0524471259443,6.));
#3840=CARTESIAN_POINT('Origin',(-5.46734076999202,-70.0748121793214,6.));
#3841=CARTESIAN_POINT('',(-5.67764985476954,-71.0524471259443,8.5));
#3842=CARTESIAN_POINT('Origin',(-7.41782206972131,-70.6781008250602,8.5));
#3843=CARTESIAN_POINT('',(-7.4178220697213,-70.6781008250602,8.5));
#3844=CARTESIAN_POINT('',(-5.67764985476954,-71.0524471259443,8.5));
#3845=CARTESIAN_POINT('',(-7.4178220697213,-70.6781008250602,6.));
#3846=CARTESIAN_POINT('',(-5.67764985476954,-71.0524471259443,6.));
#3847=CARTESIAN_POINT('',(-7.4178220697213,-70.6781008250602,8.5));
#3848=CARTESIAN_POINT('Origin',(-7.20751298494362,-69.7004658784366,8.5));
#3849=CARTESIAN_POINT('',(-8.20751298494343,-69.7004658784407,8.5));
#3850=CARTESIAN_POINT('Origin',(-7.20751298494362,-69.7004658784366,8.5));
#3851=CARTESIAN_POINT('',(-8.20751298494343,-69.7004658784407,6.));
#3852=CARTESIAN_POINT('Origin',(-7.20751298494362,-69.7004658784366,6.));
#3853=CARTESIAN_POINT('',(-8.20751298494343,-69.7004658784407,8.5));
#3854=CARTESIAN_POINT('Origin',(-8.20751298494725,-68.891851721193,8.5));
#3855=CARTESIAN_POINT('',(-8.20751298494725,-68.891851721193,8.5));
#3856=CARTESIAN_POINT('',(-8.20751298494343,-69.7004658784407,8.5));
#3857=CARTESIAN_POINT('',(-8.20751298494725,-68.891851721193,6.));
#3858=CARTESIAN_POINT('',(-8.20751298494343,-69.7004658784407,6.));
#3859=CARTESIAN_POINT('',(-8.20751298494725,-68.891851721193,8.5));
#3860=CARTESIAN_POINT('Origin',(-7.20751298494727,-68.8918517211889,8.5));
#3861=CARTESIAN_POINT('',(-7.96860710680749,-68.243210265784,8.5));
#3862=CARTESIAN_POINT('Origin',(-7.20751298494727,-68.8918517211889,8.5));
#3863=CARTESIAN_POINT('',(-7.96860710680749,-68.243210265784,6.));
#3864=CARTESIAN_POINT('Origin',(-7.20751298494727,-68.8918517211889,6.));
#3865=CARTESIAN_POINT('',(-7.96860710680749,-68.243210265784,8.5));
#3866=CARTESIAN_POINT('Origin',(-6.38611883054547,-66.386371614877,8.5));
#3867=CARTESIAN_POINT('',(-6.38611883054543,-66.386371614877,8.5));
#3868=CARTESIAN_POINT('',(-7.96860710680749,-68.243210265784,8.5));
#3869=CARTESIAN_POINT('',(-6.38611883054543,-66.386371614877,6.));
#3870=CARTESIAN_POINT('',(-7.96860710680749,-68.243210265784,6.));
#3871=CARTESIAN_POINT('',(-6.38611883054543,-66.386371614877,8.5));
#3872=CARTESIAN_POINT('Origin',(-5.6250247086864,-67.0350130702812,8.5));
#3873=CARTESIAN_POINT('Origin',(-5.6250247086864,-67.0350130702812,8.5));
#3874=CARTESIAN_POINT('Origin',(-5.6250247086864,-67.0350130702812,6.));
#3875=CARTESIAN_POINT('Origin',(-15.3420824154127,-26.6193438903306,8.5));
#3876=CARTESIAN_POINT('',(-13.8420824154127,-26.6193438903306,6.));
#3877=CARTESIAN_POINT('Origin',(-15.3420824154127,-26.6193438903306,6.));
#3878=CARTESIAN_POINT('',(-13.8420824154127,-26.6193438903306,8.5));
#3879=CARTESIAN_POINT('',(-13.8420824154127,-26.6193438903306,8.5));
#3880=CARTESIAN_POINT('Origin',(-15.3420824154127,-26.6193438903306,8.5));
#3881=CARTESIAN_POINT('Origin',(4.86160606949124,-66.3891090671066,8.5));
#3882=CARTESIAN_POINT('',(3.49243282866101,-68.0073872744617,8.5));
#3883=CARTESIAN_POINT('',(4.86160606949121,-66.3891090671066,8.5));
#3884=CARTESIAN_POINT('',(3.49243282866101,-68.0073872744617,8.5));
#3885=CARTESIAN_POINT('',(3.49243282866101,-68.0073872744617,6.));
#3886=CARTESIAN_POINT('',(3.49243282866101,-68.0073872744617,8.5));
#3887=CARTESIAN_POINT('',(4.86160606949121,-66.3891090671066,6.));
#3888=CARTESIAN_POINT('',(3.49243282866101,-68.0073872744617,6.));
#3889=CARTESIAN_POINT('',(4.86160606949121,-66.3891090671066,8.5));
#3890=CARTESIAN_POINT('Origin',(5.62502470870093,-67.0350130702693,8.5));
#3891=CARTESIAN_POINT('',(6.38611883055769,-66.3863716148646,8.5));
#3892=CARTESIAN_POINT('Origin',(5.62502470870093,-67.0350130702693,8.5));
#3893=CARTESIAN_POINT('',(6.38611883055769,-66.3863716148646,6.));
#3894=CARTESIAN_POINT('Origin',(5.62502470870093,-67.0350130702693,6.));
#3895=CARTESIAN_POINT('',(6.38611883055769,-66.3863716148646,8.5));
#3896=CARTESIAN_POINT('Origin',(7.96860710682084,-68.2432102657529,8.5));
#3897=CARTESIAN_POINT('',(7.96860710682088,-68.2432102657529,8.5));
#3898=CARTESIAN_POINT('',(6.38611883055769,-66.3863716148646,8.5));
#3899=CARTESIAN_POINT('',(7.96860710682088,-68.2432102657529,6.));
#3900=CARTESIAN_POINT('',(6.38611883055769,-66.3863716148646,6.));
#3901=CARTESIAN_POINT('',(7.96860710682088,-68.2432102657529,8.5));
#3902=CARTESIAN_POINT('Origin',(7.2075129849618,-68.8918517211598,8.5));
#3903=CARTESIAN_POINT('',(8.20751298496223,-68.8918517211598,8.5));
#3904=CARTESIAN_POINT('Origin',(7.2075129849618,-68.8918517211598,8.5));
#3905=CARTESIAN_POINT('',(8.20751298496223,-68.8918517211598,6.));
#3906=CARTESIAN_POINT('Origin',(7.2075129849618,-68.8918517211598,6.));
#3907=CARTESIAN_POINT('',(8.20751298496223,-68.8918517211598,8.5));
#3908=CARTESIAN_POINT('Origin',(8.20751298496178,-69.7004658784075,8.5));
#3909=CARTESIAN_POINT('',(8.20751298496179,-69.7004658784075,8.5));
#3910=CARTESIAN_POINT('',(8.20751298496223,-68.8918517211598,8.5));
#3911=CARTESIAN_POINT('',(8.20751298496179,-69.7004658784075,6.));
#3912=CARTESIAN_POINT('',(8.20751298496223,-68.8918517211598,6.));
#3913=CARTESIAN_POINT('',(8.20751298496179,-69.7004658784075,8.5));
#3914=CARTESIAN_POINT('Origin',(7.20751298496177,-69.7004658784075,8.5));
#3915=CARTESIAN_POINT('',(7.41782206974319,-70.6781008250304,8.5));
#3916=CARTESIAN_POINT('Origin',(7.20751298496177,-69.7004658784075,8.5));
#3917=CARTESIAN_POINT('',(7.41782206974319,-70.6781008250304,6.));
#3918=CARTESIAN_POINT('Origin',(7.20751298496177,-69.7004658784075,6.));
#3919=CARTESIAN_POINT('',(7.41782206974319,-70.6781008250304,8.5));
#3920=CARTESIAN_POINT('Origin',(5.67764985479151,-71.0524471259223,8.5));
#3921=CARTESIAN_POINT('',(5.67764985479151,-71.0524471259223,8.5));
#3922=CARTESIAN_POINT('',(7.41782206974319,-70.6781008250304,8.5));
#3923=CARTESIAN_POINT('',(5.67764985479151,-71.0524471259223,6.));
#3924=CARTESIAN_POINT('',(7.41782206974319,-70.6781008250304,6.));
#3925=CARTESIAN_POINT('',(5.67764985479151,-71.0524471259223,8.5));
#3926=CARTESIAN_POINT('Origin',(5.46734077001019,-70.0748121792993,8.5));
#3927=CARTESIAN_POINT('',(4.70624664815356,-70.7234536347085,8.5));
#3928=CARTESIAN_POINT('Origin',(5.46734077001019,-70.0748121792993,8.5));
#3929=CARTESIAN_POINT('',(4.70624664815356,-70.7234536347085,6.));
#3930=CARTESIAN_POINT('Origin',(5.46734077001019,-70.0748121792993,6.));
#3931=CARTESIAN_POINT('',(4.70624664815356,-70.7234536347085,8.5));
#3932=CARTESIAN_POINT('Origin',(3.49475734601582,-69.3019327330322,8.5));
#3933=CARTESIAN_POINT('',(3.49475734601581,-69.3019327330322,8.5));
#3934=CARTESIAN_POINT('',(4.70624664815356,-70.7234536347085,8.5));
#3935=CARTESIAN_POINT('',(3.49475734601581,-69.3019327330322,6.));
#3936=CARTESIAN_POINT('',(4.70624664815356,-70.7234536347085,6.));
#3937=CARTESIAN_POINT('',(3.49475734601581,-69.3019327330322,8.5));
#3938=CARTESIAN_POINT('Origin',(4.25585146787488,-68.6532912776249,8.5));
#3939=CARTESIAN_POINT('Origin',(4.25585146787488,-68.6532912776249,8.5));
#3940=CARTESIAN_POINT('Origin',(4.25585146787488,-68.6532912776249,6.));
#3941=CARTESIAN_POINT('Origin',(-2.00000000001093,-56.6607700424597,8.5));
#3942=CARTESIAN_POINT('',(-2.00000000000431,-48.2061519951794,8.5));
#3943=CARTESIAN_POINT('',(-2.00000000001092,-56.6607700424597,8.5));
#3944=CARTESIAN_POINT('',(-2.00000000000431,-48.2061519951794,8.5));
#3945=CARTESIAN_POINT('',(-2.00000000000431,-48.2061519951794,6.));
#3946=CARTESIAN_POINT('',(-2.00000000000431,-48.2061519951794,8.5));
#3947=CARTESIAN_POINT('',(-2.00000000001092,-56.6607700424597,6.));
#3948=CARTESIAN_POINT('',(-2.00000000000431,-48.2061519951794,6.));
#3949=CARTESIAN_POINT('',(-2.00000000001092,-56.6607700424597,8.5));
#3950=CARTESIAN_POINT('Origin',(-3.00000000001093,-56.6607700424603,8.5));
#3951=CARTESIAN_POINT('',(-2.23890587815188,-57.3094114978666,8.5));
#3952=CARTESIAN_POINT('Origin',(-3.00000000001093,-56.6607700424603,8.5));
#3953=CARTESIAN_POINT('',(-2.23890587815188,-57.3094114978666,6.));
#3954=CARTESIAN_POINT('Origin',(-3.00000000001093,-56.6607700424603,6.));
#3955=CARTESIAN_POINT('',(-2.23890587815188,-57.3094114978666,8.5));
#3956=CARTESIAN_POINT('Origin',(-5.2389058781555,-60.8295108478814,8.5));
#3957=CARTESIAN_POINT('',(-5.23890587815553,-60.8295108478814,8.5));
#3958=CARTESIAN_POINT('',(-2.23890587815188,-57.3094114978666,8.5));
#3959=CARTESIAN_POINT('',(-5.23890587815553,-60.8295108478814,6.));
#3960=CARTESIAN_POINT('',(-2.23890587815188,-57.3094114978666,6.));
#3961=CARTESIAN_POINT('',(-5.23890587815553,-60.8295108478814,8.5));
#3962=CARTESIAN_POINT('Origin',(-6.00000000001456,-60.1808693924735,8.5));
#3963=CARTESIAN_POINT('',(-7.00000000001557,-60.1808693924726,8.5));
#3964=CARTESIAN_POINT('Origin',(-6.00000000001456,-60.1808693924735,8.5));
#3965=CARTESIAN_POINT('',(-7.00000000001557,-60.1808693924726,6.));
#3966=CARTESIAN_POINT('Origin',(-6.00000000001456,-60.1808693924735,6.));
#3967=CARTESIAN_POINT('',(-7.00000000001557,-60.1808693924726,8.5));
#3968=CARTESIAN_POINT('Origin',(-7.00000000000001,-44.9058393281559,8.5));
#3969=CARTESIAN_POINT('',(-7.00000000000007,-44.9058393281559,8.5));
#3970=CARTESIAN_POINT('',(-7.00000000001557,-60.1808693924726,8.5));
#3971=CARTESIAN_POINT('',(-7.00000000000007,-44.9058393281559,6.));
#3972=CARTESIAN_POINT('',(-7.00000000001557,-60.1808693924726,6.));
#3973=CARTESIAN_POINT('',(-7.00000000000007,-44.9058393281559,8.5));
#3974=CARTESIAN_POINT('Origin',(-6.00000000000001,-44.9058393281569,8.5));
#3975=CARTESIAN_POINT('',(-5.26002820620565,-44.2332014282517,8.5));
#3976=CARTESIAN_POINT('Origin',(-6.00000000000001,-44.9058393281569,8.5));
#3977=CARTESIAN_POINT('',(-5.26002820620565,-44.2332014282517,6.));
#3978=CARTESIAN_POINT('Origin',(-6.00000000000001,-44.9058393281569,6.));
#3979=CARTESIAN_POINT('',(-5.26002820620565,-44.2332014282517,8.5));
#3980=CARTESIAN_POINT('Origin',(-2.26002820620852,-47.5335140952728,8.5));
#3981=CARTESIAN_POINT('',(-2.26002820620853,-47.5335140952728,8.5));
#3982=CARTESIAN_POINT('',(-5.26002820620565,-44.2332014282517,8.5));
#3983=CARTESIAN_POINT('',(-2.26002820620853,-47.5335140952728,6.));
#3984=CARTESIAN_POINT('',(-5.26002820620565,-44.2332014282517,6.));
#3985=CARTESIAN_POINT('',(-2.26002820620853,-47.5335140952728,8.5));
#3986=CARTESIAN_POINT('Origin',(-3.00000000000364,-48.2061519951761,8.5));
#3987=CARTESIAN_POINT('Origin',(-3.00000000000364,-48.2061519951761,8.5));
#3988=CARTESIAN_POINT('Origin',(-3.00000000000364,-48.2061519951761,6.));
#3989=CARTESIAN_POINT('Origin',(12.75,-59.7953704547854,8.5));
#3990=CARTESIAN_POINT('',(13.6,-59.7953704547854,6.));
#3991=CARTESIAN_POINT('Origin',(12.75,-59.7953704547854,6.));
#3992=CARTESIAN_POINT('',(13.6,-59.7953704547854,8.5));
#3993=CARTESIAN_POINT('',(13.6,-59.7953704547854,8.5));
#3994=CARTESIAN_POINT('Origin',(12.75,-59.7953704547854,8.5));
#3995=CARTESIAN_POINT('Origin',(12.75,-34.2953704547854,8.5));
#3996=CARTESIAN_POINT('',(13.6,-34.2953704547854,6.));
#3997=CARTESIAN_POINT('Origin',(12.75,-34.2953704547854,6.));
#3998=CARTESIAN_POINT('',(13.6,-34.2953704547854,8.5));
#3999=CARTESIAN_POINT('',(13.6,-34.2953704547854,8.5));
#4000=CARTESIAN_POINT('Origin',(12.75,-34.2953704547854,8.5));
#4001=CARTESIAN_POINT('Origin',(9.99999999999999,-57.0453704547854,8.5));
#4002=CARTESIAN_POINT('',(11.1,-57.0453704547854,6.));
#4003=CARTESIAN_POINT('Origin',(9.99999999999999,-57.0453704547854,6.));
#4004=CARTESIAN_POINT('',(11.1,-57.0453704547854,8.5));
#4005=CARTESIAN_POINT('',(11.1,-57.0453704547854,8.5));
#4006=CARTESIAN_POINT('Origin',(9.99999999999999,-57.0453704547854,8.5));
#4007=CARTESIAN_POINT('Origin',(-3.75911442532397,-64.5957507296337,8.5));
#4008=CARTESIAN_POINT('',(-1.53949005900442,-67.219209641525,8.5));
#4009=CARTESIAN_POINT('',(-3.75911442532398,-64.5957507296337,8.5));
#4010=CARTESIAN_POINT('',(-1.53949005900442,-67.219209641525,8.5));
#4011=CARTESIAN_POINT('',(-1.53949005900442,-67.219209641525,6.));
#4012=CARTESIAN_POINT('',(-1.53949005900442,-67.219209641525,8.5));
#4013=CARTESIAN_POINT('',(-3.75911442532398,-64.5957507296337,6.));
#4014=CARTESIAN_POINT('',(-1.53949005900442,-67.219209641525,6.));
#4015=CARTESIAN_POINT('',(-3.75911442532398,-64.5957507296337,8.5));
#4016=CARTESIAN_POINT('Origin',(-2.99569578610681,-63.9498467264755,8.5));
#4017=CARTESIAN_POINT('',(-3.75678990796682,-63.3012052710703,8.5));
#4018=CARTESIAN_POINT('Origin',(-2.99569578610681,-63.9498467264755,8.5));
#4019=CARTESIAN_POINT('',(-3.75678990796682,-63.3012052710703,6.));
#4020=CARTESIAN_POINT('Origin',(-2.99569578610681,-63.9498467264755,6.));
#4021=CARTESIAN_POINT('',(-3.75678990796682,-63.3012052710703,8.5));
#4022=CARTESIAN_POINT('Origin',(-0.761094121898509,-59.7861563412102,8.5));
#4023=CARTESIAN_POINT('',(-0.761094121875465,-59.7861563412298,8.5));
#4024=CARTESIAN_POINT('',(-3.75678990796682,-63.3012052710703,8.5));
#4025=CARTESIAN_POINT('',(-0.761094121875465,-59.7861563412298,6.));
#4026=CARTESIAN_POINT('',(-3.75678990796682,-63.3012052710703,6.));
#4027=CARTESIAN_POINT('',(-0.761094121875465,-59.7861563412298,8.5));
#4028=CARTESIAN_POINT('Origin',(-3.64784591422307E-12,-60.4347977966201,
8.5));
#4029=CARTESIAN_POINT('',(0.76109412185477,-59.7861563412141,8.5));
#4030=CARTESIAN_POINT('Origin',(-3.64784591422307E-12,-60.4347977966201,
8.5));
#4031=CARTESIAN_POINT('',(0.761094121854771,-59.7861563412141,6.));
#4032=CARTESIAN_POINT('Origin',(-3.64784591422307E-12,-60.4347977966201,
6.));
#4033=CARTESIAN_POINT('',(0.76109412185477,-59.7861563412141,8.5));
#4034=CARTESIAN_POINT('Origin',(3.75678990797677,-63.3012052710714,8.5));
#4035=CARTESIAN_POINT('',(3.75678990797681,-63.3012052710714,8.5));
#4036=CARTESIAN_POINT('',(0.76109412185477,-59.7861563412141,8.5));
#4037=CARTESIAN_POINT('',(3.75678990797681,-63.3012052710714,6.));
#4038=CARTESIAN_POINT('',(0.76109412185477,-59.7861563412141,6.));
#4039=CARTESIAN_POINT('',(3.75678990797681,-63.3012052710714,8.5));
#4040=CARTESIAN_POINT('Origin',(2.99569578612135,-63.9498467264785,8.5));
#4041=CARTESIAN_POINT('',(3.75911442533299,-64.5957507296399,8.5));
#4042=CARTESIAN_POINT('Origin',(2.99569578612135,-63.9498467264785,8.5));
#4043=CARTESIAN_POINT('',(3.75911442533299,-64.5957507296399,6.));
#4044=CARTESIAN_POINT('Origin',(2.99569578612135,-63.9498467264785,6.));
#4045=CARTESIAN_POINT('',(3.75911442533299,-64.5957507296399,8.5));
#4046=CARTESIAN_POINT('Origin',(1.53949005898903,-67.2192096415272,8.5));
#4047=CARTESIAN_POINT('',(1.53949005898904,-67.2192096415272,8.5));
#4048=CARTESIAN_POINT('',(3.75911442533299,-64.5957507296399,8.5));
#4049=CARTESIAN_POINT('',(1.53949005898904,-67.2192096415272,6.));
#4050=CARTESIAN_POINT('',(3.75911442533299,-64.5957507296399,6.));
#4051=CARTESIAN_POINT('',(1.53949005898904,-67.2192096415272,8.5));
#4052=CARTESIAN_POINT('Origin',(0.776071419775672,-66.5733056383645,8.5));
#4053=CARTESIAN_POINT('',(0.776071419775679,-67.5733056383645,8.5));
#4054=CARTESIAN_POINT('Origin',(0.776071419775672,-66.5733056383645,8.5));
#4055=CARTESIAN_POINT('',(0.776071419775679,-67.5733056383645,6.));
#4056=CARTESIAN_POINT('Origin',(0.776071419775672,-66.5733056383645,6.));
#4057=CARTESIAN_POINT('',(0.776071419775679,-67.5733056383645,8.5));
#4058=CARTESIAN_POINT('Origin',(-0.776071419786613,-67.5733056383675,8.5));
#4059=CARTESIAN_POINT('',(-0.776071419786614,-67.5733056383675,8.5));
#4060=CARTESIAN_POINT('',(0.776071419775679,-67.5733056383645,8.5));
#4061=CARTESIAN_POINT('',(-0.776071419786613,-67.5733056383675,6.));
#4062=CARTESIAN_POINT('',(0.776071419775679,-67.5733056383645,6.));
#4063=CARTESIAN_POINT('',(-0.776071419786614,-67.5733056383675,8.5));
#4064=CARTESIAN_POINT('Origin',(-0.776071419786601,-66.5733056383675,8.5));
#4065=CARTESIAN_POINT('Origin',(-0.776071419786601,-66.5733056383675,8.5));
#4066=CARTESIAN_POINT('Origin',(-0.776071419786601,-66.5733056383675,6.));
#4067=CARTESIAN_POINT('Origin',(-12.75,-59.7953704547854,8.5));
#4068=CARTESIAN_POINT('',(-11.9,-59.7953704547854,6.));
#4069=CARTESIAN_POINT('Origin',(-12.75,-59.7953704547854,6.));
#4070=CARTESIAN_POINT('',(-11.9,-59.7953704547854,8.5));
#4071=CARTESIAN_POINT('',(-11.9,-59.7953704547854,8.5));
#4072=CARTESIAN_POINT('Origin',(-12.75,-59.7953704547854,8.5));
#4073=CARTESIAN_POINT('Origin',(-11.5,-69.2845014927625,8.5));
#4074=CARTESIAN_POINT('',(-10.,-69.2845014927625,6.));
#4075=CARTESIAN_POINT('Origin',(-11.5,-69.2845014927625,6.));
#4076=CARTESIAN_POINT('',(-10.,-69.2845014927625,8.5));
#4077=CARTESIAN_POINT('',(-10.,-69.2845014927625,8.5));
#4078=CARTESIAN_POINT('Origin',(-11.5,-69.2845014927625,8.5));
#4079=CARTESIAN_POINT('Origin',(-10.,-57.0453704547854,8.5));
#4080=CARTESIAN_POINT('',(-8.9,-57.0453704547854,6.));
#4081=CARTESIAN_POINT('Origin',(-10.,-57.0453704547854,6.));
#4082=CARTESIAN_POINT('',(-8.9,-57.0453704547854,8.5));
#4083=CARTESIAN_POINT('',(-8.9,-57.0453704547854,8.5));
#4084=CARTESIAN_POINT('Origin',(-10.,-57.0453704547854,8.5));
#4085=CARTESIAN_POINT('Origin',(1.99999999999999,-48.206151995181,8.5));
#4086=CARTESIAN_POINT('',(1.99999999999999,-56.6607700424613,8.5));
#4087=CARTESIAN_POINT('',(1.99999999999999,-48.206151995181,8.5));
#4088=CARTESIAN_POINT('',(1.99999999999999,-56.6607700424613,8.5));
#4089=CARTESIAN_POINT('',(1.99999999999999,-56.6607700424613,6.));
#4090=CARTESIAN_POINT('',(1.99999999999999,-56.6607700424613,8.5));
#4091=CARTESIAN_POINT('',(1.99999999999999,-48.206151995181,6.));
#4092=CARTESIAN_POINT('',(1.99999999999999,-56.6607700424613,6.));
#4093=CARTESIAN_POINT('',(1.99999999999999,-48.206151995181,8.5));
#4094=CARTESIAN_POINT('Origin',(3.00000000000001,-48.2061519951785,8.5));
#4095=CARTESIAN_POINT('',(2.26002820620464,-47.5335140952745,8.5));
#4096=CARTESIAN_POINT('Origin',(3.00000000000001,-48.2061519951785,8.5));
#4097=CARTESIAN_POINT('',(2.26002820620464,-47.5335140952745,6.));
#4098=CARTESIAN_POINT('Origin',(3.00000000000001,-48.2061519951785,6.));
#4099=CARTESIAN_POINT('',(2.26002820620464,-47.5335140952745,8.5));
#4100=CARTESIAN_POINT('Origin',(5.26002820620487,-44.2332014282538,8.5));
#4101=CARTESIAN_POINT('',(5.26002820620489,-44.2332014282538,8.5));
#4102=CARTESIAN_POINT('',(2.26002820620464,-47.5335140952745,8.5));
#4103=CARTESIAN_POINT('',(5.26002820620489,-44.2332014282538,6.));
#4104=CARTESIAN_POINT('',(2.26002820620464,-47.5335140952745,6.));
#4105=CARTESIAN_POINT('',(5.26002820620489,-44.2332014282538,8.5));
#4106=CARTESIAN_POINT('Origin',(6.,-44.9058393281603,8.5));
#4107=CARTESIAN_POINT('',(7.00000000000148,-44.9058393281603,8.5));
#4108=CARTESIAN_POINT('Origin',(6.,-44.9058393281603,8.5));
#4109=CARTESIAN_POINT('',(7.00000000000148,-44.9058393281603,6.));
#4110=CARTESIAN_POINT('Origin',(6.,-44.9058393281603,6.));
#4111=CARTESIAN_POINT('',(7.00000000000148,-44.9058393281603,8.5));
#4112=CARTESIAN_POINT('Origin',(7.00000000000065,-60.180869392478,8.5));
#4113=CARTESIAN_POINT('',(7.00000000000067,-60.180869392478,8.5));
#4114=CARTESIAN_POINT('',(7.00000000000148,-44.9058393281603,8.5));
#4115=CARTESIAN_POINT('',(7.00000000000067,-60.180869392478,6.));
#4116=CARTESIAN_POINT('',(7.00000000000148,-44.9058393281603,6.));
#4117=CARTESIAN_POINT('',(7.00000000000067,-60.180869392478,8.5));
#4118=CARTESIAN_POINT('Origin',(6.,-60.1808693924782,8.5));
#4119=CARTESIAN_POINT('',(5.23890587814093,-60.8295108478855,8.5));
#4120=CARTESIAN_POINT('Origin',(6.,-60.1808693924782,8.5));
#4121=CARTESIAN_POINT('',(5.23890587814093,-60.8295108478855,6.));
#4122=CARTESIAN_POINT('Origin',(6.,-60.1808693924782,6.));
#4123=CARTESIAN_POINT('',(5.23890587814093,-60.8295108478855,8.5));
#4124=CARTESIAN_POINT('Origin',(2.23890587814092,-57.309411497869,8.5));
#4125=CARTESIAN_POINT('',(2.23890587814094,-57.309411497869,8.5));
#4126=CARTESIAN_POINT('',(5.23890587814093,-60.8295108478855,8.5));
#4127=CARTESIAN_POINT('',(2.23890587814094,-57.309411497869,6.));
#4128=CARTESIAN_POINT('',(5.23890587814093,-60.8295108478855,6.));
#4129=CARTESIAN_POINT('',(2.23890587814094,-57.309411497869,8.5));
#4130=CARTESIAN_POINT('Origin',(2.99999999999998,-56.6607700424627,8.5));
#4131=CARTESIAN_POINT('Origin',(2.99999999999998,-56.6607700424627,8.5));
#4132=CARTESIAN_POINT('Origin',(2.99999999999998,-56.6607700424627,6.));
#4133=CARTESIAN_POINT('Origin',(15.3420824154091,-26.6193438903306,8.5));
#4134=CARTESIAN_POINT('',(16.8420824154091,-26.6193438903306,6.));
#4135=CARTESIAN_POINT('Origin',(15.3420824154091,-26.6193438903306,6.));
#4136=CARTESIAN_POINT('',(16.8420824154091,-26.6193438903306,8.5));
#4137=CARTESIAN_POINT('',(16.8420824154091,-26.6193438903306,8.5));
#4138=CARTESIAN_POINT('Origin',(15.3420824154091,-26.6193438903306,8.5));
#4139=CARTESIAN_POINT('Origin',(-10.,-37.0453704547854,8.5));
#4140=CARTESIAN_POINT('',(-8.9,-37.0453704547854,6.));
#4141=CARTESIAN_POINT('Origin',(-10.,-37.0453704547854,6.));
#4142=CARTESIAN_POINT('',(-8.9,-37.0453704547854,8.5));
#4143=CARTESIAN_POINT('',(-8.9,-37.0453704547854,8.5));
#4144=CARTESIAN_POINT('Origin',(-10.,-37.0453704547854,8.5));
#4145=CARTESIAN_POINT('Origin',(11.5,-69.2845014927625,8.5));
#4146=CARTESIAN_POINT('',(13.,-69.2845014927625,6.));
#4147=CARTESIAN_POINT('Origin',(11.5,-69.2845014927625,6.));
#4148=CARTESIAN_POINT('',(13.,-69.2845014927625,8.5));
#4149=CARTESIAN_POINT('',(13.,-69.2845014927625,8.5));
#4150=CARTESIAN_POINT('Origin',(11.5,-69.2845014927625,8.5));
#4151=CARTESIAN_POINT('Origin',(-12.75,-34.2953704547854,8.5));
#4152=CARTESIAN_POINT('',(-11.9,-34.2953704547854,6.));
#4153=CARTESIAN_POINT('Origin',(-12.75,-34.2953704547854,6.));
#4154=CARTESIAN_POINT('',(-11.9,-34.2953704547854,8.5));
#4155=CARTESIAN_POINT('',(-11.9,-34.2953704547854,8.5));
#4156=CARTESIAN_POINT('Origin',(-12.75,-34.2953704547854,8.5));
#4157=CARTESIAN_POINT('Origin',(9.99999999999999,-37.0453704547854,8.5));
#4158=CARTESIAN_POINT('',(11.1,-37.0453704547854,6.));
#4159=CARTESIAN_POINT('Origin',(9.99999999999999,-37.0453704547854,6.));
#4160=CARTESIAN_POINT('',(11.1,-37.0453704547854,8.5));
#4161=CARTESIAN_POINT('',(11.1,-37.0453704547854,8.5));
#4162=CARTESIAN_POINT('Origin',(9.99999999999999,-37.0453704547854,8.5));
#4163=CARTESIAN_POINT('Origin',(-27.0000000000436,-43.0639684384665,8.5));
#4164=CARTESIAN_POINT('',(-17.0000000000436,-43.0639684384651,8.5));
#4165=CARTESIAN_POINT('Origin',(-27.0000000000436,-43.0639684384665,8.5));
#4166=CARTESIAN_POINT('',(-17.0000000000436,-43.0639684384651,6.));
#4167=CARTESIAN_POINT('Origin',(-27.0000000000436,-43.0639684384665,6.));
#4168=CARTESIAN_POINT('',(-17.0000000000436,-43.0639684384651,8.5));
#4169=CARTESIAN_POINT('Origin',(-17.0000000000437,-67.6480661914266,8.5));
#4170=CARTESIAN_POINT('',(-17.0000000000437,-67.6480661914266,8.5));
#4171=CARTESIAN_POINT('',(-17.0000000000436,-43.0639684384651,8.5));
#4172=CARTESIAN_POINT('',(-17.0000000000437,-67.6480661914266,6.));
#4173=CARTESIAN_POINT('',(-17.0000000000436,-43.0639684384651,6.));
#4174=CARTESIAN_POINT('',(-17.0000000000437,-67.6480661914266,8.5));
#4175=CARTESIAN_POINT('Origin',(-12.0000000000437,-67.6480661914266,8.5));
#4176=CARTESIAN_POINT('',(-13.3145516658988,-72.4721675500008,8.5));
#4177=CARTESIAN_POINT('Origin',(-12.0000000000437,-67.6480661914266,8.5));
#4178=CARTESIAN_POINT('',(-13.3145516658988,-72.4721675500008,6.));
#4179=CARTESIAN_POINT('Origin',(-12.0000000000437,-67.6480661914266,6.));
#4180=CARTESIAN_POINT('',(-13.3145516658988,-72.4721675500008,8.5));
#4181=CARTESIAN_POINT('Origin',(-6.70941004363341,-74.2720467974247,8.5));
#4182=CARTESIAN_POINT('',(-6.70941004363341,-74.2720467974247,8.5));
#4183=CARTESIAN_POINT('',(-13.3145516658988,-72.4721675500008,8.5));
#4184=CARTESIAN_POINT('',(-6.70941004363341,-74.2720467974247,6.));
#4185=CARTESIAN_POINT('',(-13.3145516658988,-72.4721675500008,6.));
#4186=CARTESIAN_POINT('',(-6.70941004363341,-74.2720467974247,8.5));
#4187=CARTESIAN_POINT('Origin',(-5.92067904412014,-71.3775859822802,8.5));
#4188=CARTESIAN_POINT('',(-3.63739667854683,-73.3235103485036,8.5));
#4189=CARTESIAN_POINT('Origin',(-5.92067904412014,-71.3775859822802,8.5));
#4190=CARTESIAN_POINT('',(-3.63739667854683,-73.3235103485036,6.));
#4191=CARTESIAN_POINT('Origin',(-5.92067904412014,-71.3775859822802,6.));
#4192=CARTESIAN_POINT('',(-3.63739667854683,-73.3235103485036,8.5));
#4193=CARTESIAN_POINT('Origin',(-1.16685888062057,-70.4246641829559,8.5));
#4194=CARTESIAN_POINT('',(-1.16685888062057,-70.4246641829559,8.5));
#4195=CARTESIAN_POINT('',(-3.63739667854683,-73.3235103485036,8.5));
#4196=CARTESIAN_POINT('',(-1.16685888062056,-70.4246641829559,6.));
#4197=CARTESIAN_POINT('',(-3.63739667854683,-73.3235103485036,6.));
#4198=CARTESIAN_POINT('',(-1.16685888062057,-70.4246641829559,8.5));
#4199=CARTESIAN_POINT('Origin',(-0.405764758762377,-71.0733056383655,8.5));
#4200=CARTESIAN_POINT('',(-0.405764758761515,-70.073305638364,8.5));
#4201=CARTESIAN_POINT('Origin',(-0.405764758762377,-71.0733056383655,8.5));
#4202=CARTESIAN_POINT('',(-0.405764758761515,-70.073305638364,6.));
#4203=CARTESIAN_POINT('Origin',(-0.405764758762377,-71.0733056383655,6.));
#4204=CARTESIAN_POINT('',(-0.405764758761515,-70.073305638364,8.5));
#4205=CARTESIAN_POINT('Origin',(0.405764758761498,-70.073305638364,8.5));
#4206=CARTESIAN_POINT('',(0.405764758761498,-70.073305638364,8.5));
#4207=CARTESIAN_POINT('',(-0.405764758761515,-70.073305638364,8.5));
#4208=CARTESIAN_POINT('',(0.405764758761498,-70.073305638364,6.));
#4209=CARTESIAN_POINT('',(-0.405764758761515,-70.073305638364,6.));
#4210=CARTESIAN_POINT('',(0.405764758761498,-70.073305638364,8.5));
#4211=CARTESIAN_POINT('Origin',(0.405764758762348,-71.0733056383655,8.5));
#4212=CARTESIAN_POINT('',(1.16685888062055,-70.4246641829559,8.5));
#4213=CARTESIAN_POINT('Origin',(0.405764758762348,-71.0733056383655,8.5));
#4214=CARTESIAN_POINT('',(1.16685888062055,-70.4246641829559,6.));
#4215=CARTESIAN_POINT('Origin',(0.405764758762348,-71.0733056383655,6.));
#4216=CARTESIAN_POINT('',(1.16685888062055,-70.4246641829559,8.5));
#4217=CARTESIAN_POINT('Origin',(3.63739667854678,-73.3235103485036,8.5));
#4218=CARTESIAN_POINT('',(3.63739667854678,-73.3235103485036,8.5));
#4219=CARTESIAN_POINT('',(1.16685888062055,-70.4246641829559,8.5));
#4220=CARTESIAN_POINT('',(3.63739667854678,-73.3235103485036,6.));
#4221=CARTESIAN_POINT('',(1.16685888062055,-70.4246641829559,6.));
#4222=CARTESIAN_POINT('',(3.63739667854678,-73.3235103485036,8.5));
#4223=CARTESIAN_POINT('Origin',(5.92067904412012,-71.3775859822802,8.5));
#4224=CARTESIAN_POINT('',(6.70941004363338,-74.2720467974247,8.5));
#4225=CARTESIAN_POINT('Origin',(5.92067904412012,-71.3775859822802,8.5));
#4226=CARTESIAN_POINT('',(6.70941004363338,-74.2720467974247,6.));
#4227=CARTESIAN_POINT('Origin',(5.92067904412012,-71.3775859822802,6.));
#4228=CARTESIAN_POINT('',(6.70941004363338,-74.2720467974247,8.5));
#4229=CARTESIAN_POINT('Origin',(13.3145516658988,-72.4721675500008,8.5));
#4230=CARTESIAN_POINT('',(13.3145516658988,-72.4721675500008,8.5));
#4231=CARTESIAN_POINT('',(6.70941004363338,-74.2720467974247,8.5));
#4232=CARTESIAN_POINT('',(13.3145516658988,-72.4721675500008,6.));
#4233=CARTESIAN_POINT('',(6.70941004363338,-74.2720467974247,6.));
#4234=CARTESIAN_POINT('',(13.3145516658988,-72.4721675500008,8.5));
#4235=CARTESIAN_POINT('Origin',(12.0000000000436,-67.6480661914266,8.5));
#4236=CARTESIAN_POINT('',(17.0000000000436,-67.6480661914266,8.5));
#4237=CARTESIAN_POINT('Origin',(12.0000000000436,-67.6480661914266,8.5));
#4238=CARTESIAN_POINT('',(17.0000000000436,-67.6480661914266,6.));
#4239=CARTESIAN_POINT('Origin',(12.0000000000436,-67.6480661914266,6.));
#4240=CARTESIAN_POINT('',(17.0000000000436,-67.6480661914266,8.5));
#4241=CARTESIAN_POINT('Origin',(17.0000000000436,-43.0639684384651,8.5));
#4242=CARTESIAN_POINT('',(17.0000000000436,-43.0639684384651,8.5));
#4243=CARTESIAN_POINT('',(17.0000000000436,-67.6480661914266,8.5));
#4244=CARTESIAN_POINT('',(17.0000000000436,-43.0639684384651,6.));
#4245=CARTESIAN_POINT('',(17.0000000000436,-67.6480661914266,6.));
#4246=CARTESIAN_POINT('',(17.0000000000436,-43.0639684384651,8.5));
#4247=CARTESIAN_POINT('Origin',(27.0000000000436,-43.0639684384665,8.5));
#4248=CARTESIAN_POINT('Origin',(27.0000000000436,-43.0639684384665,8.5));
#4249=CARTESIAN_POINT('Origin',(27.0000000000436,-43.0639684384665,6.));
#4250=CARTESIAN_POINT('Origin',(5.39323373261867,-19.2210772389776,8.5));
#4251=CARTESIAN_POINT('',(5.39323373261863,-19.2210772389776,6.));
#4252=CARTESIAN_POINT('',(0.636644847818549,-15.2941761684431,6.));
#4253=CARTESIAN_POINT('',(5.39323373261863,-19.2210772389776,8.5));
#4254=CARTESIAN_POINT('',(5.39323373261863,-19.2210772389776,8.5));
#4255=CARTESIAN_POINT('',(0.636644847818549,-15.2941761684431,8.5));
#4256=CARTESIAN_POINT('Origin',(4.75658888480028,-19.9922343810345,8.5));
#4257=CARTESIAN_POINT('',(5.63038225974766,-20.4785317570268,8.5));
#4258=CARTESIAN_POINT('Origin',(4.75658888480028,-19.9922343810345,8.5));
#4259=CARTESIAN_POINT('',(5.63038225974766,-20.4785317570268,6.));
#4260=CARTESIAN_POINT('Origin',(4.75658888480028,-19.9922343810345,6.));
#4261=CARTESIAN_POINT('',(5.63038225974766,-20.4785317570268,8.5));
#4262=CARTESIAN_POINT('Origin',(0.873793374947249,-29.0253100455147,8.5));
#4263=CARTESIAN_POINT('',(0.873793374947259,-29.0253100455147,8.5));
#4264=CARTESIAN_POINT('',(5.63038225974766,-20.4785317570268,8.5));
#4265=CARTESIAN_POINT('',(0.873793374947258,-29.0253100455147,6.));
#4266=CARTESIAN_POINT('',(5.63038225974766,-20.4785317570268,6.));
#4267=CARTESIAN_POINT('',(0.873793374947259,-29.0253100455147,8.5));
#4268=CARTESIAN_POINT('Origin',(-7.7715611723761E-15,-28.5390126695211,
8.5));
#4269=CARTESIAN_POINT('',(-0.87379337494745,-29.0253100455144,8.5));
#4270=CARTESIAN_POINT('Origin',(-7.7715611723761E-15,-28.5390126695211,
8.5));
#4271=CARTESIAN_POINT('',(-0.873793374947449,-29.0253100455144,6.));
#4272=CARTESIAN_POINT('Origin',(-7.7715611723761E-15,-28.5390126695211,
6.));
#4273=CARTESIAN_POINT('',(-0.87379337494745,-29.0253100455144,8.5));
#4274=CARTESIAN_POINT('Origin',(-5.63038225974743,-20.478531757027,8.5));
#4275=CARTESIAN_POINT('',(-5.63038225974742,-20.478531757027,8.5));
#4276=CARTESIAN_POINT('',(-0.87379337494745,-29.0253100455144,8.5));
#4277=CARTESIAN_POINT('',(-5.63038225974742,-20.478531757027,6.));
#4278=CARTESIAN_POINT('',(-0.87379337494745,-29.0253100455144,6.));
#4279=CARTESIAN_POINT('',(-5.63038225974742,-20.478531757027,8.5));
#4280=CARTESIAN_POINT('Origin',(-4.7565888848003,-19.9922343810348,8.5));
#4281=CARTESIAN_POINT('',(-5.39323373261851,-19.2210772389782,8.5));
#4282=CARTESIAN_POINT('Origin',(-4.7565888848003,-19.9922343810348,8.5));
#4283=CARTESIAN_POINT('',(-5.39323373261851,-19.2210772389782,6.));
#4284=CARTESIAN_POINT('Origin',(-4.7565888848003,-19.9922343810348,6.));
#4285=CARTESIAN_POINT('',(-5.39323373261851,-19.2210772389782,8.5));
#4286=CARTESIAN_POINT('Origin',(-3.73423707539753,-17.8514579788245,8.5));
#4287=CARTESIAN_POINT('',(-5.39323373261851,-19.2210772389782,8.5));
#4288=CARTESIAN_POINT('',(-5.39323373261851,-19.2210772389782,6.));
#4289=CARTESIAN_POINT('Origin',(-28.9998484483731,-23.5381599640521,6.));
#4290=CARTESIAN_POINT('',(-33.021193402101,-26.5094870687525,8.5));
#4291=CARTESIAN_POINT('Origin',(-28.9998484483731,-23.5381599640521,8.5));
#4292=CARTESIAN_POINT('',(-33.021193402101,-26.5094870687525,6.));
#4293=CARTESIAN_POINT('',(-33.021193402101,-26.5094870687525,6.));
#4294=CARTESIAN_POINT('Origin',(-28.9998484483731,-23.5381599640521,6.));
#4295=CARTESIAN_POINT('Origin',(-10.,-10.,7.9));
#4296=CARTESIAN_POINT('',(-11.,-10.,7.3));
#4297=CARTESIAN_POINT('Origin',(-10.,-10.,7.3));
#4298=CARTESIAN_POINT('',(-12.2,-10.,8.5));
#4299=CARTESIAN_POINT('',(-11.6,-10.,7.9));
#4300=CARTESIAN_POINT('Origin',(-10.,-10.,8.5));
#4301=CARTESIAN_POINT('Origin',(1.0911271886016E-11,1.96687111042593E-11,
8.5));
#4302=CARTESIAN_POINT('',(33.0211934021275,-26.5094870687069,8.5));
#4303=CARTESIAN_POINT('Origin',(28.9998484483949,-23.5381599640129,8.5));
#4304=CARTESIAN_POINT('',(34.8244363465126,-24.0690078958526,8.5));
#4305=CARTESIAN_POINT('',(34.8244363465128,-24.0690078958528,8.5));
#4306=CARTESIAN_POINT('',(34.6017257337616,-17.8464691487845,8.5));
#4307=CARTESIAN_POINT('Origin',(30.8030913927796,-21.0976807911591,8.5));
#4308=CARTESIAN_POINT('',(24.8924748098039,-6.50242328470482,8.5));
#4309=CARTESIAN_POINT('',(24.8924748098039,-6.50242328470482,8.5));
#4310=CARTESIAN_POINT('',(24.8924748097875,6.50242328477529,8.5));
#4311=CARTESIAN_POINT('Origin',(32.4897434917657,4.47926E-11,8.5));
#4312=CARTESIAN_POINT('',(34.6017257337093,17.8464691488746,8.5));
#4313=CARTESIAN_POINT('',(34.601725733708,17.8464691488757,8.5));
#4314=CARTESIAN_POINT('',(34.8244363464465,24.0690078959465,8.5));
#4315=CARTESIAN_POINT('Origin',(30.8030913927214,21.0976807912423,8.5));
#4316=CARTESIAN_POINT('',(33.0211934020581,26.5094870687956,8.5));
#4317=CARTESIAN_POINT('',(34.8244363464473,24.0690078959471,8.5));
#4318=CARTESIAN_POINT('',(26.8560717733126,28.0552631915634,8.5));
#4319=CARTESIAN_POINT('Origin',(28.9998484483331,23.5381599640914,8.5));
#4320=CARTESIAN_POINT('',(7.34214578301541,18.794128949216,8.5));
#4321=CARTESIAN_POINT('',(7.34214578301541,18.794128949216,8.5));
#4322=CARTESIAN_POINT('',(3.05459243297446,17.82833540416,8.5));
#4323=CARTESIAN_POINT('Origin',(3.05459243297446,27.82833540416,8.5));
#4324=CARTESIAN_POINT('',(-3.05459243302175,17.8283354041559,8.5));
#4325=CARTESIAN_POINT('',(0.,17.8283354041559,8.5));
#4326=CARTESIAN_POINT('',(-7.34214578305546,18.7941289492085,8.5));
#4327=CARTESIAN_POINT('Origin',(-3.05459243302175,27.828335404156,8.5));
#4328=CARTESIAN_POINT('',(-26.8560717733558,28.0552631915258,8.5));
#4329=CARTESIAN_POINT('',(-7.34214578305546,18.7941289492085,8.5));
#4330=CARTESIAN_POINT('',(-33.0211934021019,26.5094870687514,8.5));
#4331=CARTESIAN_POINT('Origin',(-28.9998484483731,23.5381599640523,8.5));
#4332=CARTESIAN_POINT('',(-34.8244363464867,24.0690078958999,8.5));
#4333=CARTESIAN_POINT('',(-34.8244363464874,24.0690078959003,8.5));
#4334=CARTESIAN_POINT('',(-34.601725733742,17.8464691488289,8.5));
#4335=CARTESIAN_POINT('Origin',(-30.8030913927578,21.0976807912009,8.5));
#4336=CARTESIAN_POINT('',(-24.8924748098055,6.5024232847442,8.5));
#4337=CARTESIAN_POINT('',(-34.601725733742,17.8464691488289,8.5));
#4338=CARTESIAN_POINT('',(-24.8924748098078,-6.50242328474456,8.5));
#4339=CARTESIAN_POINT('Origin',(-32.489743491773,1.1369E-12,8.5));
#4340=CARTESIAN_POINT('',(-34.6017257337434,-17.84646914883,8.5));
#4341=CARTESIAN_POINT('',(-24.8924748098078,-6.50242328474456,8.5));
#4342=CARTESIAN_POINT('',(-34.8244363464868,-24.0690078958993,8.5));
#4343=CARTESIAN_POINT('Origin',(-30.8030913927578,-21.0976807912004,8.5));
#4344=CARTESIAN_POINT('',(-34.8244363464874,-24.0690078958996,8.5));
#4345=CARTESIAN_POINT('',(7.8,-10.,8.5));
#4346=CARTESIAN_POINT('Origin',(10.,-10.,8.5));
#4347=CARTESIAN_POINT('',(-12.2,10.,8.5));
#4348=CARTESIAN_POINT('Origin',(-10.,10.,8.5));
#4349=CARTESIAN_POINT('',(11.9420824154091,-15.25,8.5));
#4350=CARTESIAN_POINT('Origin',(15.3420824154091,-15.25,8.5));
#4351=CARTESIAN_POINT('',(-18.7420824154091,15.25,8.5));
#4352=CARTESIAN_POINT('Origin',(-15.3420824154091,15.25,8.5));
#4353=CARTESIAN_POINT('',(-30.9857827088672,21.7867172238036,8.5));
#4354=CARTESIAN_POINT('Origin',(-29.4857827088672,21.7867172238036,8.5));
#4355=CARTESIAN_POINT('',(27.9857827088708,21.7867172238036,8.5));
#4356=CARTESIAN_POINT('Origin',(29.4857827088708,21.7867172238036,8.5));
#4357=CARTESIAN_POINT('',(27.9857827088708,-21.7867172238036,8.5));
#4358=CARTESIAN_POINT('Origin',(29.4857827088708,-21.7867172238036,8.5));
#4359=CARTESIAN_POINT('',(-30.9857827088672,-21.7867172238036,8.5));
#4360=CARTESIAN_POINT('Origin',(-29.4857827088672,-21.7867172238036,8.5));
#4361=CARTESIAN_POINT('',(11.9420824154091,15.25,8.5));
#4362=CARTESIAN_POINT('Origin',(15.3420824154091,15.25,8.5));
#4363=CARTESIAN_POINT('',(-18.7420824154091,-15.25,8.5));
#4364=CARTESIAN_POINT('Origin',(-15.3420824154091,-15.25,8.5));
#4365=CARTESIAN_POINT('',(7.8,10.,8.5));
#4366=CARTESIAN_POINT('Origin',(10.,10.,8.5));
#4367=CARTESIAN_POINT('Origin',(-10.,-10.,6.));
#4368=CARTESIAN_POINT('',(-11.,-10.,6.));
#4369=CARTESIAN_POINT('Origin',(-10.,-10.,6.));
#4370=CARTESIAN_POINT('',(-11.,-10.,6.));
#4371=CARTESIAN_POINT('Origin',(10.,-10.,7.9));
#4372=CARTESIAN_POINT('',(9.,-10.,7.3));
#4373=CARTESIAN_POINT('Origin',(10.,-10.,7.3));
#4374=CARTESIAN_POINT('',(8.4,-10.,7.9));
#4375=CARTESIAN_POINT('Origin',(10.,-10.,6.));
#4376=CARTESIAN_POINT('',(9.,-10.,6.));
#4377=CARTESIAN_POINT('Origin',(10.,-10.,6.));
#4378=CARTESIAN_POINT('',(9.,-10.,6.));
#4379=CARTESIAN_POINT('Origin',(10.,10.,7.9));
#4380=CARTESIAN_POINT('',(9.,10.,7.3));
#4381=CARTESIAN_POINT('Origin',(10.,10.,7.3));
#4382=CARTESIAN_POINT('',(8.4,10.,7.9));
#4383=CARTESIAN_POINT('Origin',(10.,10.,6.));
#4384=CARTESIAN_POINT('',(9.,10.,6.));
#4385=CARTESIAN_POINT('Origin',(10.,10.,6.));
#4386=CARTESIAN_POINT('',(9.,10.,6.));
#4387=CARTESIAN_POINT('Origin',(-10.,10.,7.9));
#4388=CARTESIAN_POINT('',(-11.,10.,7.3));
#4389=CARTESIAN_POINT('Origin',(-10.,10.,7.3));
#4390=CARTESIAN_POINT('',(-11.6,10.,7.9));
#4391=CARTESIAN_POINT('Origin',(-10.,10.,6.));
#4392=CARTESIAN_POINT('',(-11.,10.,6.));
#4393=CARTESIAN_POINT('Origin',(-10.,10.,6.));
#4394=CARTESIAN_POINT('',(-11.,10.,6.));
#4395=CARTESIAN_POINT('Origin',(-15.3420824154091,-15.25,7.55));
#4396=CARTESIAN_POINT('',(-16.8420824154091,-15.25,6.6));
#4397=CARTESIAN_POINT('Origin',(-15.3420824154091,-15.25,6.6));
#4398=CARTESIAN_POINT('',(-17.7920824154091,-15.25,7.55));
#4399=CARTESIAN_POINT('Origin',(-15.3420824154091,-15.25,6.));
#4400=CARTESIAN_POINT('',(-16.8420824154091,-15.25,6.));
#4401=CARTESIAN_POINT('Origin',(-15.3420824154091,-15.25,6.));
#4402=CARTESIAN_POINT('',(-16.8420824154091,-15.25,6.));
#4403=CARTESIAN_POINT('Origin',(15.3420824154091,-15.25,7.55));
#4404=CARTESIAN_POINT('',(13.8420824154091,-15.25,6.6));
#4405=CARTESIAN_POINT('Origin',(15.3420824154091,-15.25,6.6));
#4406=CARTESIAN_POINT('',(12.8920824154091,-15.25,7.55));
#4407=CARTESIAN_POINT('Origin',(15.3420824154091,-15.25,6.));
#4408=CARTESIAN_POINT('',(13.8420824154091,-15.25,6.));
#4409=CARTESIAN_POINT('Origin',(15.3420824154091,-15.25,6.));
#4410=CARTESIAN_POINT('',(13.8420824154091,-15.25,6.));
#4411=CARTESIAN_POINT('Origin',(15.3420824154091,15.25,7.55));
#4412=CARTESIAN_POINT('',(13.8420824154091,15.25,6.6));
#4413=CARTESIAN_POINT('Origin',(15.3420824154091,15.25,6.6));
#4414=CARTESIAN_POINT('',(12.8920824154091,15.25,7.55));
#4415=CARTESIAN_POINT('Origin',(15.3420824154091,15.25,6.));
#4416=CARTESIAN_POINT('',(13.8420824154091,15.25,6.));
#4417=CARTESIAN_POINT('Origin',(15.3420824154091,15.25,6.));
#4418=CARTESIAN_POINT('',(13.8420824154091,15.25,6.));
#4419=CARTESIAN_POINT('Origin',(-15.3420824154091,15.25,7.55));
#4420=CARTESIAN_POINT('',(-16.8420824154091,15.25,6.6));
#4421=CARTESIAN_POINT('Origin',(-15.3420824154091,15.25,6.6));
#4422=CARTESIAN_POINT('',(-17.7920824154091,15.25,7.55));
#4423=CARTESIAN_POINT('Origin',(-15.3420824154091,15.25,6.));
#4424=CARTESIAN_POINT('',(-16.8420824154091,15.25,6.));
#4425=CARTESIAN_POINT('Origin',(-15.3420824154091,15.25,6.));
#4426=CARTESIAN_POINT('',(-16.8420824154091,15.25,6.));
#4427=CARTESIAN_POINT('Origin',(-29.4857827088672,-21.7867172238036,6.));
#4428=CARTESIAN_POINT('',(-30.9857827088672,-21.7867172238036,6.));
#4429=CARTESIAN_POINT('Origin',(-29.4857827088672,-21.7867172238036,6.));
#4430=CARTESIAN_POINT('',(-30.9857827088672,-21.7867172238036,6.));
#4431=CARTESIAN_POINT('Origin',(29.4857827088708,-21.7867172238036,6.));
#4432=CARTESIAN_POINT('',(27.9857827088708,-21.7867172238036,6.));
#4433=CARTESIAN_POINT('Origin',(29.4857827088708,-21.7867172238036,6.));
#4434=CARTESIAN_POINT('',(27.9857827088708,-21.7867172238036,6.));
#4435=CARTESIAN_POINT('Origin',(29.4857827088708,21.7867172238036,6.));
#4436=CARTESIAN_POINT('',(27.9857827088708,21.7867172238036,6.));
#4437=CARTESIAN_POINT('Origin',(29.4857827088708,21.7867172238036,6.));
#4438=CARTESIAN_POINT('',(27.9857827088708,21.7867172238036,6.));
#4439=CARTESIAN_POINT('Origin',(-29.4857827088672,21.7867172238036,6.));
#4440=CARTESIAN_POINT('',(-30.9857827088672,21.7867172238036,6.));
#4441=CARTESIAN_POINT('Origin',(-29.4857827088672,21.7867172238036,6.));
#4442=CARTESIAN_POINT('',(-30.9857827088672,21.7867172238036,6.));
#4443=CARTESIAN_POINT('Origin',(3.05459243297446,27.82833540416,6.));
#4444=CARTESIAN_POINT('',(3.05459243297446,17.82833540416,6.));
#4445=CARTESIAN_POINT('',(7.34214578301541,18.794128949216,6.));
#4446=CARTESIAN_POINT('Origin',(3.05459243297446,27.82833540416,6.));
#4447=CARTESIAN_POINT('',(3.05459243297446,17.82833540416,6.));
#4448=CARTESIAN_POINT('',(7.34214578301541,18.794128949216,6.));
#4449=CARTESIAN_POINT('Origin',(26.8560717733126,28.0552631915634,6.));
#4450=CARTESIAN_POINT('',(26.8560717733126,28.0552631915634,6.));
#4451=CARTESIAN_POINT('',(7.34214578301541,18.794128949216,6.));
#4452=CARTESIAN_POINT('',(26.8560717733126,28.0552631915634,6.));
#4453=CARTESIAN_POINT('Origin',(28.9998484483331,23.5381599640914,6.));
#4454=CARTESIAN_POINT('',(33.0211934020581,26.5094870687956,6.));
#4455=CARTESIAN_POINT('Origin',(28.9998484483331,23.5381599640914,6.));
#4456=CARTESIAN_POINT('',(33.0211934020581,26.5094870687956,6.));
#4457=CARTESIAN_POINT('Origin',(34.8244363464473,24.0690078959471,6.));
#4458=CARTESIAN_POINT('',(34.8244363464465,24.0690078959465,6.));
#4459=CARTESIAN_POINT('',(34.8244363464473,24.0690078959471,6.));
#4460=CARTESIAN_POINT('',(34.8244363464465,24.0690078959465,6.));
#4461=CARTESIAN_POINT('Origin',(30.8030913927214,21.0976807912423,6.));
#4462=CARTESIAN_POINT('',(34.6017257337093,17.8464691488746,6.));
#4463=CARTESIAN_POINT('Origin',(30.8030913927214,21.0976807912423,6.));
#4464=CARTESIAN_POINT('',(34.6017257337093,17.8464691488746,6.));
#4465=CARTESIAN_POINT('Origin',(24.8924748097852,6.50242328477725,6.));
#4466=CARTESIAN_POINT('',(24.8924748097875,6.50242328477529,6.));
#4467=CARTESIAN_POINT('',(34.601725733708,17.8464691488757,6.));
#4468=CARTESIAN_POINT('',(24.8924748097875,6.50242328477529,6.));
#4469=CARTESIAN_POINT('Origin',(32.4897434917657,4.47926E-11,6.));
#4470=CARTESIAN_POINT('',(24.8924748098039,-6.50242328470482,6.));
#4471=CARTESIAN_POINT('Origin',(32.4897434917657,4.47926E-11,6.));
#4472=CARTESIAN_POINT('',(24.8924748098039,-6.50242328470482,6.));
#4473=CARTESIAN_POINT('Origin',(34.6017257337616,-17.8464691487845,6.));
#4474=CARTESIAN_POINT('',(34.6017257337616,-17.8464691487845,6.));
#4475=CARTESIAN_POINT('',(24.8924748098039,-6.50242328470482,6.));
#4476=CARTESIAN_POINT('',(34.6017257337616,-17.8464691487845,6.));
#4477=CARTESIAN_POINT('Origin',(30.8030913927796,-21.0976807911591,6.));
#4478=CARTESIAN_POINT('',(34.8244363465126,-24.0690078958526,6.));
#4479=CARTESIAN_POINT('Origin',(30.8030913927796,-21.0976807911591,6.));
#4480=CARTESIAN_POINT('',(34.8244363465126,-24.0690078958526,6.));
#4481=CARTESIAN_POINT('Origin',(33.0211934021281,-26.5094870687074,6.));
#4482=CARTESIAN_POINT('',(33.0211934021275,-26.5094870687069,6.));
#4483=CARTESIAN_POINT('',(34.8244363465128,-24.0690078958528,6.));
#4484=CARTESIAN_POINT('',(33.0211934021275,-26.5094870687069,6.));
#4485=CARTESIAN_POINT('Origin',(28.9998484483949,-23.5381599640129,6.));
#4486=CARTESIAN_POINT('Origin',(28.9998484483949,-23.5381599640129,6.));
#4487=CARTESIAN_POINT('Origin',(-34.8244363464874,-24.0690078958996,6.));
#4488=CARTESIAN_POINT('',(-34.8244363464868,-24.0690078958993,6.));
#4489=CARTESIAN_POINT('',(-34.8244363464874,-24.0690078958996,6.));
#4490=CARTESIAN_POINT('',(-34.8244363464868,-24.0690078958993,6.));
#4491=CARTESIAN_POINT('Origin',(-30.8030913927578,-21.0976807912004,6.));
#4492=CARTESIAN_POINT('',(-34.6017257337434,-17.84646914883,6.));
#4493=CARTESIAN_POINT('Origin',(-30.8030913927578,-21.0976807912004,6.));
#4494=CARTESIAN_POINT('',(-34.6017257337434,-17.84646914883,6.));
#4495=CARTESIAN_POINT('Origin',(-24.8924748098078,-6.50242328474456,6.));
#4496=CARTESIAN_POINT('',(-24.8924748098078,-6.50242328474456,6.));
#4497=CARTESIAN_POINT('',(-24.8924748098078,-6.50242328474456,6.));
#4498=CARTESIAN_POINT('',(-24.8924748098078,-6.50242328474456,6.));
#4499=CARTESIAN_POINT('Origin',(-32.489743491773,1.1369E-12,6.));
#4500=CARTESIAN_POINT('',(-24.8924748098055,6.5024232847442,6.));
#4501=CARTESIAN_POINT('Origin',(-32.489743491773,1.1369E-12,6.));
#4502=CARTESIAN_POINT('',(-24.8924748098055,6.5024232847442,6.));
#4503=CARTESIAN_POINT('Origin',(-34.601725733742,17.8464691488289,6.));
#4504=CARTESIAN_POINT('',(-34.601725733742,17.8464691488289,6.));
#4505=CARTESIAN_POINT('',(-34.601725733742,17.8464691488289,6.));
#4506=CARTESIAN_POINT('',(-34.601725733742,17.8464691488289,6.));
#4507=CARTESIAN_POINT('Origin',(-30.8030913927578,21.0976807912009,6.));
#4508=CARTESIAN_POINT('',(-34.8244363464867,24.0690078958999,6.));
#4509=CARTESIAN_POINT('Origin',(-30.8030913927578,21.0976807912009,6.));
#4510=CARTESIAN_POINT('',(-34.8244363464867,24.0690078958999,6.));
#4511=CARTESIAN_POINT('Origin',(-33.0211934021026,26.5094870687519,6.));
#4512=CARTESIAN_POINT('',(-33.0211934021019,26.5094870687514,6.));
#4513=CARTESIAN_POINT('',(-34.8244363464874,24.0690078959003,6.));
#4514=CARTESIAN_POINT('',(-33.0211934021019,26.5094870687514,6.));
#4515=CARTESIAN_POINT('Origin',(-28.9998484483731,23.5381599640523,6.));
#4516=CARTESIAN_POINT('',(-26.8560717733558,28.0552631915258,6.));
#4517=CARTESIAN_POINT('Origin',(-28.9998484483731,23.5381599640523,6.));
#4518=CARTESIAN_POINT('',(-26.8560717733558,28.0552631915258,6.));
#4519=CARTESIAN_POINT('Origin',(-7.34214578305546,18.7941289492085,6.));
#4520=CARTESIAN_POINT('',(-7.34214578305546,18.7941289492085,6.));
#4521=CARTESIAN_POINT('',(-7.34214578305546,18.7941289492085,6.));
#4522=CARTESIAN_POINT('',(-7.34214578305546,18.7941289492085,6.));
#4523=CARTESIAN_POINT('Origin',(-3.05459243302175,27.828335404156,6.));
#4524=CARTESIAN_POINT('',(-3.05459243302175,17.8283354041559,6.));
#4525=CARTESIAN_POINT('Origin',(-3.05459243302175,27.828335404156,6.));
#4526=CARTESIAN_POINT('',(-3.05459243302175,17.8283354041559,6.));
#4527=CARTESIAN_POINT('Origin',(3.05459243297446,17.8283354041559,6.));
#4528=CARTESIAN_POINT('',(0.,17.8283354041559,6.));
#4529=CARTESIAN_POINT('Origin',(1.0911271886016E-11,1.96687111042593E-11,
6.));
#4530=UNCERTAINTY_MEASURE_WITH_UNIT(LENGTH_MEASURE(0.01),#4534,
'DISTANCE_ACCURACY_VALUE',
'Maximum model space distance between geometric entities at asserted c
onnectivities');
#4531=UNCERTAINTY_MEASURE_WITH_UNIT(LENGTH_MEASURE(0.01),#4534,
'DISTANCE_ACCURACY_VALUE',
'Maximum model space distance between geometric entities at asserted c
onnectivities');
#4532=(
GEOMETRIC_REPRESENTATION_CONTEXT(3)
GLOBAL_UNCERTAINTY_ASSIGNED_CONTEXT((#4530))
GLOBAL_UNIT_ASSIGNED_CONTEXT((#4534,#4535,#4536))
REPRESENTATION_CONTEXT('','3D')
);
#4533=(
GEOMETRIC_REPRESENTATION_CONTEXT(3)
GLOBAL_UNCERTAINTY_ASSIGNED_CONTEXT((#4531))
GLOBAL_UNIT_ASSIGNED_CONTEXT((#4534,#4535,#4536))
REPRESENTATION_CONTEXT('','3D')
);
#4534=(
LENGTH_UNIT()
NAMED_UNIT(*)
SI_UNIT(.MILLI.,.METRE.)
);
#4535=(
NAMED_UNIT(*)
PLANE_ANGLE_UNIT()
SI_UNIT($,.RADIAN.)
);
#4536=(
NAMED_UNIT(*)
SI_UNIT($,.STERADIAN.)
SOLID_ANGLE_UNIT()
);
#4537=SHAPE_DEFINITION_REPRESENTATION(#4538,#4539);
#4538=PRODUCT_DEFINITION_SHAPE('',$,#4541);
#4539=SHAPE_REPRESENTATION('',(#2670),#4532);
#4540=PRODUCT_DEFINITION_CONTEXT('part definition',#4545,'design');
#4541=PRODUCT_DEFINITION('JeNo_WAF1.4','JeNo 5_1.6.0',#4542,#4540);
#4542=PRODUCT_DEFINITION_FORMATION('',$,#4547);
#4543=PRODUCT_RELATED_PRODUCT_CATEGORY('JeNo 5_1.6.0','JeNo 5_1.6.0',(#4547));
#4544=APPLICATION_PROTOCOL_DEFINITION('international standard',
'automotive_design',2009,#4545);
#4545=APPLICATION_CONTEXT(
'Core Data for Automotive Mechanical Design Process');
#4546=PRODUCT_CONTEXT('part definition',#4545,'mechanical');
#4547=PRODUCT('JeNo_WAF1.4','JeNo 5_1.6.0',$,(#4546));
#4548=PRESENTATION_STYLE_ASSIGNMENT((#4555));
#4549=PRESENTATION_STYLE_ASSIGNMENT((#4556));
#4550=PRESENTATION_STYLE_ASSIGNMENT((#4557));
#4551=PRESENTATION_STYLE_ASSIGNMENT((#4558));
#4552=PRESENTATION_STYLE_ASSIGNMENT((#4559));
#4553=PRESENTATION_STYLE_ASSIGNMENT((#4560));
#4554=PRESENTATION_STYLE_ASSIGNMENT((#4561));
#4555=SURFACE_STYLE_USAGE(.BOTH.,#4562);
#4556=SURFACE_STYLE_USAGE(.BOTH.,#4563);
#4557=SURFACE_STYLE_USAGE(.BOTH.,#4564);
#4558=SURFACE_STYLE_USAGE(.BOTH.,#4565);
#4559=SURFACE_STYLE_USAGE(.BOTH.,#4566);
#4560=SURFACE_STYLE_USAGE(.BOTH.,#4567);
#4561=SURFACE_STYLE_USAGE(.BOTH.,#4568);
#4562=SURFACE_SIDE_STYLE('',(#4569));
#4563=SURFACE_SIDE_STYLE('',(#4570));
#4564=SURFACE_SIDE_STYLE('',(#4571));
#4565=SURFACE_SIDE_STYLE('',(#4572));
#4566=SURFACE_SIDE_STYLE('',(#4573));
#4567=SURFACE_SIDE_STYLE('',(#4574));
#4568=SURFACE_SIDE_STYLE('',(#4575));
#4569=SURFACE_STYLE_FILL_AREA(#4576);
#4570=SURFACE_STYLE_FILL_AREA(#4577);
#4571=SURFACE_STYLE_FILL_AREA(#4578);
#4572=SURFACE_STYLE_FILL_AREA(#4579);
#4573=SURFACE_STYLE_FILL_AREA(#4580);
#4574=SURFACE_STYLE_FILL_AREA(#4581);
#4575=SURFACE_STYLE_FILL_AREA(#4582);
#4576=FILL_AREA_STYLE('Opaque(160,160,160)',(#4583));
#4577=FILL_AREA_STYLE('Opaque(56,56,56)',(#4584));
#4578=FILL_AREA_STYLE('Steel - Satin',(#4585));
#4579=FILL_AREA_STYLE('Plastic - Glossy (Red)',(#4586));
#4580=FILL_AREA_STYLE('Opaque(63,63,63)',(#4587));
#4581=FILL_AREA_STYLE('Aluminum - Knurled',(#4588));
#4582=FILL_AREA_STYLE('Opaque(114,121,128)',(#4589));
#4583=FILL_AREA_STYLE_COLOUR('Opaque(160,160,160)',#4590);
#4584=FILL_AREA_STYLE_COLOUR('Opaque(56,56,56)',#4591);
#4585=FILL_AREA_STYLE_COLOUR('Steel - Satin',#4592);
#4586=FILL_AREA_STYLE_COLOUR('Plastic - Glossy (Red)',#4593);
#4587=FILL_AREA_STYLE_COLOUR('Opaque(63,63,63)',#4594);
#4588=FILL_AREA_STYLE_COLOUR('Aluminum - Knurled',#4595);
#4589=FILL_AREA_STYLE_COLOUR('Opaque(114,121,128)',#4596);
#4590=COLOUR_RGB('Opaque(160,160,160)',0.627450980392157,0.627450980392157,
0.627450980392157);
#4591=COLOUR_RGB('Opaque(56,56,56)',0.219607843137255,0.219607843137255,
0.219607843137255);
#4592=COLOUR_RGB('Steel - Satin',0.627450980392157,0.627450980392157,0.627450980392157);
#4593=COLOUR_RGB('Plastic - Glossy (Red)',0.843137254901961,0.145098039215686,
0.0823529411764706);
#4594=COLOUR_RGB('Opaque(63,63,63)',0.247058823529412,0.247058823529412,
0.247058823529412);
#4595=COLOUR_RGB('Aluminum - Knurled',0.968627450980392,0.0352941176470588,
0.345098039215686);
#4596=COLOUR_RGB('Opaque(114,121,128)',0.447058823529412,0.474509803921569,
0.501960784313725);
ENDSEC;
END-ISO-10303-21;
